"snps","gene","statistic","pvalue","FDR","beta","tissue"
"1-3421058","ENSSSAG00000116341",-189812531.248503,6.64689742203201e-64,3.60614216890892e-60,-0.101107886032881,"brain"
"1-3421148","ENSSSAG00000116341",-189812531.248503,6.64689742203201e-64,3.60614216890892e-60,-0.101107886032881,"brain"
"1-78962090","ENSSSAG00000082232",-189812531.248503,6.64689742203201e-64,3.60614216890892e-60,-0.0394033887747662,"brain"
"1-117872533","ENSSSAG00000114614",-189812531.248503,6.64689742203201e-64,3.60614216890892e-60,-0.0934839678393303,"brain"
"2-13524475","ENSSSAG00000114301",-189812531.248503,6.64689742203201e-64,3.60614216890892e-60,-0.0873146643267088,"brain"
"2-13526788","ENSSSAG00000114301",-189812531.248503,6.64689742203201e-64,3.60614216890892e-60,-0.0873146643267088,"brain"
"2-13554115","ENSSSAG00000114301",-189812531.248503,6.64689742203201e-64,3.60614216890892e-60,-0.0873146643267088,"brain"
"2-22596005","ENSSSAG00000103510",-189812531.248503,6.64689742203201e-64,3.60614216890892e-60,-0.10228127967302,"brain"
"2-22686587","ENSSSAG00000103510",-189812531.248503,6.64689742203201e-64,3.60614216890892e-60,-0.10228127967302,"brain"
"3-100908261","ENSSSAG00000104838",-189812531.248503,6.64689742203201e-64,3.60614216890892e-60,-0.464036918807218,"brain"
"4-1671621","ENSSSAG00000084189",-189812531.248503,6.64689742203201e-64,3.60614216890892e-60,-0.603316560509313,"brain"
"4-1713430","ENSSSAG00000084189",-189812531.248503,6.64689742203201e-64,3.60614216890892e-60,-0.603316560509313,"brain"
"4-5182932","ENSSSAG00000096712",189812531.248503,6.64689742203201e-64,3.60614216890892e-60,0.0947618476795574,"brain"
"4-5183076","ENSSSAG00000096712",189812531.248503,6.64689742203201e-64,3.60614216890892e-60,0.0947618476795574,"brain"
"5-3394204","ENSSSAG00000054456",-189812531.248503,6.64689742203201e-64,3.60614216890892e-60,-0.288141466913984,"brain"
"5-63899664","ENSSSAG00000121452",-189812531.248503,6.64689742203201e-64,3.60614216890892e-60,-0.103525432922981,"brain"
"5-75013229","ENSSSAG00000087453",-189812531.248503,6.64689742203201e-64,3.60614216890892e-60,-0.222827501375689,"brain"
"5-75013791","ENSSSAG00000087453",-189812531.248503,6.64689742203201e-64,3.60614216890892e-60,-0.222827501375689,"brain"
"5-75014207","ENSSSAG00000087453",-189812531.248503,6.64689742203201e-64,3.60614216890892e-60,-0.222827501375689,"brain"
"5-75014849","ENSSSAG00000087453",-189812531.248503,6.64689742203201e-64,3.60614216890892e-60,-0.222827501375689,"brain"
"5-75014934","ENSSSAG00000087453",-189812531.248503,6.64689742203201e-64,3.60614216890892e-60,-0.222827501375689,"brain"
"5-75063370","ENSSSAG00000087453",-189812531.248503,6.64689742203201e-64,3.60614216890892e-60,-0.222827501375689,"brain"
"6-21580971","ENSSSAG00000111923",-189812531.248503,6.64689742203201e-64,3.60614216890892e-60,-0.0757176410920225,"brain"
"6-21585723","ENSSSAG00000111923",-189812531.248503,6.64689742203201e-64,3.60614216890892e-60,-0.0757176410920225,"brain"
"6-21615668","ENSSSAG00000111923",-189812531.248503,6.64689742203201e-64,3.60614216890892e-60,-0.0757176410920225,"brain"
"6-21615983","ENSSSAG00000111923",-189812531.248503,6.64689742203201e-64,3.60614216890892e-60,-0.0757176410920225,"brain"
"6-21644911","ENSSSAG00000111923",-189812531.248503,6.64689742203201e-64,3.60614216890892e-60,-0.151435282184045,"brain"
"6-21665476","ENSSSAG00000111923",-189812531.248503,6.64689742203201e-64,3.60614216890892e-60,-0.0757176410920225,"brain"
"6-21703200","ENSSSAG00000111923",-189812531.248503,6.64689742203201e-64,3.60614216890892e-60,-0.0757176410920225,"brain"
"6-21703210","ENSSSAG00000111923",-189812531.248503,6.64689742203201e-64,3.60614216890892e-60,-0.0757176410920225,"brain"
"6-21716829","ENSSSAG00000111923",-189812531.248503,6.64689742203201e-64,3.60614216890892e-60,-0.0757176410920225,"brain"
"6-22085444","ENSSSAG00000114451",-189812531.248503,6.64689742203201e-64,3.60614216890892e-60,-0.057528773553338,"brain"
"6-33100614","ENSSSAG00000105207",-189812531.248503,6.64689742203201e-64,3.60614216890892e-60,-0.689243571381944,"brain"
"8-22826210","ENSSSAG00000101442",189812531.248503,6.64689742203201e-64,3.60614216890892e-60,0.395246407913833,"brain"
"9-61181928","ENSSSAG00000085476",189812531.248503,6.64689742203201e-64,3.60614216890892e-60,0.290195660740214,"brain"
"9-138068456","ENSSSAG00000072993",-189812531.248503,6.64689742203201e-64,3.60614216890892e-60,-0.533455427301117,"brain"
"10-92524081","ENSSSAG00000118565",189812531.248503,6.64689742203201e-64,3.60614216890892e-60,0.158307172488108,"brain"
"10-117532925","ENSSSAG00000099764",189812531.248503,6.64689742203201e-64,3.60614216890892e-60,0.361988899832491,"brain"
"11-90489415","ENSSSAG00000067260",-189812531.248503,6.64689742203201e-64,3.60614216890892e-60,-0.139716723961517,"brain"
"12-14709668","ENSSSAG00000103730",-189812531.248503,6.64689742203201e-64,3.60614216890892e-60,-0.114320157921266,"brain"
"12-79535973","ENSSSAG00000100380",-189812531.248503,6.64689742203201e-64,3.60614216890892e-60,-0.126572737244304,"brain"
"12-95428337","ENSSSAG00000088406",189812531.248503,6.64689742203201e-64,3.60614216890892e-60,0.694740909898403,"brain"
"13-11146852","ENSSSAG00000087389",-189812531.248503,6.64689742203201e-64,3.60614216890892e-60,-0.0337500068600125,"brain"
"13-38940133","ENSSSAG00000073465",-189812531.248503,6.64689742203201e-64,3.60614216890892e-60,-1.07010341172871,"brain"
"13-107182993","ENSSSAG00000121414",-189812531.248503,6.64689742203201e-64,3.60614216890892e-60,-0.474423845679227,"brain"
"13-108771530","ENSSSAG00000114061",-189812531.248503,6.64689742203201e-64,3.60614216890892e-60,-0.497582925012775,"brain"
"13-110612010","ENSSSAG00000095043",-189812531.248503,6.64689742203201e-64,3.60614216890892e-60,-0.0253346748872942,"brain"
"14-95148415","ENSSSAG00000091226",-189812531.248503,6.64689742203201e-64,3.60614216890892e-60,-0.172908223398506,"brain"
"15-12191885","ENSSSAG00000103977",189812531.248503,6.64689742203201e-64,3.60614216890892e-60,0.0263906184259568,"brain"
"15-19417806","ENSSSAG00000087346",189812531.248503,6.64689742203201e-64,3.60614216890892e-60,0.0709806306149435,"brain"
"15-19418195","ENSSSAG00000087346",189812531.248503,6.64689742203201e-64,3.60614216890892e-60,0.0709806306149435,"brain"
"15-19482407","ENSSSAG00000119570",-189812531.248503,6.64689742203201e-64,3.60614216890892e-60,-0.0700884045047864,"brain"
"16-84805452","ENSSSAG00000118840",189812531.248503,6.64689742203201e-64,3.60614216890892e-60,0.134613057414183,"brain"
"17-18978274","ENSSSAG00000109592",189812531.248503,6.64689742203201e-64,3.60614216890892e-60,0.158992368484803,"brain"
"17-18978433","ENSSSAG00000109592",189812531.248503,6.64689742203201e-64,3.60614216890892e-60,0.158992368484803,"brain"
"17-39665278","ENSSSAG00000090760",-189812531.248503,6.64689742203201e-64,3.60614216890892e-60,-0.105365815643781,"brain"
"17-53163243","ENSSSAG00000053143",-189812531.248503,6.64689742203201e-64,3.60614216890892e-60,-1.67540353977103,"brain"
"17-53164729","ENSSSAG00000053143",-189812531.248503,6.64689742203201e-64,3.60614216890892e-60,-1.67540353977103,"brain"
"17-53163243","ENSSSAG00000059303",-189812531.248503,6.64689742203201e-64,3.60614216890892e-60,-0.216465301360792,"brain"
"17-53164729","ENSSSAG00000059303",-189812531.248503,6.64689742203201e-64,3.60614216890892e-60,-0.216465301360792,"brain"
"18-64196284","ENSSSAG00000046809",-189812531.248503,6.64689742203201e-64,3.60614216890892e-60,-0.100294103036543,"brain"
"20-15239425","ENSSSAG00000052050",-189812531.248503,6.64689742203201e-64,3.60614216890892e-60,-1.72551816584597,"brain"
"20-54957927","ENSSSAG00000111742",-189812531.248503,6.64689742203201e-64,3.60614216890892e-60,-0.064296929456651,"brain"
"20-54997380","ENSSSAG00000111742",-189812531.248503,6.64689742203201e-64,3.60614216890892e-60,-0.064296929456651,"brain"
"20-54999049","ENSSSAG00000111742",-189812531.248503,6.64689742203201e-64,3.60614216890892e-60,-0.064296929456651,"brain"
"21-54389874","ENSSSAG00000117514",-189812531.248503,6.64689742203201e-64,3.60614216890892e-60,-0.213055234941478,"brain"
"21-54436740","ENSSSAG00000117514",-189812531.248503,6.64689742203201e-64,3.60614216890892e-60,-0.213055234941478,"brain"
"21-54389874","ENSSSAG00000101199",-189812531.248503,6.64689742203201e-64,3.60614216890892e-60,-0.266261276626809,"brain"
"21-54436740","ENSSSAG00000101199",-189812531.248503,6.64689742203201e-64,3.60614216890892e-60,-0.266261276626809,"brain"
"21-54549747","ENSSSAG00000101199",-189812531.248503,6.64689742203201e-64,3.60614216890892e-60,-0.266261276626809,"brain"
"22-48869480","ENSSSAG00000073320",-189812531.248503,6.64689742203201e-64,3.60614216890892e-60,-0.152784604313702,"brain"
"22-48869602","ENSSSAG00000073320",-189812531.248503,6.64689742203201e-64,3.60614216890892e-60,-0.152784604313702,"brain"
"22-48870157","ENSSSAG00000073320",-189812531.248503,6.64689742203201e-64,3.60614216890892e-60,-0.152784604313702,"brain"
"22-48870536","ENSSSAG00000073320",-189812531.248503,6.64689742203201e-64,3.60614216890892e-60,-0.152784604313702,"brain"
"22-48870703","ENSSSAG00000073320",-189812531.248503,6.64689742203201e-64,3.60614216890892e-60,-0.152784604313702,"brain"
"22-48872013","ENSSSAG00000073320",-189812531.248503,6.64689742203201e-64,3.60614216890892e-60,-0.152784604313702,"brain"
"22-48872068","ENSSSAG00000073320",-189812531.248503,6.64689742203201e-64,3.60614216890892e-60,-0.152784604313702,"brain"
"22-48872113","ENSSSAG00000073320",-189812531.248503,6.64689742203201e-64,3.60614216890892e-60,-0.152784604313702,"brain"
"22-48872596","ENSSSAG00000073320",-189812531.248503,6.64689742203201e-64,3.60614216890892e-60,-0.152784604313702,"brain"
"22-48872691","ENSSSAG00000073320",-189812531.248503,6.64689742203201e-64,3.60614216890892e-60,-0.152784604313702,"brain"
"22-48872813","ENSSSAG00000073320",-189812531.248503,6.64689742203201e-64,3.60614216890892e-60,-0.152784604313702,"brain"
"22-48872964","ENSSSAG00000073320",-189812531.248503,6.64689742203201e-64,3.60614216890892e-60,-0.152784604313702,"brain"
"22-48876171","ENSSSAG00000073320",-189812531.248503,6.64689742203201e-64,3.60614216890892e-60,-0.152784604313702,"brain"
"22-48881548","ENSSSAG00000073320",-189812531.248503,6.64689742203201e-64,3.60614216890892e-60,-0.152784604313702,"brain"
"22-48882478","ENSSSAG00000073320",-189812531.248503,6.64689742203201e-64,3.60614216890892e-60,-0.152784604313702,"brain"
"22-48884454","ENSSSAG00000073320",-189812531.248503,6.64689742203201e-64,3.60614216890892e-60,-0.152784604313702,"brain"
"22-48885088","ENSSSAG00000073320",-189812531.248503,6.64689742203201e-64,3.60614216890892e-60,-0.152784604313702,"brain"
"24-14807208","ENSSSAG00000083018",-189812531.248503,6.64689742203201e-64,3.60614216890892e-60,-0.22718736407123,"brain"
"24-20659643","ENSSSAG00000057083",-189812531.248503,6.64689742203201e-64,3.60614216890892e-60,-0.138769275931768,"brain"
"24-41652555","ENSSSAG00000109275",189812531.248503,6.64689742203201e-64,3.60614216890892e-60,0.233788294472681,"brain"
"24-47123936","ENSSSAG00000112777",-189812531.248503,6.64689742203201e-64,3.60614216890892e-60,-0.306145863015238,"brain"
"25-35602414","ENSSSAG00000104999",-189812531.248503,6.64689742203201e-64,3.60614216890892e-60,-0.0639170780818285,"brain"
"25-41696561","ENSSSAG00000101239",-189812531.248503,6.64689742203201e-64,3.60614216890892e-60,-0.0881528086419285,"brain"
"25-41699282","ENSSSAG00000101239",189812531.248503,6.64689742203201e-64,3.60614216890892e-60,0.0881528086419285,"brain"
"25-41700352","ENSSSAG00000101239",189812531.248503,6.64689742203201e-64,3.60614216890892e-60,0.0881528086419285,"brain"
"25-41705922","ENSSSAG00000101239",-189812531.248503,6.64689742203201e-64,3.60614216890892e-60,-0.0881528086419285,"brain"
"25-41707630","ENSSSAG00000101239",-189812531.248503,6.64689742203201e-64,3.60614216890892e-60,-0.0881528086419285,"brain"
"26-36185553","ENSSSAG00000099119",-189812531.248503,6.64689742203201e-64,3.60614216890892e-60,-0.0246145607639191,"brain"
"26-36204790","ENSSSAG00000099119",189812531.248503,6.64689742203201e-64,3.60614216890892e-60,0.0123072803819595,"brain"
"26-36204958","ENSSSAG00000099119",189812531.248503,6.64689742203201e-64,3.60614216890892e-60,0.0123072803819595,"brain"
"26-36225586","ENSSSAG00000099119",189812531.248503,6.64689742203201e-64,3.60614216890892e-60,0.0123072803819595,"brain"
"26-46713261","ENSSSAG00000092976",189812531.248503,6.64689742203201e-64,3.60614216890892e-60,0.129533285836468,"brain"
"26-46739098","ENSSSAG00000092976",189812531.248503,6.64689742203201e-64,3.60614216890892e-60,0.129533285836468,"brain"
"26-53102780","ENSSSAG00000098922",189812531.248503,6.64689742203201e-64,3.60614216890892e-60,0.717237660685432,"brain"
"26-53102973","ENSSSAG00000098922",189812531.248503,6.64689742203201e-64,3.60614216890892e-60,0.717237660685432,"brain"
"26-53102780","ENSSSAG00000114799",189812531.248503,6.64689742203201e-64,3.60614216890892e-60,0.469360297352142,"brain"
"26-53102973","ENSSSAG00000114799",189812531.248503,6.64689742203201e-64,3.60614216890892e-60,0.469360297352142,"brain"
"26-54581078","ENSSSAG00000058440",-189812531.248503,6.64689742203201e-64,3.60614216890892e-60,-0.62455565709353,"brain"
"26-54581182","ENSSSAG00000058440",-189812531.248503,6.64689742203201e-64,3.60614216890892e-60,-0.62455565709353,"brain"
"26-54581335","ENSSSAG00000058440",-189812531.248503,6.64689742203201e-64,3.60614216890892e-60,-0.62455565709353,"brain"
"26-54581567","ENSSSAG00000058440",-189812531.248503,6.64689742203201e-64,3.60614216890892e-60,-0.62455565709353,"brain"
"26-54581678","ENSSSAG00000058440",-189812531.248503,6.64689742203201e-64,3.60614216890892e-60,-0.62455565709353,"brain"
"26-54581736","ENSSSAG00000058440",-189812531.248503,6.64689742203201e-64,3.60614216890892e-60,-0.62455565709353,"brain"
"26-55449961","ENSSSAG00000108377",-189812531.248503,6.64689742203201e-64,3.60614216890892e-60,-0.0572363367799945,"brain"
"26-55453524","ENSSSAG00000108377",-189812531.248503,6.64689742203201e-64,3.60614216890892e-60,-0.0572363367799945,"brain"
"26-55457527","ENSSSAG00000108377",-189812531.248503,6.64689742203201e-64,3.60614216890892e-60,-0.114472673559989,"brain"
"27-28400735","ENSSSAG00000095697",-189812531.248503,6.64689742203201e-64,3.60614216890892e-60,-0.0064452792997746,"brain"
"27-28400770","ENSSSAG00000095697",-189812531.248503,6.64689742203201e-64,3.60614216890892e-60,-0.0064452792997746,"brain"
"27-28781963","ENSSSAG00000108185",-189812531.248503,6.64689742203201e-64,3.60614216890892e-60,-0.520261763039383,"brain"
"27-43501250","ENSSSAG00000084267",-189812531.248503,6.64689742203201e-64,3.60614216890892e-60,-0.0291542649902646,"brain"
"27-43501444","ENSSSAG00000084267",-189812531.248503,6.64689742203201e-64,3.60614216890892e-60,-0.0291542649902646,"brain"
"28-40272947","ENSSSAG00000097298",-189812531.248503,6.64689742203201e-64,3.60614216890892e-60,-0.0721690221759761,"brain"
"28-40301887","ENSSSAG00000097298",-189812531.248503,6.64689742203201e-64,3.60614216890892e-60,-0.0721690221759761,"brain"
"29-30074055","ENSSSAG00000082161",189812531.248503,6.64689742203201e-64,3.60614216890892e-60,0.326711180711555,"brain"
"29-30074809","ENSSSAG00000082161",189812531.248503,6.64689742203201e-64,3.60614216890892e-60,0.326711180711555,"brain"
"29-31749373","ENSSSAG00000084812",-189812531.248503,6.64689742203201e-64,3.60614216890892e-60,-0.0966810579032314,"brain"
"29-31750345","ENSSSAG00000084812",-189812531.248503,6.64689742203201e-64,3.60614216890892e-60,-0.0966810579032314,"brain"
"1-4844349","ENSSSAG00000055921",-134217728,1.0635035875251e-62,5.20915518957575e-59,-0.222971361668339,"brain"
"1-42820666","ENSSSAG00000095860",-134217728,1.0635035875251e-62,5.20915518957575e-59,-0.182241342026557,"brain"
"1-42820666","ENSSSAG00000110858",-134217728,1.0635035875251e-62,5.20915518957575e-59,-0.182241342026557,"brain"
"1-90192704","ENSSSAG00000091975",-134217728,1.0635035875251e-62,5.20915518957575e-59,-0.182640672537776,"brain"
"1-90192783","ENSSSAG00000091975",-134217728,1.0635035875251e-62,5.20915518957575e-59,-0.182640672537776,"brain"
"1-90193511","ENSSSAG00000091975",-134217728,1.0635035875251e-62,5.20915518957575e-59,-0.182640672537776,"brain"
"1-90193671","ENSSSAG00000091975",-134217728,1.0635035875251e-62,5.20915518957575e-59,-0.182640672537776,"brain"
"1-90192704","ENSSSAG00000000375",-134217728,1.0635035875251e-62,5.20915518957575e-59,-0.247619945409096,"brain"
"1-90192783","ENSSSAG00000000375",-134217728,1.0635035875251e-62,5.20915518957575e-59,-0.247619945409096,"brain"
"1-90193511","ENSSSAG00000000375",-134217728,1.0635035875251e-62,5.20915518957575e-59,-0.247619945409096,"brain"
"1-90193671","ENSSSAG00000000375",-134217728,1.0635035875251e-62,5.20915518957575e-59,-0.247619945409096,"brain"
"3-10989900","ENSSSAG00000005180",-134217728,1.0635035875251e-62,5.20915518957575e-59,-0.0641478198237518,"brain"
"3-61538397","ENSSSAG00000115173",-134217728,1.0635035875251e-62,5.20915518957575e-59,-0.345092121295653,"brain"
"3-61538400","ENSSSAG00000115173",-134217728,1.0635035875251e-62,5.20915518957575e-59,-0.345092121295653,"brain"
"3-61539402","ENSSSAG00000115173",-134217728,1.0635035875251e-62,5.20915518957575e-59,-0.345092121295653,"brain"
"3-61539953","ENSSSAG00000115173",-134217728,1.0635035875251e-62,5.20915518957575e-59,-0.345092121295653,"brain"
"3-61541686","ENSSSAG00000115173",-134217728,1.0635035875251e-62,5.20915518957575e-59,-0.345092121295653,"brain"
"3-61542823","ENSSSAG00000115173",-134217728,1.0635035875251e-62,5.20915518957575e-59,-0.345092121295653,"brain"
"3-61543318","ENSSSAG00000115173",-134217728,1.0635035875251e-62,5.20915518957575e-59,-0.345092121295653,"brain"
"3-61543971","ENSSSAG00000115173",-134217728,1.0635035875251e-62,5.20915518957575e-59,-0.345092121295653,"brain"
"3-101231225","ENSSSAG00000085741",134217728,1.0635035875251e-62,5.20915518957575e-59,0.3046357925216,"brain"
"3-101231443","ENSSSAG00000085741",134217728,1.0635035875251e-62,5.20915518957575e-59,0.3046357925216,"brain"
"4-3576887","ENSSSAG00000003226",-134217728,1.0635035875251e-62,5.20915518957575e-59,-0.0788889040614,"brain"
"4-9405955","ENSSSAG00000100319",134217728,1.0635035875251e-62,5.20915518957575e-59,1.25262295869445,"brain"
"4-75299769","ENSSSAG00000085788",-134217728,1.0635035875251e-62,5.20915518957575e-59,-0.111393778868007,"brain"
"4-85920257","ENSSSAG00000112744",134217728,1.0635035875251e-62,5.20915518957575e-59,0.138111015127019,"brain"
"7-40719509","ENSSSAG00000092212",-134217728,1.0635035875251e-62,5.20915518957575e-59,-0.0969134393511603,"brain"
"7-62569210","ENSSSAG00000118146",-134217728,1.0635035875251e-62,5.20915518957575e-59,-0.106681135085667,"brain"
"11-58636774","ENSSSAG00000070808",-134217728,1.0635035875251e-62,5.20915518957575e-59,-0.21360783049842,"brain"
"13-5848743","ENSSSAG00000084761",-134217728,1.0635035875251e-62,5.20915518957575e-59,-0.0104808831547089,"brain"
"13-5848900","ENSSSAG00000084761",-134217728,1.0635035875251e-62,5.20915518957575e-59,-0.0104808831547089,"brain"
"14-14021776","ENSSSAG00000111638",134217728,1.0635035875251e-62,5.20915518957575e-59,0.319526609923642,"brain"
"14-99279171","ENSSSAG00000052862",-134217728,1.0635035875251e-62,5.20915518957575e-59,-0.322780357756033,"brain"
"19-77458540","ENSSSAG00000120855",-134217728,1.0635035875251e-62,5.20915518957575e-59,-0.0889243793665609,"brain"
"19-82945094","ENSSSAG00000043733",-134217728,1.0635035875251e-62,5.20915518957575e-59,-0.232766699936237,"brain"
"19-82946835","ENSSSAG00000043733",-134217728,1.0635035875251e-62,5.20915518957575e-59,-0.232766699936237,"brain"
"21-49413261","ENSSSAG00000116901",-134217728,1.0635035875251e-62,5.20915518957575e-59,-0.199788124292587,"brain"
"21-49415988","ENSSSAG00000116901",-134217728,1.0635035875251e-62,5.20915518957575e-59,-0.199788124292587,"brain"
"21-49517662","ENSSSAG00000116901",-134217728,1.0635035875251e-62,5.20915518957575e-59,-0.199788124292587,"brain"
"21-49522180","ENSSSAG00000116901",-134217728,1.0635035875251e-62,5.20915518957575e-59,-0.0998940621462935,"brain"
"21-49546037","ENSSSAG00000116901",-134217728,1.0635035875251e-62,5.20915518957575e-59,-0.199788124292587,"brain"
"21-49578650","ENSSSAG00000116901",-134217728,1.0635035875251e-62,5.20915518957575e-59,-0.199788124292587,"brain"
"21-49578652","ENSSSAG00000116901",-134217728,1.0635035875251e-62,5.20915518957575e-59,-0.199788124292587,"brain"
"21-49579894","ENSSSAG00000116901",-134217728,1.0635035875251e-62,5.20915518957575e-59,-0.0998940621462935,"brain"
"21-49587106","ENSSSAG00000116901",-134217728,1.0635035875251e-62,5.20915518957575e-59,-0.199788124292587,"brain"
"21-49599129","ENSSSAG00000116901",-134217728,1.0635035875251e-62,5.20915518957575e-59,-0.199788124292587,"brain"
"21-49599656","ENSSSAG00000116901",-134217728,1.0635035875251e-62,5.20915518957575e-59,-0.199788124292587,"brain"
"21-49599742","ENSSSAG00000116901",-134217728,1.0635035875251e-62,5.20915518957575e-59,-0.199788124292587,"brain"
"21-49609275","ENSSSAG00000116901",-134217728,1.0635035875251e-62,5.20915518957575e-59,-0.199788124292587,"brain"
"25-36795992","ENSSSAG00000097095",-134217728,1.0635035875251e-62,5.20915518957575e-59,-0.118589821228474,"brain"
"26-36130130","ENSSSAG00000093643",134217728,1.0635035875251e-62,5.20915518957575e-59,0.0163928992061562,"brain"
"26-36130229","ENSSSAG00000093643",134217728,1.0635035875251e-62,5.20915518957575e-59,0.0163928992061562,"brain"
"26-38177903","ENSSSAG00000118904",-134217728,1.0635035875251e-62,5.20915518957575e-59,-0.100902694320279,"brain"
"26-52940920","ENSSSAG00000083914",134217728,1.0635035875251e-62,5.20915518957575e-59,0.312555644277798,"brain"
"28-40272484","ENSSSAG00000097298",-134217728,1.0635035875251e-62,5.20915518957575e-59,-0.0721690221759761,"brain"
"1-167501829","ENSSSAG00000100070",109588316.011887,5.38398691184588e-62,2.58238461095688e-58,0.130993174071517,"brain"
"1-167502309","ENSSSAG00000100070",109588316.011887,5.38398691184588e-62,2.58238461095688e-58,0.130993174071517,"brain"
"1-167502767","ENSSSAG00000100070",109588316.011887,5.38398691184588e-62,2.58238461095688e-58,0.130993174071517,"brain"
"2-72979496","ENSSSAG00000089213",-109588316.011887,5.38398691184588e-62,2.58238461095688e-58,-0.185233147330798,"brain"
"3-88282070","ENSSSAG00000001716",109588316.011887,5.38398691184588e-62,2.58238461095688e-58,0.0764785173328325,"brain"
"3-88282126","ENSSSAG00000001716",109588316.011887,5.38398691184588e-62,2.58238461095688e-58,0.0764785173328325,"brain"
"4-78390189","ENSSSAG00000107357",109588316.011887,5.38398691184588e-62,2.58238461095688e-58,0.114264854107072,"brain"
"17-74374927","ENSSSAG00000051726",109588316.011887,5.38398691184588e-62,2.58238461095688e-58,1.68546629655864,"brain"
"18-81655688","ENSSSAG00000111377",109588316.011887,5.38398691184588e-62,2.58238461095688e-58,0.229759219443826,"brain"
"21-32052621","ENSSSAG00000067336",109588316.011887,5.38398691184588e-62,2.58238461095688e-58,0.0927323145083514,"brain"
"21-32164514","ENSSSAG00000067336",109588316.011887,5.38398691184588e-62,2.58238461095688e-58,0.0927323145083514,"brain"
"21-32164597","ENSSSAG00000067336",109588316.011887,5.38398691184588e-62,2.58238461095688e-58,0.0927323145083514,"brain"
"22-50885006","ENSSSAG00000101500",-1152.61704503447,3.5952434726698e-22,1.71552456872348e-18,-0.0315640694974228,"brain"
"22-50885331","ENSSSAG00000101500",1152.61704499197,3.59524347373036e-22,1.71552456872348e-18,0.0315640694974228,"brain"
"22-50885512","ENSSSAG00000101500",1152.61704499197,3.59524347373036e-22,1.71552456872348e-18,0.0315640694974228,"brain"
"3-88143527","ENSSSAG00000040981",853.528151895821,3.97610691546085e-21,1.89399940014307e-17,0.130574575876944,"brain"
"25-48700978","ENSSSAG00000085474",360.693920165762,3.90851075340739e-18,1.85860681106058e-14,0.0640567417233565,"brain"
"17-30917915","ENSSSAG00000111439",252.888657486885,6.69248875965088e-17,3.17701723810859e-13,0.134984860282378,"brain"
"6-9238925","ENSSSAG00000100527",228.106726043198,1.52711917261538e-16,7.23705430546602e-13,0.32368879949548,"brain"
"3-31164270","ENSSSAG00000002002",204.115873703694,3.71452768908125e-16,1.75731959620187e-12,0.0556057831568139,"brain"
"16-75475443","ENSSSAG00000091650",199.13912973625,4.52532540366766e-16,2.13362089303139e-12,0.182930515969376,"brain"
"16-75490321","ENSSSAG00000091650",199.13912973625,4.52532540366766e-16,2.13362089303139e-12,0.182930515969376,"brain"
"17-82506241","ENSSSAG00000109550",179.902243505737,1.01985628298341e-15,4.7921646595714e-12,0.127625259730244,"brain"
"17-82506676","ENSSSAG00000109550",179.902243505737,1.01985628298341e-15,4.7921646595714e-12,0.127625259730244,"brain"
"26-37476609","ENSSSAG00000114341",-129.933705350235,1.37626717671214e-14,6.45594823307476e-11,-0.124100103292989,"brain"
"12-32709139","ENSSSAG00000054105",120.3514840365,2.53947028366406e-14,1.18923093108785e-10,0.0686463707474565,"brain"
"14-91451220","ENSSSAG00000114663",115.884290955388,3.43629445172738e-14,1.58775646017715e-10,0.268212579492937,"brain"
"14-91451357","ENSSSAG00000114663",115.884290955388,3.43629445172738e-14,1.58775646017715e-10,0.268212579492937,"brain"
"14-91453266","ENSSSAG00000114663",115.884290955388,3.43629445172738e-14,1.58775646017715e-10,0.268212579492937,"brain"
"14-91456573","ENSSSAG00000114663",115.884290955388,3.43629445172738e-14,1.58775646017715e-10,0.268212579492937,"brain"
"14-91459116","ENSSSAG00000114663",115.884290955388,3.43629445172738e-14,1.58775646017715e-10,0.268212579492937,"brain"
"14-91459642","ENSSSAG00000114663",115.884290955388,3.43629445172738e-14,1.58775646017715e-10,0.268212579492937,"brain"
"14-91465145","ENSSSAG00000114663",115.884290955388,3.43629445172738e-14,1.58775646017715e-10,0.268212579492937,"brain"
"14-91515182","ENSSSAG00000114663",115.884290955388,3.43629445172738e-14,1.58775646017715e-10,0.268212579492937,"brain"
"7-3320332","ENSSSAG00000092014",-108.819154229316,5.68223715785224e-14,2.62113658196195e-10,-0.107514462563822,"brain"
"7-3291949","ENSSSAG00000115340",108.083938135276,5.99871783340432e-14,2.7625281415887e-10,0.117285027070351,"brain"
"3-7713776","ENSSSAG00000083566",101.500845503166,9.91395980719023e-14,4.55045666859402e-10,0.0303402495205779,"brain"
"3-7714390","ENSSSAG00000083566",101.500845503166,9.91395980719023e-14,4.55045666859402e-10,0.0303402495205779,"brain"
"28-27684859","ENSSSAG00000102415",-98.0774745531307,1.30425969717685e-13,5.97659005291671e-10,-2.13628267547153,"brain"
"16-94362553","ENSSSAG00000087786",94.2605895438299,1.79130571426962e-13,8.04876625532475e-10,0.692910784031358,"brain"
"16-94362647","ENSSSAG00000087786",94.2605895438299,1.79130571426962e-13,8.04876625532475e-10,0.692910784031358,"brain"
"16-94362676","ENSSSAG00000087786",94.2605895438299,1.79130571426962e-13,8.04876625532475e-10,0.692910784031358,"brain"
"16-94363021","ENSSSAG00000087786",94.2605895438299,1.79130571426962e-13,8.04876625532475e-10,0.692910784031358,"brain"
"16-94363272","ENSSSAG00000087786",94.2605895438299,1.79130571426962e-13,8.04876625532475e-10,0.692910784031358,"brain"
"16-94363292","ENSSSAG00000087786",94.2605895438299,1.79130571426962e-13,8.04876625532475e-10,0.692910784031358,"brain"
"16-94364799","ENSSSAG00000087786",94.2605895438299,1.79130571426962e-13,8.04876625532475e-10,0.692910784031358,"brain"
"16-94365999","ENSSSAG00000087786",94.2605895438299,1.79130571426962e-13,8.04876625532475e-10,0.692910784031358,"brain"
"16-94378879","ENSSSAG00000087786",94.2605895438299,1.79130571426962e-13,8.04876625532475e-10,0.692910784031358,"brain"
"16-94379097","ENSSSAG00000087786",94.2605895438299,1.79130571426962e-13,8.04876625532475e-10,0.692910784031358,"brain"
"16-94379175","ENSSSAG00000087786",-94.2605895438299,1.79130571426962e-13,8.04876625532475e-10,-0.692910784031358,"brain"
"16-94379963","ENSSSAG00000087786",94.2605895438299,1.79130571426962e-13,8.04876625532475e-10,0.692910784031358,"brain"
"10-124869493","ENSSSAG00000087506",80.0419577670053,6.61797805214146e-13,2.9688046076562e-09,0.0169719298967568,"brain"
"1-98672942","ENSSSAG00000084445",78.7091541961337,7.56830082024577e-13,3.38963163888387e-09,0.50856388997045,"brain"
"9-154718895","ENSSSAG00000103518",76.4340444144777,9.56717695384085e-13,4.27796163181688e-09,0.444581088249322,"brain"
"12-8755509","ENSSSAG00000095628",-74.2502450171841,1.20605687933039e-12,5.37554093604042e-09,-3.75374597191632,"brain"
"12-8758953","ENSSSAG00000095628",-74.2502450171841,1.20605687933039e-12,5.37554093604042e-09,-3.75374597191632,"brain"
"24-44722669","ENSSSAG00000094329",-68.5642320446182,2.27918042244898e-12,1.01422760535916e-08,-0.0348381859593851,"brain"
"12-100198879","ENSSSAG00000092010",64.0576280560561,3.92288856765648e-12,1.7400860383812e-08,0.197049960621535,"brain"
"12-100198954","ENSSSAG00000092010",64.0576280560561,3.92288856765648e-12,1.7400860383812e-08,0.197049960621535,"brain"
"14-8438583","ENSSSAG00000089032",-63.4411092961824,4.23786616689463e-12,1.87679860584678e-08,-0.104005528036175,"brain"
"7-1346223","ENSSSAG00000104313",59.5989313864406,6.9789945448159e-12,3.08581642223842e-08,0.125109933006675,"brain"
"22-54128684","ENSSSAG00000114018",-56.9205439678969,1.00741847276463e-11,4.44728574391894e-08,-0.0753139010603315,"brain"
"29-31654389","ENSSSAG00000064944",54.6699844747159,1.39010330343222e-11,6.04047602053438e-08,0.525300199043702,"brain"
"29-31654651","ENSSSAG00000064944",54.6699844747159,1.39010330343222e-11,6.04047602053438e-08,0.525300199043702,"brain"
"29-31663980","ENSSSAG00000064944",54.6699844747159,1.39010330343222e-11,6.04047602053438e-08,0.525300199043702,"brain"
"29-31666339","ENSSSAG00000064944",54.6699844747159,1.39010330343222e-11,6.04047602053438e-08,0.525300199043702,"brain"
"29-31669838","ENSSSAG00000064944",54.6699844747159,1.39010330343222e-11,6.04047602053438e-08,0.525300199043702,"brain"
"29-31673338","ENSSSAG00000064944",54.6699844747159,1.39010330343222e-11,6.04047602053438e-08,0.525300199043702,"brain"
"29-31674830","ENSSSAG00000064944",54.6699844747159,1.39010330343222e-11,6.04047602053438e-08,0.525300199043702,"brain"
"29-31684050","ENSSSAG00000064944",54.6699844747159,1.39010330343222e-11,6.04047602053438e-08,0.525300199043702,"brain"
"29-31689566","ENSSSAG00000064944",54.6699844747159,1.39010330343222e-11,6.04047602053438e-08,0.525300199043702,"brain"
"29-31690998","ENSSSAG00000064944",54.6699844747159,1.39010330343222e-11,6.04047602053438e-08,0.525300199043702,"brain"
"2-76527582","ENSSSAG00000119633",51.3713546732724,2.28411203272117e-11,9.90971835299195e-08,0.0987704973923476,"brain"
"16-81807698","ENSSSAG00000112406",50.6985437914927,2.53743787204380e-11,1.09233114881449e-07,0.0895985070853568,"brain"
"16-81807905","ENSSSAG00000112406",50.6985437914927,2.53743787204380e-11,1.09233114881449e-07,0.0895985070853568,"brain"
"16-81807985","ENSSSAG00000112406",50.6985437914927,2.53743787204380e-11,1.09233114881449e-07,0.0895985070853568,"brain"
"16-81808760","ENSSSAG00000112406",50.6985437914927,2.53743787204380e-11,1.09233114881449e-07,0.0895985070853568,"brain"
"16-81808865","ENSSSAG00000112406",50.6985437914927,2.53743787204380e-11,1.09233114881449e-07,0.0895985070853568,"brain"
"1-16205238","ENSSSAG00000090250",49.8598913633126,2.8985721366957e-11,1.24585978188426e-07,0.0398795567915026,"brain"
"11-43404023","ENSSSAG00000057376",44.6298006617417,7.01376623511968e-11,3.00532728482892e-07,1.48082443503141,"brain"
"11-43418482","ENSSSAG00000057376",-44.6298006617417,7.01376623511968e-11,3.00532728482892e-07,-1.48082443503141,"brain"
"20-92680263","ENSSSAG00000064595",37.8264253924005,2.61901533392781e-10,1.11876304494495e-06,0.270216181222389,"brain"
"20-92680603","ENSSSAG00000064595",37.8264253924005,2.61901533392781e-10,1.11876304494495e-06,0.270216181222389,"brain"
"25-12209903","ENSSSAG00000076334",36.5023201773295,3.47772043605376e-10,1.48329003365607e-06,1.14839062212242,"brain"
"18-19543652","ENSSSAG00000086691",34.2724111970078,5.74179609550874e-10,2.44518399810532e-06,0.200865734086846,"brain"
"3-77373173","ENSSSAG00000099054",34.0695450116854,6.01932836654062e-10,2.55944150169987e-06,0.0929348161911119,"brain"
"28-33018066","ENSSSAG00000058290",-33.9796861589322,6.1470552456053e-10,2.60575833669662e-06,-0.890766459626662,"brain"
"28-33107274","ENSSSAG00000058290",-33.9796861589317,6.14705524560609e-10,2.60575833669662e-06,-0.890766459626662,"brain"
"12-66682418","ENSSSAG00000099974",33.6747062112925,6.60382779573792e-10,2.79085111419669e-06,1.10472473205415,"brain"
"12-66682791","ENSSSAG00000099974",33.6747062112925,6.60382779573792e-10,2.79085111419669e-06,1.10472473205415,"brain"
"1-2298975","ENSSSAG00000082077",32.0628610118495,9.75168065575834e-10,4.09619198192487e-06,0.488306278063806,"brain"
"1-2287031","ENSSSAG00000082077",-32.0628610118485,9.7516806557606e-10,4.09619198192487e-06,-0.488306278063806,"brain"
"1-2287316","ENSSSAG00000082077",-32.0628610118485,9.7516806557606e-10,4.09619198192487e-06,-0.488306278063806,"brain"
"1-2287554","ENSSSAG00000082077",-32.0628610118485,9.7516806557606e-10,4.09619198192487e-06,-0.488306278063806,"brain"
"13-103188660","ENSSSAG00000104158",-27.7720091103981,3.04947499795376e-09,1.2770616271309e-05,-0.0227361914833008,"brain"
"13-103018556","ENSSSAG00000104158",27.7720091103963,3.04947499795535e-09,1.2770616271309e-05,0.0227361914833008,"brain"
"11-95283454","ENSSSAG00000084291",27.4959423952485,3.30073499378891e-09,1.38019959948655e-05,0.348355048538005,"brain"
"15-103961009","ENSSSAG00000095717",27.3202249239947,3.47275449048653e-09,1.44342098708486e-05,0.0154415149305578,"brain"
"15-103961711","ENSSSAG00000095717",27.3202249239947,3.47275449048653e-09,1.44342098708486e-05,0.0154415149305578,"brain"
"15-103961009","ENSSSAG00000105029",27.3202249239947,3.47275449048653e-09,1.44342098708486e-05,0.0154415149305578,"brain"
"15-103961711","ENSSSAG00000105029",27.3202249239947,3.47275449048653e-09,1.44342098708486e-05,0.0154415149305578,"brain"
"11-32291633","ENSSSAG00000100952",27.140683803254,3.65899533680974e-09,1.51628383902901e-05,0.0427082127887074,"brain"
"11-32247407","ENSSSAG00000100952",27.1406838032535,3.65899533681034e-09,1.51628383902901e-05,0.0427082127887074,"brain"
"28-13039685","ENSSSAG00000069146",-26.9198749845602,3.90361621163237e-09,1.6152400639371e-05,-2.234836453437,"brain"
"17-42972368","ENSSSAG00000112415",-26.3011902816704,4.69283924362106e-09,1.93891122614437e-05,-0.132076928200322,"brain"
"13-13053730","ENSSSAG00000084355",-25.980778152564,5.1710417826981e-09,2.1175523034543e-05,-0.080143019380839,"brain"
"13-13053779","ENSSSAG00000084355",-25.980778152564,5.1710417826981e-09,2.1175523034543e-05,-0.080143019380839,"brain"
"13-13053832","ENSSSAG00000084355",-25.980778152564,5.1710417826981e-09,2.1175523034543e-05,-0.080143019380839,"brain"
"13-13058776","ENSSSAG00000084355",-25.980778152564,5.1710417826981e-09,2.1175523034543e-05,-0.080143019380839,"brain"
"13-13115951","ENSSSAG00000084355",-25.980778152564,5.1710417826981e-09,2.1175523034543e-05,-0.080143019380839,"brain"
"13-13117761","ENSSSAG00000084355",-25.980778152564,5.1710417826981e-09,2.1175523034543e-05,-0.080143019380839,"brain"
"15-68072212","ENSSSAG00000115529",-25.7944751910165,5.47414372370369e-09,2.23507030859966e-05,-0.361750150122863,"brain"
"15-68072299","ENSSSAG00000115529",-25.7944751910165,5.47414372370369e-09,2.23507030859966e-05,-0.361750150122863,"brain"
"28-2953409","ENSSSAG00000077442",25.6756502881588,5.67787463620964e-09,2.31484360475418e-05,0.150321229834576,"brain"
"11-95364652","ENSSSAG00000083533",25.1492316070065,6.68908514207756e-09,2.71911212945025e-05,0.0139018704644207,"brain"
"11-95364652","ENSSSAG00000112827",25.1492316070065,6.68908514207756e-09,2.71911212945025e-05,0.0139018704644207,"brain"
"6-35773417","ENSSSAG00000067422",-24.6260307948667,7.89897198400043e-09,3.20622973666646e-05,-0.0420310003825938,"brain"
"14-3919082","ENSSSAG00000046182",24.4579897137701,8.33833115746378e-09,3.36976636726537e-05,3.69520968435569,"brain"
"14-3925279","ENSSSAG00000046182",24.4579897137701,8.33833115746378e-09,3.36976636726537e-05,3.69520968435569,"brain"
"14-4077695","ENSSSAG00000046182",24.4579897137701,8.33833115746378e-09,3.36976636726537e-05,3.69520968435569,"brain"
"24-43887184","ENSSSAG00000053392",-24.1910033627345,9.09402533946661e-09,3.66981516380468e-05,-0.0374460864948198,"brain"
"1-157038046","ENSSSAG00000114798",-24.0182327437305,9.62397200758411e-09,3.87802568194966e-05,-0.253694760064023,"brain"
"10-114899262","ENSSSAG00000093671",-23.3635471771321,1.19717432633978e-08,4.81706981562735e-05,-1.26366240561749,"brain"
"27-28555833","ENSSSAG00000053160",-23.3522156943652,1.20176890671179e-08,4.82854897300782e-05,-0.409274817594263,"brain"
"15-94303610","ENSSSAG00000087210",-22.7490955436297,1.47746886336966e-08,5.92768419177533e-05,-1.00358089370169,"brain"
"1-55352055","ENSSSAG00000102297",-22.4907533296975,1.61677444265333e-08,6.47721195639693e-05,-0.461883007442691,"brain"
"18-82430747","ENSSSAG00000045477",21.8058008044952,2.06325181342604e-08,8.25398677729234e-05,0.220433459814265,"brain"
"22-27695940","ENSSSAG00000080334",-21.742392387361,2.11114849525622e-08,8.43342679640515e-05,-5.966493831484,"brain"
"18-38662048","ENSSSAG00000098269",21.2791877532546,2.50145150670864e-08,9.96385999158342e-05,0.362665581471537,"brain"
"18-38671092","ENSSSAG00000098269",21.2791877532546,2.50145150670864e-08,9.96385999158342e-05,0.362665581471537,"brain"
"1-19748090","ENSSSAG00000108244",-21.1539558099168,2.62045875362285e-08,0.000104229179282245,-0.421971369901672,"brain"
"19-12069833","ENSSSAG00000113636",-20.984336736249,2.79191575684515e-08,0.000110889814015168,-0.918288344225831,"brain"
"1-149203736","ENSSSAG00000120666",-20.6914411835574,3.11847971376134e-08,0.000123683143724925,-1.84066972536904,"brain"
"18-79687741","ENSSSAG00000109704",-20.611408495419,3.2150244987812e-08,0.00012733008076688,-0.255261427187983,"brain"
"24-25933992","ENSSSAG00000112712",-20.2964636773769,3.62893212525788e-08,0.000143517742794352,-0.821869975756757,"brain"
"25-53914575","ENSSSAG00000121042",-19.6594202195814,4.66246163067372e-08,0.000184129310400343,-0.100545385595046,"brain"
"15-1818007","ENSSSAG00000086875",-19.5207088579858,4.92905835025501e-08,0.000194380816601766,-1.07401213074807,"brain"
"13-13182515","ENSSSAG00000093194",-19.4510800965494,5.06930259793118e-08,0.000199627480142329,-0.0670204589503875,"brain"
"6-95288253","ENSSSAG00000120736",19.3062801671342,5.37553404610647e-08,0.000211386509595862,0.392085967357809,"brain"
"1-103940020","ENSSSAG00000040332",18.8210263814054,6.5636967025675e-08,0.000257379444352649,3.39964705733772,"brain"
"1-103978177","ENSSSAG00000040332",18.8210263814054,6.5636967025675e-08,0.000257379444352649,3.39964705733772,"brain"
"11-49835795","ENSSSAG00000092489",18.5880889733008,7.23679157508456e-08,0.000282574185219192,3.02726906198915,"brain"
"11-49836770","ENSSSAG00000092489",18.5880889733008,7.23679157508456e-08,0.000282574185219192,3.02726906198915,"brain"
"11-49904184","ENSSSAG00000092489",18.5880889733008,7.23679157508456e-08,0.000282574185219192,3.02726906198915,"brain"
"1-27263434","ENSSSAG00000001984",18.5368909411153,7.39491309183762e-08,0.000288342222461056,1.40998084747241,"brain"
"26-22766495","ENSSSAG00000091800",-18.4219769198888,7.76413506828585e-08,0.000302313719237722,-0.705634335912181,"brain"
"13-1586139","ENSSSAG00000041270",-18.3947624137518,7.85457753059458e-08,0.000305406354429393,-1.15152359824269,"brain"
"13-17460313","ENSSSAG00000084815",18.378843749247,7.9080281134725e-08,0.000306624554850293,1.92460093682744,"brain"
"13-17480633","ENSSSAG00000084815",18.3788437492469,7.90802811347282e-08,0.000306624554850293,1.92460093682744,"brain"
"4-52579565","ENSSSAG00000052655",-18.3402003516401,8.03948887813151e-08,0.000310852275620953,-0.879277128606902,"brain"
"4-52579678","ENSSSAG00000052655",18.34020035164,8.03948887813181e-08,0.000310852275620953,0.879277128606901,"brain"
"12-46876446","ENSSSAG00000096577",-18.2627495995564,8.31041884395933e-08,0.00032088043402862,-0.479650419440853,"brain"
"15-109596592","ENSSSAG00000120620",18.2523757056081,8.34747975022117e-08,0.000321446688285522,3.14922295699239,"brain"
"23-51386946","ENSSSAG00000117356",18.2521540052337,8.34827380031648e-08,0.000321446688285522,0.812164213135407,"brain"
"1-83924718","ENSSSAG00000002061",-18.1902025386476,8.57351986638782e-08,0.000326492002165702,-1.3469086099182,"brain"
"1-83951952","ENSSSAG00000002061",-18.1902025386476,8.57351986638782e-08,0.000326492002165702,-1.3469086099182,"brain"
"1-83979091","ENSSSAG00000002061",-18.1902025386476,8.57351986638782e-08,0.000326492002165702,-1.3469086099182,"brain"
"1-83993993","ENSSSAG00000002061",-18.1902025386476,8.57351986638782e-08,0.000326492002165702,-1.3469086099182,"brain"
"1-84004160","ENSSSAG00000002061",-18.1902025386476,8.57351986638782e-08,0.000326492002165702,-1.3469086099182,"brain"
"1-84005758","ENSSSAG00000002061",-18.1902025386476,8.57351986638782e-08,0.000326492002165702,-1.3469086099182,"brain"
"1-84035340","ENSSSAG00000002061",-18.1902025386476,8.57351986638782e-08,0.000326492002165702,-1.3469086099182,"brain"
"1-84084293","ENSSSAG00000002061",-18.1902025386476,8.57351986638782e-08,0.000326492002165702,-1.3469086099182,"brain"
"17-39710469","ENSSSAG00000095253",18.1022872436776,8.90496770887906e-08,0.000338648837083525,0.383254751829497,"brain"
"26-51422924","ENSSSAG00000108279",-18.0201215630691,9.22778734903219e-08,0.000350444691418562,-1.04377797476592,"brain"
"12-21416122","ENSSSAG00000005444",-18.0041826958823,9.29191877663518e-08,0.000352397481396857,-0.141580701463442,"brain"
"14-92386281","ENSSSAG00000086598",17.9969013488202,9.32138223738094e-08,0.000353031943945028,0.142701910683753,"brain"
"25-53450090","ENSSSAG00000082175",-17.9409055767882,9.55150105391997e-08,0.000360761626230421,-0.0446365858200345,"brain"
"25-53465207","ENSSSAG00000082175",17.9409055767882,9.55150105391997e-08,0.000360761626230421,0.0446365858200345,"brain"
"17-13091549","ENSSSAG00000096559",17.8747792470463,9.83150195433197e-08,0.000370832081381649,0.692173362876907,"brain"
"10-120312488","ENSSSAG00000041794",-17.8383688527578,9.98960067189557e-08,0.000375263680773938,-3.81054706218443,"brain"
"10-120313916","ENSSSAG00000041794",-17.8383688527578,9.98960067189557e-08,0.000375263680773938,-3.81054706218443,"brain"
"10-120339275","ENSSSAG00000041794",17.8383688527578,9.98960067189594e-08,0.000375263680773938,3.81054706218443,"brain"
"15-91030826","ENSSSAG00000090584",-17.8055045931766,1.01347545755991e-07,0.000380201272230258,-0.237640265177315,"brain"
"6-77148544","ENSSSAG00000119421",17.7612498653505,1.03339715449058e-07,0.000387150932420501,0.0893829931440624,"brain"
"3-82773442","ENSSSAG00000085352",-17.3153382897661,1.26063917763058e-07,0.000471647307784266,-0.404993651602799,"brain"
"10-121336655","ENSSSAG00000117608",16.6996141063604,1.67238853573929e-07,0.000624853266428244,1.11511834828329,"brain"
"1-43222040","ENSSSAG00000077395",-16.6875815917272,1.68181617089304e-07,0.000627529978901174,-0.295584928836407,"brain"
"6-29411444","ENSSSAG00000119791",16.6457049769849,1.71509488568644e-07,0.000639087001255405,3.42745644114761,"brain"
"13-87462495","ENSSSAG00000075649",16.5938222240247,1.75735434026659e-07,0.000653078337908435,2.19898000500778,"brain"
"13-87483156","ENSSSAG00000075649",16.5938222240247,1.75735434026659e-07,0.000653078337908435,2.19898000500778,"brain"
"14-62798851","ENSSSAG00000066379",16.5659537782463,1.78053508332682e-07,0.000659923669388283,3.16275498038184,"brain"
"14-62799328","ENSSSAG00000066379",16.5659537782463,1.78053508332682e-07,0.000659923669388283,3.16275498038184,"brain"
"2-94261773","ENSSSAG00000107671",16.5000867927878,1.83669845524823e-07,0.000678020291842859,3.2725557600057,"brain"
"2-94345170","ENSSSAG00000107671",16.5000867927878,1.83669845524823e-07,0.000678020291842859,3.2725557600057,"brain"
"2-94345782","ENSSSAG00000107671",16.5000867927878,1.83669845524823e-07,0.000678020291842859,3.2725557600057,"brain"
"26-46754925","ENSSSAG00000098649",16.4964302778348,1.83987401960545e-07,0.000678289375119516,0.426030386554066,"brain"
"19-1546387","ENSSSAG00000055104",16.2295825420662,2.08914580697297e-07,0.000766111045753912,0.086699950725667,"brain"
"19-1552727","ENSSSAG00000055104",16.2295825420662,2.08914580697297e-07,0.000766111045753912,0.086699950725667,"brain"
"19-1552870","ENSSSAG00000055104",16.2295825420662,2.08914580697297e-07,0.000766111045753912,0.086699950725667,"brain"
"19-1565916","ENSSSAG00000055104",16.2295825420662,2.08914580697297e-07,0.000766111045753912,0.086699950725667,"brain"
"1-2395281","ENSSSAG00000000041",16.0501351047436,2.27804102472017e-07,0.000832078945457442,0.936855379543656,"brain"
"1-2414415","ENSSSAG00000000041",16.0501351047436,2.27804102472017e-07,0.000832078945457442,0.936855379543656,"brain"
"1-2454518","ENSSSAG00000000041",-16.0501351047434,2.27804102472036e-07,0.000832078945457442,-0.936855379543655,"brain"
"29-41198124","ENSSSAG00000116141",15.9360796835977,2.40803314066238e-07,0.000872661452133255,3.63069499339735,"brain"
"29-41198645","ENSSSAG00000116141",15.9360796835977,2.40803314066238e-07,0.000872661452133255,3.63069499339735,"brain"
"29-41198725","ENSSSAG00000116141",15.9360796835977,2.40803314066238e-07,0.000872661452133255,3.63069499339735,"brain"
"29-41198793","ENSSSAG00000116141",15.9360796835977,2.40803314066238e-07,0.000872661452133255,3.63069499339735,"brain"
"29-41198865","ENSSSAG00000116141",15.9360796835977,2.40803314066238e-07,0.000872661452133255,3.63069499339735,"brain"
"29-41198899","ENSSSAG00000116141",15.9360796835977,2.40803314066238e-07,0.000872661452133255,3.63069499339735,"brain"
"22-18087189","ENSSSAG00000110425",15.8519301732512,2.50927779001465e-07,0.000902275432725489,1.66185742889373,"brain"
"22-18087495","ENSSSAG00000110425",15.8519301732512,2.50927779001465e-07,0.000902275432725489,1.66185742889373,"brain"
"22-18087992","ENSSSAG00000110425",15.8519301732512,2.50927779001465e-07,0.000902275432725489,1.66185742889373,"brain"
"22-18088951","ENSSSAG00000110425",15.8519301732512,2.50927779001465e-07,0.000902275432725489,1.66185742889373,"brain"
"22-18089912","ENSSSAG00000110425",15.8519301732512,2.50927779001465e-07,0.000902275432725489,1.66185742889373,"brain"
"22-18090178","ENSSSAG00000110425",15.8519301732512,2.50927779001465e-07,0.000902275432725489,1.66185742889373,"brain"
"1-97691986","ENSSSAG00000098891",-15.7468895057236,2.64241961566239e-07,0.000948919239724053,-0.144087852013437,"brain"
"7-42736400","ENSSSAG00000046597",-15.4086113812086,3.12811880083819e-07,0.00112188544204514,-2.27217590215467,"brain"
"1-162776929","ENSSSAG00000113476",15.3756221947175,3.18061155189165e-07,0.00113923793837781,0.0748439608844864,"brain"
"16-65417961","ENSSSAG00000119160",15.3626106376223,3.20158669626875e-07,0.0011452711798813,0.210759706035563,"brain"
"15-29877956","ENSSSAG00000040909",-15.2864900050908,3.32744793792439e-07,0.00118876036266727,-0.442188740578004,"brain"
"13-46734139","ENSSSAG00000109136",15.2705770254752,3.35445464142824e-07,0.00119686639403039,0.0871014878269505,"brain"
"27-40968771","ENSSSAG00000098796",15.2293824194137,3.42551686269797e-07,0.00121846625074358,3.55367594179194,"brain"
"27-40845786","ENSSSAG00000098796",-15.2293824194135,3.42551686269824e-07,0.00121846625074358,-3.55367594179194,"brain"
"18-79766308","ENSSSAG00000114326",-15.2278585323857,3.4281778085501e-07,0.00121846625074358,-1.55025121025399,"brain"
"11-109045264","ENSSSAG00000107645",-15.2177596129029,3.44587078617346e-07,0.00122162244383146,-0.604105279102248,"brain"
"11-108921500","ENSSSAG00000107645",-15.2177596129028,3.44587078617364e-07,0.00122162244383146,-0.604105279102248,"brain"
"27-42103768","ENSSSAG00000098912",-15.1998428807753,3.47751282178506e-07,0.00122969510761563,-0.785158568161294,"brain"
"27-42103973","ENSSSAG00000098912",-15.1998428807753,3.47751282178506e-07,0.00122969510761563,-0.785158568161294,"brain"
"11-106131069","ENSSSAG00000106024",15.0678471811296,3.72092438572493e-07,0.0013107530598923,2.05387403135694,"brain"
"11-106214830","ENSSSAG00000106024",15.0678471811296,3.72092438572493e-07,0.0013107530598923,2.05387403135694,"brain"
"11-106295304","ENSSSAG00000106024",15.0678471811296,3.72092438572493e-07,0.0013107530598923,2.05387403135694,"brain"
"3-26254833","ENSSSAG00000116739",15.0469503882093,3.76118416139753e-07,0.00132157666983309,0.472368632006163,"brain"
"3-26256662","ENSSSAG00000116739",15.0469503882093,3.76118416139753e-07,0.00132157666983309,0.472368632006163,"brain"
"7-5242352","ENSSSAG00000115435",-14.8824900696571,4.09563891709865e-07,0.00143727323334192,-0.625493309696349,"brain"
"5-74070852","ENSSSAG00000118551",14.8477388645352,4.17050215623806e-07,0.00144705933320417,0.212040302202305,"brain"
"5-74070894","ENSSSAG00000118551",14.8477388645352,4.17050215623806e-07,0.00144705933320417,0.212040302202305,"brain"
"5-74071003","ENSSSAG00000118551",14.8477388645352,4.17050215623806e-07,0.00144705933320417,0.212040302202305,"brain"
"5-74071555","ENSSSAG00000118551",14.8477388645352,4.17050215623806e-07,0.00144705933320417,0.212040302202305,"brain"
"5-74071898","ENSSSAG00000118551",14.8477388645352,4.17050215623806e-07,0.00144705933320417,0.212040302202305,"brain"
"5-74072101","ENSSSAG00000118551",14.8477388645352,4.17050215623806e-07,0.00144705933320417,0.212040302202305,"brain"
"5-74072657","ENSSSAG00000118551",14.8477388645352,4.17050215623806e-07,0.00144705933320417,0.212040302202305,"brain"
"5-74073331","ENSSSAG00000118551",14.8477388645352,4.17050215623806e-07,0.00144705933320417,0.212040302202305,"brain"
"5-74073367","ENSSSAG00000118551",14.8477388645352,4.17050215623806e-07,0.00144705933320417,0.212040302202305,"brain"
"11-47590375","ENSSSAG00000010002",-14.8407786741382,4.18567991394658e-07,0.00145051022626895,-0.0219301077302336,"brain"
"25-34170475","ENSSSAG00000112354",-14.8227580991626,4.22526502879369e-07,0.00146057665486416,-0.277245624634717,"brain"
"25-34170539","ENSSSAG00000112354",-14.8227580991626,4.22526502879369e-07,0.00146057665486416,-0.277245624634717,"brain"
"4-5188060","ENSSSAG00000107454",14.7055025026792,4.49332115952504e-07,0.0015493737011026,0.131670019690595,"brain"
"4-5188110","ENSSSAG00000107454",-14.7055025026792,4.49332115952504e-07,0.0015493737011026,-0.131670019690595,"brain"
"1-89723919","ENSSSAG00000102274",-14.7026661019916,4.50003741819477e-07,0.00154976201683807,-1.98829814775206,"brain"
"9-50303834","ENSSSAG00000003998",-14.6662525537868,4.58726739552017e-07,0.00157698532971026,-2.45287579640276,"brain"
"1-73294655","ENSSSAG00000074176",14.6649336527995,4.59046224699947e-07,0.00157698532971026,0.342861319167847,"brain"
"1-50797696","ENSSSAG00000103652",14.5987421537205,4.7540514271346e-07,0.00163116270283869,0.0823860841593582,"brain"
"23-37909084","ENSSSAG00000072331",-14.1924679716472,5.91344526964399e-07,0.00202645436476475,-0.192008710894942,"brain"
"12-7645273","ENSSSAG00000093783",-14.0485844460568,6.39754692727356e-07,0.00218964257720264,-0.116882486999049,"brain"
"25-45709213","ENSSSAG00000081159",14.0270452978263,6.47376771352665e-07,0.00221299802360957,0.790574324213578,"brain"
"23-17493306","ENSSSAG00000010024",13.9613188115313,6.71271747747393e-07,0.00229185484379407,2.4074533383861,"brain"
"28-29801260","ENSSSAG00000066303",13.9440383004177,6.77717067719154e-07,0.00231101436732199,0.401354310268154,"brain"
"9-75232420","ENSSSAG00000084336",-13.913481467739,6.89284640271605e-07,0.00234757223277585,-0.224210538068685,"brain"
"16-76157592","ENSSSAG00000111073",-13.8613111298661,7.09549069588256e-07,0.00241362388042029,-4.47164503344464,"brain"
"15-109591826","ENSSSAG00000122259",13.7844669670575,7.40624466832067e-07,0.00251316363220083,2.80357502630092,"brain"
"15-109596592","ENSSSAG00000122259",13.7844669670575,7.40624466832067e-07,0.00251316363220083,2.80357502630092,"brain"
"1-89902276","ENSSSAG00000000161",-13.7039051665865,7.74850488718348e-07,0.00262288214961911,-0.663745628449213,"brain"
"1-89910869","ENSSSAG00000000161",-13.7039051665865,7.74850488718348e-07,0.00262288214961911,-0.663745628449213,"brain"
"11-94273090","ENSSSAG00000009743",13.5853993225065,8.2846407572257e-07,0.00280094510071205,2.11237966817144,"brain"
"16-52804408","ENSSSAG00000098145",13.5798653881214,8.31067391137838e-07,0.00280632427455027,0.287130652869939,"brain"
"9-147113207","ENSSSAG00000068420",-13.5049114828861,8.67245604748709e-07,0.00292137319582914,-1.02997529589024,"brain"
"9-147113249","ENSSSAG00000068420",-13.5049114828861,8.67245604748709e-07,0.00292137319582914,-1.02997529589024,"brain"
"9-71657393","ENSSSAG00000066942",-13.4888281185675,8.7523647899388e-07,0.00293758289657703,-0.651888832307578,"brain"
"9-71658443","ENSSSAG00000066942",-13.4888281185675,8.7523647899388e-07,0.00293758289657703,-0.651888832307578,"brain"
"9-71658800","ENSSSAG00000066942",-13.4888281185675,8.7523647899388e-07,0.00293758289657703,-0.651888832307578,"brain"
"4-83542476","ENSSSAG00000067385",-13.3970119015956,9.22464300979612e-07,0.00309235130963785,-0.541171787089901,"brain"
"16-47749973","ENSSSAG00000042505",13.3869884146831,9.27790669587372e-07,0.00310645045800301,0.562133553407594,"brain"
"11-104132281","ENSSSAG00000096494",13.3378719434935,9.54393572475926e-07,0.00319166824896093,1.61580081647623,"brain"
"12-5027916","ENSSSAG00000083998",-13.308119516803,9.70923344174294e-07,0.003243034872086,-0.232997043582155,"brain"
"2-7650859","ENSSSAG00000002917",-13.2443854046788,1.00742278597182e-06,0.00336089940410406,-2.00161156678061,"brain"
"13-97033652","ENSSSAG00000055684",13.1947257173756,1.03692832596601e-06,0.00345517604446759,1.51486377324088,"brain"
"14-67570371","ENSSSAG00000004574",13.1898543631036,1.03987440642891e-06,0.00346083310120125,2.68116919128945,"brain"
"16-90074104","ENSSSAG00000121144",-13.1810441024018,1.04522648287645e-06,0.00346202113506154,-0.249315396272695,"brain"
"16-90078829","ENSSSAG00000121144",-13.1810441024018,1.04522648287645e-06,0.00346202113506154,-0.249315396272695,"brain"
"16-90074301","ENSSSAG00000121144",13.1810441024018,1.0452264828765e-06,0.00346202113506154,0.249315396272695,"brain"
"16-90074951","ENSSSAG00000121144",13.1810441024018,1.0452264828765e-06,0.00346202113506154,0.249315396272695,"brain"
"6-9253054","ENSSSAG00000002791",13.1318575039672,1.07567924373615e-06,0.00355863575430526,0.042334901066302,"brain"
"14-189910","ENSSSAG00000060043",-13.1147241886464,1.08651926755222e-06,0.00358167523721026,-1.23110268374479,"brain"
"14-133657","ENSSSAG00000060043",-13.1147241886463,1.08651926755224e-06,0.00358167523721026,-1.23110268374479,"brain"
"14-134126","ENSSSAG00000060043",-13.1147241886463,1.08651926755224e-06,0.00358167523721026,-1.23110268374479,"brain"
"1-60695812","ENSSSAG00000042518",13.0772446832417,1.11066117562041e-06,0.00365690996003155,1.99423326203,"brain"
"16-84769306","ENSSSAG00000100452",-13.0593275553752,1.12241401683917e-06,0.00369122292869481,-0.679965349969667,"brain"
"27-36265175","ENSSSAG00000065703",-13.0460550361915,1.13121000455097e-06,0.00371574206244878,-0.775694342913506,"brain"
"3-59930266","ENSSSAG00000001648",13.0342096896033,1.13912539626576e-06,0.00373731404817047,2.8809902701249,"brain"
"1-5964869","ENSSSAG00000057551",13.0137049908467,1.15297424108451e-06,0.00377827887093566,2.99881766268194,"brain"
"8-20436507","ENSSSAG00000003567",-12.7767775749415,1.32744638299627e-06,0.00434488560038448,-0.524028402998046,"brain"
"9-110498979","ENSSSAG00000004867",12.7601997440606,1.34071921816798e-06,0.00438315420917973,3.53011061903552,"brain"
"18-15190572","ENSSSAG00000076022",12.6177831731812,1.46106812731959e-06,0.00477097943503392,1.74541477921769,"brain"
"3-7456282","ENSSSAG00000117905",12.5982572860761,1.47849184781736e-06,0.00481087538259114,0.236950469668564,"brain"
"3-7456593","ENSSSAG00000117905",12.5982572860761,1.47849184781736e-06,0.00481087538259114,0.236950469668564,"brain"
"3-7457128","ENSSSAG00000117905",12.5982572860761,1.47849184781736e-06,0.00481087538259114,0.236950469668564,"brain"
"18-33320462","ENSSSAG00000102697",12.5755074125045,1.4990864850418e-06,0.00487216991323499,3.41236271784322,"brain"
"11-50633958","ENSSSAG00000101382",-12.5735410026936,1.50088162867323e-06,0.00487229234746841,-0.739934660171502,"brain"
"13-39229627","ENSSSAG00000121822",12.5586570943064,1.5145475111997e-06,0.00491090524815995,1.56698476223126,"brain"
"3-72444915","ENSSSAG00000000798",12.5495251732512,1.52300103972191e-06,0.00493254666991963,3.13923033506114,"brain"
"4-13230168","ENSSSAG00000083598",12.5334659430319,1.53799567974752e-06,0.00497529757857499,2.41825527475328,"brain"
"10-43192672","ENSSSAG00000051653",-12.5296277179287,1.54160388369221e-06,0.00498115752129668,-0.236044938142492,"brain"
"8-20250771","ENSSSAG00000003567",12.5238517682299,1.54705155799448e-06,0.00499294051073721,0.224369880954082,"brain"
"15-101962889","ENSSSAG00000088423",-12.5215690785813,1.54921044927222e-06,0.00499409425072141,-1.71946038699827,"brain"
"12-80301376","ENSSSAG00000077580",12.5162124412753,1.55428983113907e-06,0.0050046489817328,0.222610272800239,"brain"
"3-15391503","ENSSSAG00000085555",12.4912838572742,1.57817467823504e-06,0.00507566058878963,3.4870334785752,"brain"
"5-78897758","ENSSSAG00000042843",12.4867652166368,1.58254796424146e-06,0.00508382805927875,2.73908758650603,"brain"
"10-122285578","ENSSSAG00000039565",-12.3992103448211,1.67002229294062e-06,0.00534624853737388,-1.84911850224228,"brain"
"10-122298984","ENSSSAG00000039565",-12.3992103448211,1.67002229294062e-06,0.00534624853737388,-1.84911850224228,"brain"
"10-122299380","ENSSSAG00000039565",-12.3992103448211,1.67002229294062e-06,0.00534624853737388,-1.84911850224228,"brain"
"17-30369889","ENSSSAG00000020579",12.3945603564974,1.67481712374544e-06,0.00535541416592395,3.35107191181657,"brain"
"18-79766308","ENSSSAG00000052045",-12.3886068292106,1.68097860465722e-06,0.00536892365676355,-2.0777426303114,"brain"
"14-72607524","ENSSSAG00000007155",12.3739564798702,1.69624899751739e-06,0.00541146178025132,1.70344725556124,"brain"
"17-82806968","ENSSSAG00000084900",12.3491027322148,1.72251104000323e-06,0.00547633865713431,2.28939688641549,"brain"
"17-82826251","ENSSSAG00000084900",12.3491027322148,1.72251104000323e-06,0.00547633865713431,2.28939688641549,"brain"
"17-82866933","ENSSSAG00000084900",12.3491027322148,1.72251104000323e-06,0.00547633865713431,2.28939688641549,"brain"
"6-9855874","ENSSSAG00000073385",-12.2867166253912,1.7904600573404e-06,0.00567934135046504,-0.428205867403892,"brain"
"6-9951648","ENSSSAG00000073385",-12.2867166253912,1.7904600573404e-06,0.00567934135046504,-0.428205867403892,"brain"
"7-67901884","ENSSSAG00000114159",12.2683328996137,1.81105143945899e-06,0.00573809191554731,0.315108256338408,"brain"
"23-44151029","ENSSSAG00000057578",-12.2411759972831,1.84195621644944e-06,0.00582934775752631,-0.644354844610333,"brain"
"15-101962889","ENSSSAG00000069812",12.1873724506258,1.90494363778684e-06,0.00602181355804099,3.19745099966454,"brain"
"18-82908365","ENSSSAG00000110030",12.1787191253016,1.91529730000437e-06,0.006047647207772,0.860538076904549,"brain"
"2-68594518","ENSSSAG00000117099",-12.1720952973438,1.92326523321001e-06,0.00606589758898734,-0.0481841865646588,"brain"
"20-61855938","ENSSSAG00000053846",12.1618988673798,1.9356033198321e-06,0.00609095257215301,1.86555399593839,"brain"
"20-61856277","ENSSSAG00000053846",12.1618988673798,1.9356033198321e-06,0.00609095257215301,1.86555399593839,"brain"
"2-53198202","ENSSSAG00000001575",12.1280286048963,1.97722784814198e-06,0.006214882202961,1.68845644992032,"brain"
"12-13050160","ENSSSAG00000088983",12.0534965560044,2.07239724477656e-06,0.00649194009176739,2.76009158416278,"brain"
"12-13135466","ENSSSAG00000088983",12.0534965560044,2.07239724477656e-06,0.00649194009176739,2.76009158416278,"brain"
"12-13194172","ENSSSAG00000088983",12.0534965560044,2.07239724477656e-06,0.00649194009176739,2.76009158416278,"brain"
"1-39404721","ENSSSAG00000044699",-12.0274908751464,2.10680134867835e-06,0.00659226464580146,-1.5057588495914,"brain"
"14-93853721","ENSSSAG00000112609",-12.0051162922642,2.13691365271053e-06,0.00667142757872222,-0.66561328331565,"brain"
"14-94002401","ENSSSAG00000112609",-12.0051162922642,2.13691365271053e-06,0.00667142757872222,-0.66561328331565,"brain"
"11-57574335","ENSSSAG00000093005",11.9896774541732,2.15797238522804e-06,0.00672312601651742,1.05121878103354,"brain"
"15-30767877","ENSSSAG00000041322",-11.9894216488273,2.15832325625873e-06,0.00672312601651742,-2.17910279552094,"brain"
"3-96190553","ENSSSAG00000105593",11.9727443544591,2.18133670771925e-06,0.00675685252913364,2.75066724177708,"brain"
"3-96191070","ENSSSAG00000105593",11.9727443544591,2.18133670771925e-06,0.00675685252913364,2.75066724177708,"brain"
"3-96191415","ENSSSAG00000105593",11.9727443544591,2.18133670771925e-06,0.00675685252913364,2.75066724177708,"brain"
"3-96225644","ENSSSAG00000105593",-11.9727443544591,2.18133670771925e-06,0.00675685252913364,-2.75066724177708,"brain"
"3-96262204","ENSSSAG00000105593",11.9727443544591,2.18133670771925e-06,0.00675685252913364,2.75066724177708,"brain"
"16-49015128","ENSSSAG00000044915",-11.9480621594512,2.21590186755464e-06,0.00685626005421415,-1.23838047653603,"brain"
"6-55946122","ENSSSAG00000075607",11.9018230360087,2.28231735332597e-06,0.00705388471106892,2.06302434450795,"brain"
"1-159431174","ENSSSAG00000087711",11.8939547388021,2.29383922363385e-06,0.00708160022385035,0.483061294145849,"brain"
"20-54688590","ENSSSAG00000114216",11.8697177845345,2.32974134779926e-06,0.00718443770968073,2.78287331436676,"brain"
"1-103419562","ENSSSAG00000071995",11.8543488093065,2.3528328953254e-06,0.0072475854087384,1.0261241052093,"brain"
"3-894077","ENSSSAG00000039035",-11.8100891072024,2.4207752340239e-06,0.00744859643037321,-1.81041230184573,"brain"
"12-101294069","ENSSSAG00000038561",-11.8080381168625,2.42397646769637e-06,0.00745017766819536,-4.46627078450028,"brain"
"2-8503340","ENSSSAG00000085092",11.7981542276264,2.43947002029829e-06,0.00748949444286105,0.0893976882511856,"brain"
"25-38675833","ENSSSAG00000102422",11.7874352223955,2.45639800173664e-06,0.00753312324751828,2.48938791002151,"brain"
"14-45203065","ENSSSAG00000103520",-11.7640540505573,2.49378052995672e-06,0.00763931500865677,-0.243102753454156,"brain"
"1-75035709","ENSSSAG00000056700",-11.7329512950245,2.5444986987706e-06,0.00778607895481676,-2.91897588429742,"brain"
"1-162415857","ENSSSAG00000091989",-11.6639053215731,2.6612656529797e-06,0.00812544487495546,-0.880680672175637,"brain"
"1-162436051","ENSSSAG00000091989",-11.6639053215731,2.6612656529797e-06,0.00812544487495546,-0.880680672175637,"brain"
"4-17495095","ENSSSAG00000056252",-11.648531587894,2.68807330071515e-06,0.00819826574884304,-2.19848940703495,"brain"
"11-51509615","ENSSSAG00000065164",-11.625720088658,2.72840874940519e-06,0.00831213923058213,-0.74696484532245,"brain"
"9-146944333","ENSSSAG00000116874",-11.6209316105364,2.73696146718013e-06,0.0083199097010373,-0.67036664831885,"brain"
"9-146944414","ENSSSAG00000116874",-11.6209316105364,2.73696146718013e-06,0.0083199097010373,-0.67036664831885,"brain"
"28-14285964","ENSSSAG00000111738",11.5494890151835,2.86819260941349e-06,0.00870928099524938,2.99972835905086,"brain"
"11-96944021","ENSSSAG00000062603",-11.5271989639567,2.91056574303164e-06,0.00882827769782621,-2.16764448906472,"brain"
"10-117633838","ENSSSAG00000009198",11.5144394693369,2.93513619904507e-06,0.00888336594275415,1.08236445814648,"brain"
"10-117724346","ENSSSAG00000009198",-11.5144394693368,2.93513619904521e-06,0.00888336594275415,-1.08236445814648,"brain"
"6-95413619","ENSSSAG00000060021",11.5100820862961,2.94358010469348e-06,0.00889920663911098,0.885236263209755,"brain"
"26-37775779","ENSSSAG00000095249",-11.4927133689872,2.97750887995822e-06,0.00897421525570359,-4.35692073284112,"brain"
"26-37776001","ENSSSAG00000095249",-11.4927133689872,2.97750887995822e-06,0.00897421525570359,-4.35692073284112,"brain"
"12-81963728","ENSSSAG00000080512",11.4924118046743,2.97810181809132e-06,0.00897421525570359,1.67876186533927,"brain"
"18-37921700","ENSSSAG00000095871",11.4298748291737,3.10396446123299e-06,0.00926287480177152,2.54924443893199,"brain"
"18-37921702","ENSSSAG00000095871",11.4298748291737,3.10396446123299e-06,0.00926287480177152,2.54924443893199,"brain"
"18-37940708","ENSSSAG00000095871",11.4298748291737,3.10396446123299e-06,0.00926287480177152,2.54924443893199,"brain"
"18-38041689","ENSSSAG00000095871",11.4298748291737,3.10396446123299e-06,0.00926287480177152,2.54924443893199,"brain"
"18-38106424","ENSSSAG00000095871",11.4298748291737,3.10396446123299e-06,0.00926287480177152,2.54924443893199,"brain"
"18-37940772","ENSSSAG00000095871",-11.4298748291737,3.10396446123304e-06,0.00926287480177152,-2.54924443893199,"brain"
"18-37941223","ENSSSAG00000095871",-11.4298748291737,3.10396446123304e-06,0.00926287480177152,-2.54924443893199,"brain"
"18-37961139","ENSSSAG00000095871",11.4298748291737,3.10396446123304e-06,0.00926287480177152,2.54924443893199,"brain"
"18-38036000","ENSSSAG00000095871",-11.4298748291737,3.10396446123304e-06,0.00926287480177152,-2.54924443893199,"brain"
"14-84148353","ENSSSAG00000027129",11.4086665349005,3.14799053242822e-06,0.00937019316773419,1.05382671106984,"brain"
"14-84148482","ENSSSAG00000027129",11.4086665349005,3.14799053242822e-06,0.00937019316773419,1.05382671106984,"brain"
"10-73615621","ENSSSAG00000073763",-11.4076748153031,3.15006625560251e-06,0.00937019316773419,-1.39916173439582,"brain"
"26-15317487","ENSSSAG00000063294",-11.3928746521546,3.18122635716201e-06,0.00943251987756641,-0.889233178327015,"brain"
"26-15319981","ENSSSAG00000063294",-11.3928746521546,3.18122635716201e-06,0.00943251987756641,-0.889233178327015,"brain"
"26-15322895","ENSSSAG00000063294",-11.3928746521546,3.18122635716201e-06,0.00943251987756641,-0.889233178327015,"brain"
"9-83726589","ENSSSAG00000099341",-11.3635708437547,3.24394430950044e-06,0.00960820607223616,-0.0543567272096934,"brain"
"23-28344627","ENSSSAG00000096314",11.3589555754568,3.25394767139356e-06,0.00961728517471945,0.247895929910374,"brain"
"23-28344769","ENSSSAG00000096314",11.3589555754568,3.25394767139356e-06,0.00961728517471945,0.247895929910374,"brain"
"28-14008377","ENSSSAG00000010173",11.3354594926332,3.30541199900442e-06,0.00975898779743124,1.98554940285247,"brain"
"6-93904983","ENSSSAG00000115564",11.2726184704772,3.44758454927005e-06,0.0101679134318014,0.454349288682997,"brain"
"14-96635442","ENSSSAG00000099431",-11.262795136864,3.47042094504774e-06,0.0101944992441294,-0.183326225307352,"brain"
"3-1786822","ENSSSAG00000039569",11.2592677730012,3.47866226733781e-06,0.0101944992441294,0.921702280404224,"brain"
"3-1790527","ENSSSAG00000039569",11.2592677730012,3.47866226733781e-06,0.0101944992441294,0.921702280404224,"brain"
"3-1792392","ENSSSAG00000039569",11.2592677730012,3.47866226733781e-06,0.0101944992441294,0.921702280404224,"brain"
"3-1805307","ENSSSAG00000039569",11.2592677730012,3.47866226733781e-06,0.0101944992441294,0.921702280404224,"brain"
"3-1811809","ENSSSAG00000039569",11.2592677730012,3.47866226733781e-06,0.0101944992441294,0.921702280404224,"brain"
"2-73309736","ENSSSAG00000086740",-11.2464848206326,3.5087121655694e-06,0.0102717048461044,-0.738455651103077,"brain"
"13-13373388","ENSSSAG00000072459",-11.1731250815681,3.68687802168173e-06,0.01078189753056,-0.561461740742531,"brain"
"8-11420780","ENSSSAG00000068042",-11.1663750559709,3.70377319036946e-06,0.0108085029737724,-2.81742495317492,"brain"
"8-11420877","ENSSSAG00000068042",-11.1663750559709,3.70377319036946e-06,0.0108085029737724,-2.81742495317492,"brain"
"28-27461644","ENSSSAG00000079013",-11.1584199946421,3.72379574102257e-06,0.0108555067538521,-0.942303606066963,"brain"
"2-92450957","ENSSSAG00000094254",-11.1453382183232,3.75698566081476e-06,0.0109407566177111,-0.353567301200556,"brain"
"16-58561100","ENSSSAG00000095267",-11.104898323865,3.86169569156457e-06,0.0112338834783835,-1.19500310221226,"brain"
"11-102257912","ENSSSAG00000119249",-11.0946532585204,3.88873819452389e-06,0.0112888603875248,-2.03912422310223,"brain"
"11-102258054","ENSSSAG00000119249",-11.0946532585204,3.88873819452389e-06,0.0112888603875248,-2.03912422310223,"brain"
"28-30108622","ENSSSAG00000066394",-11.0649547573029,3.9683330398419e-06,0.0114972504046063,-0.759143385336198,"brain"
"28-28791829","ENSSSAG00000015372",11.0647759350335,3.96881778360657e-06,0.0114972504046063,1.90314571901383,"brain"
"17-23510635","ENSSSAG00000098158",11.0355684159614,4.04888783162956e-06,0.0117169615379684,2.28119647706833,"brain"
"26-48755426","ENSSSAG00000106858",10.9502812231367,4.2932210905111e-06,0.0123981472214955,2.63080572158064,"brain"
"26-48605837","ENSSSAG00000106858",-10.9502812231366,4.29322109051115e-06,0.0123981472214955,-2.63080572158064,"brain"
"5-33226539","ENSSSAG00000058603",10.9425437323691,4.31619071366922e-06,0.0124273152627267,1.52013393929599,"brain"
"1-29115426","ENSSSAG00000006694",10.9423494401866,4.31676925718621e-06,0.0124273152627267,2.92952384448582,"brain"
"1-29115747","ENSSSAG00000006694",10.9423494401866,4.31676925718621e-06,0.0124273152627267,2.92952384448582,"brain"
"18-67482286","ENSSSAG00000040458",-10.9272547186077,4.3619828386935e-06,0.0125228567417095,-0.801730286752779,"brain"
"10-53966910","ENSSSAG00000092851",10.9268312675456,4.36325882111817e-06,0.0125228567417095,0.842386721594478,"brain"
"9-157387314","ENSSSAG00000101390",10.9267486093697,4.36350794313782e-06,0.0125228567417095,2.49840667802205,"brain"
"1-161263098","ENSSSAG00000070917",-10.8995182544999,4.44644894597318e-06,0.0126560773716025,-0.579713489519601,"brain"
"1-161268470","ENSSSAG00000070917",10.8995182544999,4.44644894597318e-06,0.0126560773716025,0.579713489519601,"brain"
"1-161279166","ENSSSAG00000070917",-10.8995182544999,4.44644894597318e-06,0.0126560773716025,-0.579713489519601,"brain"
"1-161280483","ENSSSAG00000070917",-10.8995182544999,4.44644894597318e-06,0.0126560773716025,-0.579713489519601,"brain"
"1-161280901","ENSSSAG00000070917",10.8995182544999,4.44644894597318e-06,0.0126560773716025,0.579713489519601,"brain"
"1-161283853","ENSSSAG00000070917",-10.8995182544999,4.44644894597318e-06,0.0126560773716025,-0.579713489519601,"brain"
"1-161283910","ENSSSAG00000070917",-10.8995182544999,4.44644894597318e-06,0.0126560773716025,-0.579713489519601,"brain"
"1-161303273","ENSSSAG00000070917",-10.8995182544999,4.44644894597318e-06,0.0126560773716025,-0.579713489519601,"brain"
"21-58723933","ENSSSAG00000055805",10.8760259544145,4.51942151082833e-06,0.0128242817990718,1.3029347560328,"brain"
"21-58724279","ENSSSAG00000055805",10.8760259544145,4.51942151082833e-06,0.0128242817990718,1.3029347560328,"brain"
"21-58726161","ENSSSAG00000055805",10.8760259544145,4.51942151082833e-06,0.0128242817990718,1.3029347560328,"brain"
"6-8824909","ENSSSAG00000097802",-10.8733980537585,4.52766727465286e-06,0.012834543239132,-0.529467786899569,"brain"
"18-74626629","ENSSSAG00000095138",10.8301268670711,4.665889014486e-06,0.0131993667608581,1.89368778132173,"brain"
"18-74673796","ENSSSAG00000095138",10.8301268670711,4.665889014486e-06,0.0131993667608581,1.89368778132173,"brain"
"4-75925535","ENSSSAG00000075796",10.8270695757708,4.67583188761831e-06,0.0132140105414567,3.61755641110425,"brain"
"27-22761270","ENSSSAG00000076149",10.8116995076689,4.72617825027038e-06,0.0133426894321729,2.26530167952998,"brain"
"28-27684859","ENSSSAG00000098253",-10.8059791543144,4.74507034522179e-06,0.013382396871921,-0.114124125087174,"brain"
"15-83775531","ENSSSAG00000078540",10.7774316310145,4.84062196547735e-06,0.0136380047285873,0.0715432104317241,"brain"
"5-68320315","ENSSSAG00000094438",10.7499663218072,4.93458473506461e-06,0.0138886216893167,1.11632459961931,"brain"
"16-67547484","ENSSSAG00000065378",10.7399558923213,4.96933720740679e-06,0.0139722491388163,3.2088516551244,"brain"
"12-32293181","ENSSSAG00000040780",-10.7328857197046,4.99404698050374e-06,0.0140155506669882,-0.784316606975987,"brain"
"13-37068893","ENSSSAG00000077167",-10.7312155113505,4.99990427169755e-06,0.0140155506669882,-0.799913321523538,"brain"
"13-37158263","ENSSSAG00000077167",10.7312155113504,4.99990427169766e-06,0.0140155506669882,0.799913321523537,"brain"
"18-82892123","ENSSSAG00000084342",-10.7275677765253,5.01272330162422e-06,0.0140372910889582,-0.529182728720616,"brain"
"1-157038046","ENSSSAG00000113808",-10.7210786281113,5.03561862307699e-06,0.0140871761268379,-0.113242364632187,"brain"
"26-50690040","ENSSSAG00000008806",10.6938478232803,5.13297789681688e-06,0.0143306178043348,0.345706630875133,"brain"
"26-50845154","ENSSSAG00000008806",10.6938478232803,5.13297789681688e-06,0.0143306178043348,0.345706630875133,"brain"
"2-25694043","ENSSSAG00000017261",-10.6592554012491,5.25970360266344e-06,0.0146696467093243,-3.64820249779896,"brain"
"22-29267341","ENSSSAG00000057321",10.6530005407435,5.2829887793356e-06,0.0147050030116734,0.870290098668407,"brain"
"22-29267449","ENSSSAG00000057321",10.6530005407435,5.2829887793356e-06,0.0147050030116734,0.870290098668407,"brain"
"13-80198558","ENSSSAG00000119416",-10.5940288280872,5.50827709959207e-06,0.0153167064626229,-1.35746653405428,"brain"
"13-624276","ENSSSAG00000110115",10.5816077554959,5.55708550954617e-06,0.0154214908043996,1.06519053379525,"brain"
"13-718084","ENSSSAG00000110115",10.5816077554959,5.55708550954639e-06,0.0154214908043996,1.06519053379525,"brain"
"14-66988352","ENSSSAG00000071749",10.5699104521665,5.60349196945302e-06,0.0155347232881817,1.55170099099573,"brain"
"12-96107946","ENSSSAG00000079104",10.5530137205012,5.67129223962803e-06,0.0157069809624333,2.88736238857351,"brain"
"11-108004107","ENSSSAG00000113688",-10.5482698842705,5.69049188477706e-06,0.0157287294879684,-0.576476656304541,"brain"
"11-107911420","ENSSSAG00000113688",10.5482698842705,5.69049188477714e-06,0.0157287294879684,1.15295331260908,"brain"
"1-142925533","ENSSSAG00000063697",10.5329188980973,5.75312104339565e-06,0.0158729094935368,2.58225305122483,"brain"
"17-81305077","ENSSSAG00000104959",-10.5326790476554,5.75410567829592e-06,0.0158729094935368,-0.4299978404879,"brain"
"18-38805980","ENSSSAG00000121658",-10.4893698173094,5.93502405209154e-06,0.0163557050649214,-1.33114971355404,"brain"
"4-82937578","ENSSSAG00000122069",-10.4707943209381,6.01456050811957e-06,0.0165256100286569,-0.500824614631206,"brain"
"4-82904891","ENSSSAG00000122069",-10.4707943209381,6.01456050811965e-06,0.0165256100286569,-0.500824614631206,"brain"
"4-82906004","ENSSSAG00000122069",-10.4707943209381,6.01456050811965e-06,0.0165256100286569,-0.500824614631206,"brain"
"11-33977910","ENSSSAG00000119293",-10.4652579048673,6.03849607442892e-06,0.0165749483005203,-0.222539809942833,"brain"
"15-19408971","ENSSSAG00000098167",10.4510731106733,6.1003080961904e-06,0.0167280524668679,0.0347526461975696,"brain"
"6-55946122","ENSSSAG00000110268",10.4285046434653,6.20011504923002e-06,0.0169849394805502,2.02547091274877,"brain"
"11-103671322","ENSSSAG00000093205",10.4233312975224,6.22324980665583e-06,0.0170314865875976,0.246869627111579,"brain"
"26-36716764","ENSSSAG00000099544",-10.4173452942313,6.250139097994e-06,0.0170882069777146,-1.15031836022528,"brain"
"4-89962460","ENSSSAG00000001452",10.4076558861826,6.29393963780133e-06,0.0171571989991409,1.36204607452499,"brain"
"4-90055935","ENSSSAG00000001452",10.4076558861825,6.2939396378014e-06,0.0171571989991409,1.36204607452499,"brain"
"4-90056053","ENSSSAG00000001452",10.4076558861825,6.2939396378014e-06,0.0171571989991409,1.36204607452499,"brain"
"26-51422924","ENSSSAG00000110886",-10.391626426905,6.36715480782289e-06,0.0173397327320401,-0.918622414514935,"brain"
"13-84685610","ENSSSAG00000004654",-10.3805656221931,6.41823000870074e-06,0.0174616733874301,-1.98882556425714,"brain"
"26-55858240","ENSSSAG00000114977",10.3596580766538,6.51602898668013e-06,0.0177103687496215,2.06060553881886,"brain"
"4-52615594","ENSSSAG00000052655",-10.3260375230112,6.67680481755279e-06,0.0180941345288771,-1.34308374041087,"brain"
"4-52678404","ENSSSAG00000052655",-10.3260375230112,6.67680481755279e-06,0.0180941345288771,-1.34308374041087,"brain"
"4-52680157","ENSSSAG00000052655",-10.3260375230112,6.67680481755279e-06,0.0180941345288771,-1.34308374041087,"brain"
"22-27695940","ENSSSAG00000080016",-10.3167271085266,6.72210767241023e-06,0.0181813600403372,-1.55555030407399,"brain"
"22-27523771","ENSSSAG00000080016",10.3167271085266,6.72210767241032e-06,0.0181813600403372,1.55555030407398,"brain"
"26-3633241","ENSSSAG00000065176",10.2859114329166,6.87451736692415e-06,0.0185393228184124,1.9499998285281,"brain"
"26-3428419","ENSSSAG00000065176",10.2859114329165,6.87451736692433e-06,0.0185393228184124,1.9499998285281,"brain"
"26-3436376","ENSSSAG00000065176",10.2859114329165,6.87451736692433e-06,0.0185393228184124,1.9499998285281,"brain"
"2-13673334","ENSSSAG00000089002",10.2715038609209,6.9470958000873e-06,0.0187168466009332,0.798324240504968,"brain"
"17-18634105","ENSSSAG00000089488",-10.257570230531,7.01810149382536e-06,0.0188533595284289,-0.719734028487541,"brain"
"17-18634109","ENSSSAG00000089488",-10.257570230531,7.01810149382536e-06,0.0188533595284289,-0.719734028487541,"brain"
"9-138573287","ENSSSAG00000072946",10.2562313011413,7.02496723616389e-06,0.0188533595284289,0.558078699118807,"brain"
"9-138574094","ENSSSAG00000072946",10.2562313011413,7.02496723616389e-06,0.0188533595284289,0.558078699118807,"brain"
"27-42707135","ENSSSAG00000116859",10.2448216037529,7.08377893054646e-06,0.0189928102115502,0.294718352275081,"brain"
"1-160916376","ENSSSAG00000066908",10.2226492920923,7.19964577287526e-06,0.0192497102812256,1.23067599877117,"brain"
"1-160776192","ENSSSAG00000066908",10.2226492920923,7.19964577287535e-06,0.0192497102812256,1.23067599877117,"brain"
"5-78897758","ENSSSAG00000104003",10.222501358345,7.20042590963445e-06,0.0192497102812256,1.60950137590665,"brain"
"13-3409362","ENSSSAG00000050346",10.1985220233987,7.32813889591397e-06,0.0195722658739598,1.48415414994499,"brain"
"26-46667413","ENSSSAG00000098649",-10.1919013260073,7.36384460004741e-06,0.0196298076309662,-0.690696801262501,"brain"
"26-46673906","ENSSSAG00000098649",10.1919013260073,7.36384460004741e-06,0.0196298076309662,0.690696801262501,"brain"
"15-47780901","ENSSSAG00000093540",10.1677909947757,7.49552394439019e-06,0.0197948755788925,2.79912161922935,"brain"
"15-47797280","ENSSSAG00000093540",10.1677909947757,7.49552394439038e-06,0.0197948755788925,2.79912161922935,"brain"
"15-47797253","ENSSSAG00000093540",-10.1677909947757,7.49552394439046e-06,0.0197948755788925,-2.79912161922935,"brain"
"25-15963932","ENSSSAG00000115615",-10.1636163944625,7.51858959906048e-06,0.0197948755788925,-0.0719713320176523,"brain"
"25-15964121","ENSSSAG00000115615",10.1636163944625,7.51858959906048e-06,0.0197948755788925,0.0719713320176523,"brain"
"25-15964350","ENSSSAG00000115615",10.1636163944625,7.51858959906048e-06,0.0197948755788925,0.0719713320176523,"brain"
"25-15964366","ENSSSAG00000115615",10.1636163944625,7.51858959906048e-06,0.0197948755788925,0.0719713320176523,"brain"
"25-15964490","ENSSSAG00000115615",10.1636163944625,7.51858959906048e-06,0.0197948755788925,0.0719713320176523,"brain"
"25-15964540","ENSSSAG00000115615",10.1636163944625,7.51858959906048e-06,0.0197948755788925,0.0719713320176523,"brain"
"25-15964750","ENSSSAG00000115615",10.1636163944625,7.51858959906048e-06,0.0197948755788925,0.0719713320176523,"brain"
"25-15964839","ENSSSAG00000115615",10.1636163944625,7.51858959906048e-06,0.0197948755788925,0.0719713320176523,"brain"
"25-15965290","ENSSSAG00000115615",10.1636163944625,7.51858959906048e-06,0.0197948755788925,0.0719713320176523,"brain"
"25-15970056","ENSSSAG00000115615",-10.1636163944625,7.51858959906048e-06,0.0197948755788925,-0.0719713320176523,"brain"
"3-91814826","ENSSSAG00000089937",10.1577797880446,7.55097119366054e-06,0.019823651911316,2.43309154246316,"brain"
"3-91946048","ENSSSAG00000089937",10.1577797880446,7.55097119366054e-06,0.019823651911316,2.43309154246316,"brain"
"3-91946809","ENSSSAG00000089937",10.1577797880446,7.55097119366054e-06,0.019823651911316,2.43309154246316,"brain"
"14-11119658","ENSSSAG00000103063",10.1506903623798,7.59051305759637e-06,0.0199018105578317,3.0570817082825,"brain"
"6-92052420","ENSSSAG00000111685",10.1485888885956,7.60227858264423e-06,0.0199018105578317,1.92286566908329,"brain"
"6-91920698","ENSSSAG00000111685",-10.1485888885955,7.60227858264434e-06,0.0199018105578317,-1.92286566908329,"brain"
"1-110713313","ENSSSAG00000119796",10.1444846493111,7.62531575286264e-06,0.0199244900997341,2.78319315118737,"brain"
"1-110713717","ENSSSAG00000119796",10.1444846493111,7.62531575286264e-06,0.0199244900997341,2.78319315118737,"brain"
"13-17460313","ENSSSAG00000004211",10.1330596564486,7.68985594639905e-06,0.0200553251608888,2.18801907711334,"brain"
"13-17480633","ENSSSAG00000004211",10.1330596564486,7.68985594639916e-06,0.0200553251608888,2.18801907711334,"brain"
"6-29348882","ENSSSAG00000110429",-10.1210380142809,7.7584258554375e-06,0.0201961586792293,-2.07035403197928,"brain"
"6-29411444","ENSSSAG00000110429",10.1210380142809,7.7584258554375e-06,0.0201961586792293,2.07035403197928,"brain"
"17-27930860","ENSSSAG00000087831",10.1189381720084,7.7704729767564e-06,0.0202085436934128,0.442379399890937,"brain"
"29-26747063","ENSSSAG00000077050",-10.0770585365802,8.01515857788831e-06,0.0208253576055094,-1.29081568250523,"brain"
"22-56831734","ENSSSAG00000048986",-10.0590131369822,8.12323231975337e-06,0.0210487530255676,-3.14113784495422,"brain"
"22-56923334","ENSSSAG00000048986",10.0590131369821,8.12323231975347e-06,0.0210487530255676,3.14113784495422,"brain"
"2-21673324","ENSSSAG00000007866",10.0588999659949,8.12391521257303e-06,0.0210487530255676,0.188187077834735,"brain"
"12-83966458","ENSSSAG00000081375",-10.030570288012,8.29689460877335e-06,0.0214368327435657,-0.761878556637697,"brain"
"12-83966740","ENSSSAG00000081375",-10.030570288012,8.29689460877335e-06,0.0214368327435657,-0.761878556637697,"brain"
"12-83968595","ENSSSAG00000081375",-10.030570288012,8.29689460877335e-06,0.0214368327435657,-0.761878556637697,"brain"
"16-71581433","ENSSSAG00000066645",-9.98127724930435,8.60776329660759e-06,0.0221633667176504,-0.628223463392939,"brain"
"16-71603217","ENSSSAG00000066645",-9.98127724930435,8.60776329660759e-06,0.0221633667176504,-0.628223463392939,"brain"
"16-71603865","ENSSSAG00000066645",-9.98127724930435,8.60776329660759e-06,0.0221633667176504,-0.628223463392939,"brain"
"15-4601826","ENSSSAG00000074181",9.97843838393906,8.62605869950674e-06,0.0221633667176504,1.13892981295128,"brain"
"15-4686430","ENSSSAG00000074181",9.97843838393906,8.62605869950674e-06,0.0221633667176504,1.13892981295128,"brain"
"15-4686686","ENSSSAG00000074181",9.97843838393906,8.62605869950674e-06,0.0221633667176504,1.13892981295128,"brain"
"9-147314243","ENSSSAG00000064422",9.97609600972136,8.64118708967129e-06,0.0221816792251123,2.20588369254418,"brain"
"9-86614759","ENSSSAG00000060663",9.96525241457211,8.71160816856577e-06,0.0223417612972727,0.194161451777771,"brain"
"11-107804629","ENSSSAG00000006664",-9.93630550144814,8.90275460211507e-06,0.0227898104924539,-1.34056984719242,"brain"
"11-107860326","ENSSSAG00000006664",9.93630550144811,8.90275460211526e-06,0.0227898104924539,1.34056984719242,"brain"
"3-85498202","ENSSSAG00000120882",-9.92569062309666,8.97401758508273e-06,0.0228827058425199,-0.334720510873075,"brain"
"3-85498489","ENSSSAG00000120882",-9.92569062309666,8.97401758508273e-06,0.0228827058425199,-0.334720510873075,"brain"
"3-85507517","ENSSSAG00000120882",-9.92569062309666,8.97401758508273e-06,0.0228827058425199,-0.167360255436538,"brain"
"3-85508757","ENSSSAG00000120882",-9.92569062309663,8.97401758508294e-06,0.0228827058425199,-0.334720510873075,"brain"
"19-14857460","ENSSSAG00000070310",-9.92475732774921,8.98031364843844e-06,0.0228827058425199,-0.63610832818749,"brain"
"18-82618248","ENSSSAG00000116693",9.90148134702049,9.13894051541547e-06,0.0232185050188588,1.68854590736196,"brain"
"18-82630856","ENSSSAG00000116693",9.90148134702049,9.13894051541547e-06,0.0232185050188588,3.37709181472393,"brain"
"18-82445803","ENSSSAG00000116693",-9.90148134702048,9.13894051541557e-06,0.0232185050188588,-3.37709181472393,"brain"
"4-75925535","ENSSSAG00000045443",9.90051429725332,9.14559833287963e-06,0.0232185050188588,2.99821931824083,"brain"
"29-27484472","ENSSSAG00000099356",9.88802337550622,9.23208246639749e-06,0.0234166239267935,3.13172124996853,"brain"
"15-101461355","ENSSSAG00000118666",-9.85793960455101,9.4441460233002e-06,0.0238897766370531,-2.37967072202378,"brain"
"19-11291686","ENSSSAG00000096313",-9.85789335800115,9.44447617660439e-06,0.0238897766370531,-1.04745124176995,"brain"
"19-11387943","ENSSSAG00000096313",-9.85789335800111,9.44447617660466e-06,0.0238897766370531,-1.04745124176995,"brain"
"23-26573958","ENSSSAG00000071889",-9.83275862986952,9.62583320400298e-06,0.0243263231910851,-0.975899273721742,"brain"
"28-41298204","ENSSSAG00000104516",9.79540645743862,9.90256598295971e-06,0.0249570206058119,1.39828966182419,"brain"
"11-94203952","ENSSSAG00000010021",9.79456681962235,9.90888783971276e-06,0.0249570206058119,0.988532629995171,"brain"
"11-94203965","ENSSSAG00000010021",9.79456681962235,9.90888783971276e-06,0.0249570206058119,0.988532629995171,"brain"
"4-50128341","ENSSSAG00000044275",9.79303821300153,9.9204086916108e-06,0.0249570206058119,1.1128204573528,"brain"
"4-50129198","ENSSSAG00000044275",9.79303821300153,9.9204086916108e-06,0.0249570206058119,1.1128204573528,"brain"
"3-13667533","ENSSSAG00000046991",-9.79153261185263,9.93177076753721e-06,0.024962952058201,-0.366408956750216,"brain"
"9-59652127","ENSSSAG00000005067",9.78345040587279,9.99301216612565e-06,0.0250941281028107,1.71235870641232,"brain"
"16-54989925","ENSSSAG00000116049",9.76979667519434,1.00974302617132e-05,0.0253333925249096,1.4367158748139,"brain"
"10-121336655","ENSSSAG00000070596",9.75783224101969,1.01899307666002e-05,0.0255423513311374,0.858616029110239,"brain"
"11-95430608","ENSSSAG00000040974",9.74542043512671,1.02868903754393e-05,0.0257620998262431,2.43104586444346,"brain"
"16-66962366","ENSSSAG00000041231",9.73808094231265,1.03447097304189e-05,0.0258601792445649,1.33696465325246,"brain"
"16-66962860","ENSSSAG00000041231",9.73808094231265,1.03447097304189e-05,0.0258601792445649,1.33696465325246,"brain"
"12-5066717","ENSSSAG00000088228",-9.70704430048191,1.059325257678e-05,0.0264576408314703,-0.340528417333372,"brain"
"1-139041642","ENSSSAG00000091553",-9.70353196359256,1.06217966861215e-05,0.0264812185117252,-0.861190305936726,"brain"
"1-139047179","ENSSSAG00000091553",-9.70353196359256,1.06217966861215e-05,0.0264812185117252,-0.861190305936726,"brain"
"29-29294104","ENSSSAG00000110702",9.68637208670234,1.07624912025849e-05,0.0267358122519454,1.85951515799518,"brain"
"29-29294167","ENSSSAG00000110702",9.68637208670234,1.07624912025849e-05,0.0267358122519454,1.85951515799518,"brain"
"29-29294268","ENSSSAG00000110702",9.68637208670234,1.07624912025849e-05,0.0267358122519454,1.85951515799518,"brain"
"29-29393270","ENSSSAG00000110702",9.68637208670234,1.07624912025849e-05,0.0267358122519454,1.85951515799518,"brain"
"10-122285578","ENSSSAG00000121936",9.67926466091036,1.08213731683846e-05,0.0268100148834088,2.24655720049335,"brain"
"10-122298984","ENSSSAG00000121936",9.67926466091036,1.08213731683846e-05,0.0268100148834088,2.24655720049335,"brain"
"10-122299380","ENSSSAG00000121936",9.67926466091036,1.08213731683846e-05,0.0268100148834088,2.24655720049335,"brain"
"12-19878006","ENSSSAG00000088691",-9.67159798321242,1.08852915344914e-05,0.0268962650575094,-1.22691163499639,"brain"
"12-19878358","ENSSSAG00000088691",-9.67159798321242,1.08852915344914e-05,0.0268962650575094,-1.22691163499639,"brain"
"12-19808214","ENSSSAG00000088691",-9.6715979832124,1.08852915344916e-05,0.0268962650575094,-1.22691163499639,"brain"
"6-94529210","ENSSSAG00000097224",9.66072059648803,1.09767020350796e-05,0.0270979780732058,1.17837565449374,"brain"
"15-109104649","ENSSSAG00000099557",9.64977312367002,1.1069567007775e-05,0.0272998088595899,0.126119879833097,"brain"
"14-62798851","ENSSSAG00000066354",-9.64694213697076,1.10937240361887e-05,0.0272998088595899,-0.781832906848423,"brain"
"14-62799328","ENSSSAG00000066354",-9.64694213697076,1.10937240361887e-05,0.0272998088595899,-0.781832906848423,"brain"
"13-66159250","ENSSSAG00000080446",9.64645958600801,1.10978475443419e-05,0.0272998088595899,2.04979323619604,"brain"
"12-100176484","ENSSSAG00000111615",-9.64414553643281,1.11176453998538e-05,0.0273242648525987,-0.551707585053931,"brain"
"3-72444915","ENSSSAG00000114501",9.61121938509427,1.14036561768983e-05,0.0280023797389232,2.46204109835795,"brain"
"12-32474144","ENSSSAG00000041853",9.59795199342233,1.15212147078642e-05,0.0282660156193261,1.70342112189687,"brain"
"14-41849881","ENSSSAG00000065364",-9.59594745452391,1.15390936169794e-05,0.0282848486897143,-0.919553138619809,"brain"
"1-81194759","ENSSSAG00000000160",9.58057024740876,1.16772800563296e-05,0.0285730469031634,1.55486541523301,"brain"
"1-81317201","ENSSSAG00000000160",9.58057024740876,1.16772800563296e-05,0.0285730469031634,1.55486541523301,"brain"
"13-97128666","ENSSSAG00000073397",-9.57228003341538,1.17525447588871e-05,0.0287318524328577,-0.565493630565177,"brain"
"16-94172744","ENSSSAG00000004949",-9.57081989648795,1.17658569259792e-05,0.0287390540667339,-1.80238400960237,"brain"
"1-147543923","ENSSSAG00000049635",-9.54287722677546,1.20238806369531e-05,0.0293434445267285,-1.95672464027845,"brain"
"18-41134422","ENSSSAG00000087029",9.53980259833022,1.20526552072333e-05,0.0293877973245506,0.641001623544711,"brain"
"2-30921247","ENSSSAG00000068860",9.53729172958689,1.20762106864878e-05,0.0294193577295783,0.805646696158077,"brain"
"9-130510553","ENSSSAG00000120435",-9.53313543363264,1.21153155127078e-05,0.0294887098683317,-0.565578971552359,"brain"
"12-19878006","ENSSSAG00000001379",-9.5291716304286,1.21527408668851e-05,0.0295020980164196,-1.23029174655144,"brain"
"12-19878358","ENSSSAG00000001379",-9.5291716304286,1.21527408668851e-05,0.0295020980164196,-1.23029174655144,"brain"
"12-19808214","ENSSSAG00000001379",-9.52917163042859,1.21527408668853e-05,0.0295020980164196,-1.23029174655144,"brain"
"13-9080196","ENSSSAG00000119038",9.5268525798589,1.21746966063154e-05,0.0295144516621285,1.5126994546292,"brain"
"2-13137259","ENSSSAG00000095946",-9.52638573313393,1.21791218507886e-05,0.0295144516621285,-0.488343669393337,"brain"
"16-76279519","ENSSSAG00000094928",-9.52396484343997,1.22020982773139e-05,0.0295185261038807,-0.333980266489441,"brain"
"16-76279684","ENSSSAG00000094928",-9.52396484343997,1.22020982773139e-05,0.0295185261038807,-0.333980266489441,"brain"
"16-71088951","ENSSSAG00000041559",9.50149960849737,1.24176347612182e-05,0.0300137480034292,1.47542510136092,"brain"
"4-24732985","ENSSSAG00000082347",-9.48877209240517,1.254162752062e-05,0.0302375547766764,-0.9265501326922,"brain"
"4-24734831","ENSSSAG00000082347",9.48877209240515,1.25416275206201e-05,0.0302375547766764,0.9265501326922,"brain"
"9-93032743","ENSSSAG00000093245",-9.48863695503516,1.25429514293498e-05,0.0302375547766764,-0.139586391247524,"brain"
"12-19876601","ENSSSAG00000100627",9.47898883112711,1.26378758219414e-05,0.0304399214939765,0.711109697095105,"brain"
"20-33173374","ENSSSAG00000063692",-9.4718835189279,1.27082946883958e-05,0.0305829634593627,-0.282668803580735,"brain"
"5-4852765","ENSSSAG00000038604",9.45907880786147,1.28363063524311e-05,0.0308374907744625,1.38867097470539,"brain"
"5-4702317","ENSSSAG00000038604",-9.45907880786144,1.28363063524314e-05,0.0308374907744625,-1.38867097470539,"brain"
"4-24382323","ENSSSAG00000063815",-9.45625275935481,1.28647523223451e-05,0.0308790700788352,-0.593574041402974,"brain"
"5-55618290","ENSSSAG00000091082",9.44512605781618,1.2977434865957e-05,0.0310420353964657,0.21185104237957,"brain"
"5-55618442","ENSSSAG00000091082",9.44512605781618,1.2977434865957e-05,0.0310420353964657,0.21185104237957,"brain"
"5-55618909","ENSSSAG00000091082",9.44512605781618,1.2977434865957e-05,0.0310420353964657,0.21185104237957,"brain"
"5-55624064","ENSSSAG00000091082",9.44512605781618,1.2977434865957e-05,0.0310420353964657,0.21185104237957,"brain"
"26-40662269","ENSSSAG00000085603",-9.44071727780005,1.30223876474377e-05,0.0310424272779307,-1.94776539201557,"brain"
"26-40662321","ENSSSAG00000085603",9.44071727780005,1.30223876474377e-05,0.0310424272779307,1.94776539201557,"brain"
"26-40788307","ENSSSAG00000085603",9.44071727780005,1.30223876474377e-05,0.0310424272779307,1.94776539201557,"brain"
"26-40788487","ENSSSAG00000085603",9.44071727780005,1.30223876474377e-05,0.0310424272779307,1.94776539201557,"brain"
"6-89087411","ENSSSAG00000043610",-9.41561287690265,1.32816898560181e-05,0.031606192237635,-0.626743580709331,"brain"
"6-89092659","ENSSSAG00000043610",-9.41561287690265,1.32816898560181e-05,0.031606192237635,-0.626743580709331,"brain"
"15-24455520","ENSSSAG00000073223",9.39286177200266,1.35216657012597e-05,0.0321496620513788,3.32746251130032,"brain"
"13-19532526","ENSSSAG00000085328",-9.38032204805315,1.36559973322694e-05,0.0324412317293685,-1.21434955500288,"brain"
"12-48204560","ENSSSAG00000116404",-9.3770796675676,1.36909729557718e-05,0.0324964737701214,-1.90650728388818,"brain"
"15-109174576","ENSSSAG00000120750",9.36542047345837,1.38175687284604e-05,0.032754023361027,0.494470230213211,"brain"
"6-57710774","ENSSSAG00000094588",9.36491290405878,1.38231094983321e-05,0.032754023361027,0.531752796609151,"brain"
"18-31762113","ENSSSAG00000072247",-9.36257997178012,1.38486083214581e-05,0.0327864205458749,-0.186953121386363,"brain"
"6-70171172","ENSSSAG00000007432",9.35392815660939,1.39436311116172e-05,0.0329832191945721,1.07222050827207,"brain"
"8-19695461","ENSSSAG00000042304",9.35010408815683,1.39858622949348e-05,0.0330334233036559,1.71954008648821,"brain"
"4-50722491","ENSSSAG00000052656",9.34984888836225,1.39886856713226e-05,0.0330334233036559,1.13962905728661,"brain"
"26-22773562","ENSSSAG00000113104",9.34344397782523,1.40597542665294e-05,0.0330604448566361,1.28822238941822,"brain"
"26-22773582","ENSSSAG00000113104",9.34344397782523,1.40597542665294e-05,0.0330604448566361,1.28822238941822,"brain"
"26-22773740","ENSSSAG00000113104",9.34344397782523,1.40597542665294e-05,0.0330604448566361,1.28822238941822,"brain"
"26-22773870","ENSSSAG00000113104",9.34344397782523,1.40597542665294e-05,0.0330604448566361,1.28822238941822,"brain"
"26-22890185","ENSSSAG00000113104",-9.3434439778252,1.40597542665297e-05,0.0330604448566361,-1.28822238941822,"brain"
"11-92088006","ENSSSAG00000074230",9.32975850236634,1.42129606662225e-05,0.0333923754498543,0.232970038832983,"brain"
"5-75685645","ENSSSAG00000025371",9.3222769002533,1.4297502124031e-05,0.033562556956827,1.51745617815751,"brain"
"11-105537341","ENSSSAG00000086902",9.32082338949709,1.43139916271096e-05,0.0335728376426338,0.169980181981451,"brain"
"1-133113791","ENSSSAG00000094785",-9.31744035156686,1.43524530154506e-05,0.0336345914757998,-0.796669035140077,"brain"
"16-54273061","ENSSSAG00000027734",9.31156511511434,1.44195220360102e-05,0.0337632255967654,1.25336745696086,"brain"
"4-6484108","ENSSSAG00000095141",-9.30838963656952,1.44559172625455e-05,0.0338198807160805,-0.63589914706285,"brain"
"14-10609526","ENSSSAG00000089666",9.2925066626202,1.46395013584982e-05,0.0341628907085049,2.16534370819385,"brain"
"14-10613570","ENSSSAG00000089666",9.2925066626202,1.46395013584982e-05,0.0341628907085049,2.16534370819385,"brain"
"14-10645723","ENSSSAG00000089666",9.2925066626202,1.46395013584982e-05,0.0341628907085049,2.16534370819385,"brain"
"1-74059929","ENSSSAG00000000252",9.2767238361303,1.48245061525109e-05,0.0345364775775498,0.858680285079802,"brain"
"1-74060275","ENSSSAG00000000252",9.2767238361303,1.48245061525109e-05,0.0345364775775498,0.858680285079802,"brain"
"9-140273542","ENSSSAG00000120692",9.2429755784351,1.5228909375778e-05,0.0354488220829902,2.41406395335693,"brain"
"1-5989007","ENSSSAG00000057589",9.2393546032799,1.52730248524392e-05,0.0354919109104262,1.13298377180192,"brain"
"1-6044881","ENSSSAG00000057589",-9.23935460327989,1.52730248524394e-05,0.0354919109104262,-1.13298377180192,"brain"
"12-81963728","ENSSSAG00000079074",9.2251937672435,1.54469238442786e-05,0.0358659589064364,1.38720392856978,"brain"
"19-14857460","ENSSSAG00000070324",-9.22162209761976,1.54911327179027e-05,0.0359385075118748,-3.21661797819313,"brain"
"17-18459127","ENSSSAG00000072718",-9.21241152514552,1.56057901586013e-05,0.0361440138885597,-0.43104722234913,"brain"
"17-18458135","ENSSSAG00000072718",9.21241152514549,1.56057901586017e-05,0.0361440138885597,0.43104722234913,"brain"
"14-10571635","ENSSSAG00000118182",9.20724807036532,1.56704807999441e-05,0.0362635462150486,0.430460018787736,"brain"
"18-28002214","ENSSSAG00000053597",-9.18870535323434,1.59052703897576e-05,0.0365627216868711,-1.02590159133602,"brain"
"18-28007653","ENSSSAG00000053597",-9.18870535323434,1.59052703897576e-05,0.0365627216868711,-1.02590159133602,"brain"
"18-28029808","ENSSSAG00000053597",-9.18870535323434,1.59052703897576e-05,0.0365627216868711,-1.02590159133602,"brain"
"18-28036376","ENSSSAG00000053597",-9.18870535323434,1.59052703897576e-05,0.0365627216868711,-1.02590159133602,"brain"
"18-28048081","ENSSSAG00000053597",-9.18870535323434,1.59052703897576e-05,0.0365627216868711,-1.02590159133602,"brain"
"18-28073180","ENSSSAG00000053597",-9.18870535323434,1.59052703897576e-05,0.0365627216868711,-1.02590159133602,"brain"
"18-27977321","ENSSSAG00000053597",9.18870535323433,1.59052703897577e-05,0.0365627216868711,1.02590159133602,"brain"
"18-28005638","ENSSSAG00000053597",9.18870535323433,1.59052703897577e-05,0.0365627216868711,1.02590159133602,"brain"
"14-10429153","ENSSSAG00000107237",-9.1838439032591,1.59674734490437e-05,0.0366753021536984,-0.270127686469285,"brain"
"11-92469859","ENSSSAG00000081158",9.18127719712083,1.60004242137401e-05,0.0367205629636208,0.324751316168508,"brain"
"4-50722491","ENSSSAG00000045995",9.17558560894028,1.60737621752903e-05,0.0368583598160963,2.30175366731328,"brain"
"16-35238347","ENSSSAG00000045627",9.16052876862556,1.62695875353672e-05,0.0372765697044108,2.26060232952802,"brain"
"1-157223982","ENSSSAG00000118808",9.15064217700523,1.63996156830015e-05,0.0374614908263542,2.08291988388896,"brain"
"1-154606626","ENSSSAG00000111807",-9.14724150039956,1.64446086536648e-05,0.0374614908263542,-0.493695669455759,"brain"
"9-46859965","ENSSSAG00000104926",9.14620129639158,1.64583986339642e-05,0.0374614908263542,2.17873336793627,"brain"
"9-46897579","ENSSSAG00000104926",9.14620129639158,1.64583986339642e-05,0.0374614908263542,2.17873336793627,"brain"
"9-46897639","ENSSSAG00000104926",9.14620129639158,1.64583986339642e-05,0.0374614908263542,2.17873336793627,"brain"
"9-46897790","ENSSSAG00000104926",9.14620129639158,1.64583986339642e-05,0.0374614908263542,2.17873336793627,"brain"
"9-46897865","ENSSSAG00000104926",9.14620129639158,1.64583986339642e-05,0.0374614908263542,2.17873336793627,"brain"
"9-46918813","ENSSSAG00000104926",9.14620129639158,1.64583986339642e-05,0.0374614908263542,2.17873336793627,"brain"
"1-113901224","ENSSSAG00000112376",9.13798876867542,1.65677257386032e-05,0.0376485135485049,0.108297868195743,"brain"
"1-113901282","ENSSSAG00000112376",9.13798876867542,1.65677257386032e-05,0.0376485135485049,0.108297868195743,"brain"
"11-98676617","ENSSSAG00000117433",-9.1321769890927,1.66455825417601e-05,0.0377944563492344,-0.275386535195869,"brain"
"10-74833882","ENSSSAG00000089779",-9.08979382244041,1.72258500471779e-05,0.0390799702417698,-0.297928806739434,"brain"
"1-135524674","ENSSSAG00000099403",9.07809155400211,1.73900120712192e-05,0.0394201429071063,0.181653077037572,"brain"
"7-55357714","ENSSSAG00000093739",-9.07290328528941,1.74633514566158e-05,0.039521759739076,-0.738600478252048,"brain"
"7-55358863","ENSSSAG00000093739",9.07290328528941,1.74633514566158e-05,0.039521759739076,0.738600478252048,"brain"
"3-16418363","ENSSSAG00000084240",-9.06296599988088,1.76047853675878e-05,0.039712170067811,-2.06912719815007,"brain"
"3-16418364","ENSSSAG00000084240",-9.06296599988088,1.76047853675878e-05,0.039712170067811,-2.06912719815007,"brain"
"3-16454819","ENSSSAG00000084240",9.06296599988086,1.76047853675879e-05,0.039712170067811,2.06912719815007,"brain"
"3-16483481","ENSSSAG00000084240",9.06296599988086,1.76047853675879e-05,0.039712170067811,2.06912719815007,"brain"
"26-10544486","ENSSSAG00000041993",9.05683836674418,1.7692633802761e-05,0.039877887624207,4.20636015368425,"brain"
"21-26916767","ENSSSAG00000027127",9.05432890216904,1.77287514812188e-05,0.0399268333592005,0.882499088001399,"brain"
"6-17686564","ENSSSAG00000039646",9.04708811826042,1.78334264235846e-05,0.040039389105794,0.462391241141311,"brain"
"6-17686570","ENSSSAG00000039646",9.04708811826042,1.78334264235846e-05,0.040039389105794,0.462391241141311,"brain"
"16-71581433","ENSSSAG00000066641",-9.04588110322686,1.78509422708349e-05,0.040039389105794,-0.850561664023573,"brain"
"16-71603217","ENSSSAG00000066641",-9.04588110322686,1.78509422708349e-05,0.040039389105794,-0.850561664023573,"brain"
"16-71603865","ENSSSAG00000066641",-9.04588110322686,1.78509422708349e-05,0.040039389105794,-0.850561664023573,"brain"
"12-10946470","ENSSSAG00000093239",-9.03827006058133,1.79618340214952e-05,0.0401550995386947,-1.20013189468216,"brain"
"12-10877319","ENSSSAG00000093239",9.03827006058132,1.79618340214954e-05,0.0401550995386947,1.20013189468216,"brain"
"12-10881370","ENSSSAG00000093239",9.03827006058132,1.79618340214954e-05,0.0401550995386947,1.20013189468216,"brain"
"12-10928813","ENSSSAG00000093239",9.03827006058132,1.79618340214954e-05,0.0401550995386947,1.20013189468216,"brain"
"19-16617043","ENSSSAG00000107862",-9.03638377522198,1.79894354627675e-05,0.0401550995386947,-0.429753164782434,"brain"
"19-16637823","ENSSSAG00000107862",-9.03638377522198,1.79894354627675e-05,0.0401550995386947,-0.429753164782434,"brain"
"6-32761897","ENSSSAG00000005393",9.03223401450887,1.80503241563793e-05,0.0402585978424222,0.822674666223672,"brain"
"13-12954408","ENSSSAG00000088387",-9.02307877806597,1.81854711216607e-05,0.0405274187855647,-0.942873196800157,"brain"
"17-28170005","ENSSSAG00000093296",-9.01268104227777,1.83403285815455e-05,0.0406572567166373,-3.29350730291914,"brain"
"17-28263748","ENSSSAG00000093296",9.01268104227776,1.83403285815457e-05,0.0406572567166373,1.64675365145957,"brain"
"17-28361048","ENSSSAG00000093296",9.01268104227776,1.83403285815457e-05,0.0406572567166373,3.29350730291914,"brain"
"17-28391339","ENSSSAG00000093296",9.01268104227776,1.83403285815457e-05,0.0406572567166373,3.29350730291914,"brain"
"24-39213824","ENSSSAG00000075690",-9.00641356526792,1.84343819556812e-05,0.0406572567166373,-1.98925784149794,"brain"
"24-39222385","ENSSSAG00000075690",-9.00641356526792,1.84343819556812e-05,0.0406572567166373,-1.98925784149794,"brain"
"24-39224741","ENSSSAG00000075690",-9.00641356526792,1.84343819556812e-05,0.0406572567166373,-1.98925784149794,"brain"
"24-39269045","ENSSSAG00000075690",-9.00641356526792,1.84343819556812e-05,0.0406572567166373,-1.98925784149794,"brain"
"24-39224848","ENSSSAG00000075690",9.00641356526789,1.84343819556817e-05,0.0406572567166373,1.98925784149794,"brain"
"24-39227434","ENSSSAG00000075690",9.00641356526789,1.84343819556817e-05,0.0406572567166373,1.98925784149794,"brain"
"24-39235947","ENSSSAG00000075690",9.00641356526789,1.84343819556817e-05,0.0406572567166373,1.98925784149794,"brain"
"24-39240692","ENSSSAG00000075690",9.00641356526789,1.84343819556817e-05,0.0406572567166373,1.98925784149794,"brain"
"24-39250205","ENSSSAG00000075690",9.00641356526789,1.84343819556817e-05,0.0406572567166373,1.98925784149794,"brain"
"17-81864116","ENSSSAG00000117187",-9.00292237831074,1.84870056861654e-05,0.0407409077797467,-2.07696352981118,"brain"
"20-4126222","ENSSSAG00000068054",8.98168978977975,1.88106779657891e-05,0.0413884032017605,2.3825810003836,"brain"
"20-4259048","ENSSSAG00000068054",8.98168978977975,1.88106779657891e-05,0.0413884032017605,1.1912905001918,"brain"
"12-9459301","ENSSSAG00000112537",-8.96943608878112,1.90003452514137e-05,0.0416734241697052,-1.20042006454326,"brain"
"12-9483359","ENSSSAG00000112537",-8.96943608878112,1.90003452514137e-05,0.0416734241697052,-1.20042006454326,"brain"
"12-9619007","ENSSSAG00000112537",-8.96943608878112,1.90003452514137e-05,0.0416734241697052,-1.20042006454326,"brain"
"12-9566699","ENSSSAG00000112537",8.96943608878111,1.9000345251414e-05,0.0416734241697052,1.20042006454326,"brain"
"15-24729595","ENSSSAG00000085155",8.95450721975146,1.92343047319697e-05,0.0421199216455586,0.372503500431968,"brain"
"15-24769614","ENSSSAG00000085155",-8.95450721975145,1.92343047319698e-05,0.0421199216455586,-0.372503500431968,"brain"
"13-82386652","ENSSSAG00000040880",8.95095727986543,1.92904091973264e-05,0.0422094402838316,1.56804591191893,"brain"
"1-153718754","ENSSSAG00000078562",8.94222908661062,1.94291293395691e-05,0.0424687188475087,1.71486201826157,"brain"
"18-12280571","ENSSSAG00000042420",-8.94157677191844,1.94395413450166e-05,0.0424687188475087,-0.514996598489115,"brain"
"18-24224790","ENSSSAG00000105753",-8.93974596549593,1.94687972189501e-05,0.0424991426182793,-0.97763214610397,"brain"
"2-21459448","ENSSSAG00000089006",8.93308659350228,1.95756269050646e-05,0.0426598375062284,1.56634440708704,"brain"
"1-151845852","ENSSSAG00000088830",-8.93228223963934,1.95885744965438e-05,0.0426598375062284,-1.45369560930931,"brain"
"1-151845953","ENSSSAG00000088830",-8.93228223963934,1.95885744965438e-05,0.0426598375062284,-1.45369560930931,"brain"
"17-22349366","ENSSSAG00000077786",8.91054769358465,1.99420704222057e-05,0.0433615530600182,3.16363395061211,"brain"
"17-22349431","ENSSSAG00000077786",8.91054769358465,1.99420704222057e-05,0.0433615530600182,3.16363395061211,"brain"
"12-67801294","ENSSSAG00000103246",8.90294423419836,2.00674081656546e-05,0.0435955996416837,0.773616736117367,"brain"
"29-3459686","ENSSSAG00000006351",-8.90211325028525,2.00811594664378e-05,0.0435955996416837,-0.952730547048191,"brain"
"5-68320315","ENSSSAG00000085216",8.89490796080847,2.02008352190925e-05,0.0438210964805254,0.0717763595762438,"brain"
"17-42957895","ENSSSAG00000105587",8.89332452508248,2.02272415337125e-05,0.0438440721609974,0.114070647857164,"brain"
"10-97213263","ENSSSAG00000098065",-8.88221613983088,2.04135762306544e-05,0.0442133979515265,-0.614831120875192,"brain"
"14-89821704","ENSSSAG00000042602",8.87246744760002,2.05786793070035e-05,0.0445014582094429,3.48032786155757,"brain"
"14-89823666","ENSSSAG00000042602",8.87246744760002,2.05786793070035e-05,0.0445014582094429,3.48032786155757,"brain"
"13-91049811","ENSSSAG00000079642",8.86889914781999,2.0639483158367e-05,0.0445981587723713,0.809364108252689,"brain"
"4-81724587","ENSSSAG00000090322",8.86714865025701,2.06693847904729e-05,0.0446279866563761,2.64663521731547,"brain"
"12-92622254","ENSSSAG00000059561",8.8629595573493,2.07411380907923e-05,0.04474806118452,2.90447511025766,"brain"
"13-77977894","ENSSSAG00000064296",8.84682003790966,2.10201906140752e-05,0.0453148398327593,1.27313285352272,"brain"
"17-82282080","ENSSSAG00000099000",8.84245391182388,2.10963978465866e-05,0.0453732781579748,0.323638296658341,"brain"
"17-82282422","ENSSSAG00000099000",8.84245391182388,2.10963978465866e-05,0.0453732781579748,0.323638296658341,"brain"
"17-82284684","ENSSSAG00000099000",8.84245391182388,2.10963978465866e-05,0.0453732781579748,0.323638296658341,"brain"
"14-7204671","ENSSSAG00000055720",-8.82888839290747,2.13351433586871e-05,0.0458511912034463,-1.24759656675958,"brain"
"26-5178168","ENSSSAG00000115174",-8.82149229777197,2.14665770165066e-05,0.0460622399331229,-0.86407091713129,"brain"
"26-5199120","ENSSSAG00000115174",-8.82149229777197,2.14665770165066e-05,0.0460622399331229,-0.86407091713129,"brain"
"9-154776516","ENSSSAG00000097167",8.81764015764998,2.15353891414721e-05,0.0461661755391005,0.295560868175566,"brain"
"9-122173495","ENSSSAG00000109909",8.8169178372737,2.15483195348013e-05,0.0461661755391005,2.1900230283313,"brain"
"5-18103898","ENSSSAG00000117838",-8.81482069745647,2.15859098509361e-05,0.0462109991282901,-0.575919535626574,"brain"
"26-41526279","ENSSSAG00000063246",-8.80864863450596,2.16969658152008e-05,0.0464129070536186,-1.48204070648568,"brain"
"15-19325045","ENSSSAG00000039537",8.80513558136356,2.17604614171028e-05,0.0465128436700193,0.751552644323449,"brain"
"9-74126553","ENSSSAG00000044330",8.79863887501633,2.18784300922998e-05,0.0467289724340181,3.57012284623039,"brain"
"17-43100915","ENSSSAG00000108211",8.77028814333486,2.24016323379712e-05,0.0478096189206276,0.911533212493781,"brain"
"5-2561251","ENSSSAG00000117944",-8.75760587620899,2.26401773757643e-05,0.0481092989533198,-0.796656107367754,"brain"
"5-2561307","ENSSSAG00000117944",-8.75760587620899,2.26401773757643e-05,0.0481092989533198,-0.796656107367754,"brain"
"5-2561674","ENSSSAG00000117944",-8.75760587620899,2.26401773757643e-05,0.0481092989533198,-0.796656107367754,"brain"
"5-2562254","ENSSSAG00000117944",-8.75760587620899,2.26401773757643e-05,0.0481092989533198,-0.796656107367754,"brain"
"5-2564069","ENSSSAG00000117944",-8.75760587620899,2.26401773757643e-05,0.0481092989533198,-0.796656107367754,"brain"
"13-79390167","ENSSSAG00000074056",8.75728917162719,2.26461704704176e-05,0.0481092989533198,1.4426868200111,"brain"
"3-26167683","ENSSSAG00000042586",-8.74591516718291,2.28625795781487e-05,0.0485318471510791,-1.43580527272166,"brain"
"3-80312601","ENSSSAG00000106693",8.74173828266643,2.29426289755488e-05,0.0486562420742404,0.25706033970331,"brain"
"20-62297089","ENSSSAG00000057051",8.74102753550195,2.29562813912441e-05,0.0486562420742404,0.700503806435152,"brain"
"17-43309684","ENSSSAG00000006472",8.73586187476591,2.30557784280452e-05,0.0488297961448771,1.2499551328072,"brain"
"1-75778480","ENSSSAG00000093869",-8.72971592590306,2.31747830703844e-05,0.049044368835676,-0.108155840460337,"brain"
"2-74233288","ENSSSAG00000110416",8.72761575236255,2.32156056167524e-05,0.0490932850525444,0.182197238523537,"brain"
"9-95402963","ENSSSAG00000090218",-8.71906875919174,2.3382567500828e-05,0.0494086661410083,-0.295099425387767,"brain"
"12-2583414","ENSSSAG00000115051",8.71272612646401,2.35073324153351e-05,0.0496344701962479,2.70069710981041,"brain"
"24-45654308","ENSSSAG00000010514",8.71161619853277,2.35292417463337e-05,0.0496429217970864,0.923198164957975,"brain"
"16-78689056","ENSSSAG00000008620",-8.70619075766175,2.36366645047852e-05,0.0498316429428795,-1.39605851512472,"brain"
"1-3621002","ENSSSAG00000117299",189812531.248503,6.64689742203201e-64,3.13390926583752e-60,0.239545894386811,"distalintestine"
"1-7058921","ENSSSAG00000101511",-189812531.248503,6.64689742203201e-64,3.13390926583752e-60,-0.00775088413962833,"distalintestine"
"1-7059511","ENSSSAG00000101511",-189812531.248503,6.64689742203201e-64,3.13390926583752e-60,-0.00775088413962833,"distalintestine"
"1-7070064","ENSSSAG00000101511",-189812531.248503,6.64689742203201e-64,3.13390926583752e-60,-0.00775088413962833,"distalintestine"
"1-7058921","ENSSSAG00000109956",-189812531.248503,6.64689742203201e-64,3.13390926583752e-60,-0.00775088413962833,"distalintestine"
"1-7059511","ENSSSAG00000109956",-189812531.248503,6.64689742203201e-64,3.13390926583752e-60,-0.00775088413962833,"distalintestine"
"1-7070064","ENSSSAG00000109956",-189812531.248503,6.64689742203201e-64,3.13390926583752e-60,-0.00775088413962833,"distalintestine"
"1-11290071","ENSSSAG00000116656",-189812531.248503,6.64689742203201e-64,3.13390926583752e-60,-0.229926454783034,"distalintestine"
"1-37290601","ENSSSAG00000116615",-189812531.248503,6.64689742203201e-64,3.13390926583752e-60,-0.123364762130274,"distalintestine"
"1-133964851","ENSSSAG00000005501",-189812531.248503,6.64689742203201e-64,3.13390926583752e-60,-0.0161616934078622,"distalintestine"
"1-133975270","ENSSSAG00000005501",-189812531.248503,6.64689742203201e-64,3.13390926583752e-60,-0.0161616934078622,"distalintestine"
"1-164592183","ENSSSAG00000073854",-189812531.248503,6.64689742203201e-64,3.13390926583752e-60,-0.406596467879278,"distalintestine"
"2-12519092","ENSSSAG00000060715",-189812531.248503,6.64689742203201e-64,3.13390926583752e-60,-0.825664684372871,"distalintestine"
"2-12519102","ENSSSAG00000060715",-189812531.248503,6.64689742203201e-64,3.13390926583752e-60,-0.825664684372871,"distalintestine"
"3-1835486","ENSSSAG00000082871",-189812531.248503,6.64689742203201e-64,3.13390926583752e-60,-0.18581710690051,"distalintestine"
"3-1835486","ENSSSAG00000104547",-189812531.248503,6.64689742203201e-64,3.13390926583752e-60,-0.18581710690051,"distalintestine"
"3-7414156","ENSSSAG00000091666",-189812531.248503,6.64689742203201e-64,3.13390926583752e-60,-0.00624385152964025,"distalintestine"
"3-67355212","ENSSSAG00000097285",-189812531.248503,6.64689742203201e-64,3.13390926583752e-60,-0.0855371241460718,"distalintestine"
"3-67355212","ENSSSAG00000099750",-189812531.248503,6.64689742203201e-64,3.13390926583752e-60,-0.0855371241460718,"distalintestine"
"3-71612423","ENSSSAG00000112380",-189812531.248503,6.64689742203201e-64,3.13390926583752e-60,-0.119872406954751,"distalintestine"
"3-100984742","ENSSSAG00000104173",-189812531.248503,6.64689742203201e-64,3.13390926583752e-60,-0.166699329437279,"distalintestine"
"3-101006758","ENSSSAG00000104173",-189812531.248503,6.64689742203201e-64,3.13390926583752e-60,-0.166699329437279,"distalintestine"
"3-101007012","ENSSSAG00000104173",-189812531.248503,6.64689742203201e-64,3.13390926583752e-60,-0.166699329437279,"distalintestine"
"3-101029956","ENSSSAG00000104173",-189812531.248503,6.64689742203201e-64,3.13390926583752e-60,-0.166699329437279,"distalintestine"
"4-6459190","ENSSSAG00000054963",-189812531.248503,6.64689742203201e-64,3.13390926583752e-60,-0.130616774247991,"distalintestine"
"4-6459291","ENSSSAG00000054963",-189812531.248503,6.64689742203201e-64,3.13390926583752e-60,-0.130616774247991,"distalintestine"
"4-24344283","ENSSSAG00000093695",-189812531.248503,6.64689742203201e-64,3.13390926583752e-60,-0.0271549444152713,"distalintestine"
"4-24382323","ENSSSAG00000093695",-189812531.248503,6.64689742203201e-64,3.13390926583752e-60,-0.0271549444152713,"distalintestine"
"4-76910569","ENSSSAG00000091824",189812531.248503,6.64689742203201e-64,3.13390926583752e-60,0.0404324786688046,"distalintestine"
"5-1844466","ENSSSAG00000099613",-189812531.248503,6.64689742203201e-64,3.13390926583752e-60,-0.134526308360325,"distalintestine"
"5-77316836","ENSSSAG00000117317",-189812531.248503,6.64689742203201e-64,3.13390926583752e-60,-0.0341588852292288,"distalintestine"
"5-80665562","ENSSSAG00000086801",-189812531.248503,6.64689742203201e-64,3.13390926583752e-60,-0.0293675218126872,"distalintestine"
"5-85234555","ENSSSAG00000113962",-189812531.248503,6.64689742203201e-64,3.13390926583752e-60,-0.3482991094356,"distalintestine"
"5-85234949","ENSSSAG00000113962",-189812531.248503,6.64689742203201e-64,3.13390926583752e-60,-0.3482991094356,"distalintestine"
"5-85254915","ENSSSAG00000113962",-189812531.248503,6.64689742203201e-64,3.13390926583752e-60,-0.3482991094356,"distalintestine"
"5-85312779","ENSSSAG00000113962",-189812531.248503,6.64689742203201e-64,3.13390926583752e-60,-0.6965982188712,"distalintestine"
"6-22085444","ENSSSAG00000114451",-189812531.248503,6.64689742203201e-64,3.13390926583752e-60,-0.038191084959403,"distalintestine"
"6-33846386","ENSSSAG00000085624",-189812531.248503,6.64689742203201e-64,3.13390926583752e-60,-0.129337966232157,"distalintestine"
"6-68877128","ENSSSAG00000097528",-189812531.248503,6.64689742203201e-64,3.13390926583752e-60,-0.123793381729877,"distalintestine"
"6-68910717","ENSSSAG00000097528",189812531.248503,6.64689742203201e-64,3.13390926583752e-60,0.123793381729877,"distalintestine"
"6-79224747","ENSSSAG00000114695",189812531.248503,6.64689742203201e-64,3.13390926583752e-60,0.0250067095982047,"distalintestine"
"6-90848213","ENSSSAG00000083185",189812531.248503,6.64689742203201e-64,3.13390926583752e-60,0.857999959511158,"distalintestine"
"6-91330797","ENSSSAG00000093731",-189812531.248503,6.64689742203201e-64,3.13390926583752e-60,-0.0183505932125932,"distalintestine"
"6-91331171","ENSSSAG00000093731",-189812531.248503,6.64689742203201e-64,3.13390926583752e-60,-0.0183505932125932,"distalintestine"
"6-91330797","ENSSSAG00000100758",-189812531.248503,6.64689742203201e-64,3.13390926583752e-60,-0.0183505932125932,"distalintestine"
"6-91331171","ENSSSAG00000100758",-189812531.248503,6.64689742203201e-64,3.13390926583752e-60,-0.0183505932125932,"distalintestine"
"7-19401348","ENSSSAG00000076592",-189812531.248503,6.64689742203201e-64,3.13390926583752e-60,-0.0191077001516525,"distalintestine"
"7-65892812","ENSSSAG00000082159",189812531.248503,6.64689742203201e-64,3.13390926583752e-60,0.232944960187961,"distalintestine"
"7-65893067","ENSSSAG00000082159",189812531.248503,6.64689742203201e-64,3.13390926583752e-60,0.232944960187961,"distalintestine"
"9-89134950","ENSSSAG00000040153",-189812531.248503,6.64689742203201e-64,3.13390926583752e-60,-0.0352783368052605,"distalintestine"
"9-139171506","ENSSSAG00000081892",189812531.248503,6.64689742203201e-64,3.13390926583752e-60,0.0340351760808762,"distalintestine"
"9-155833881","ENSSSAG00000106853",-189812531.248503,6.64689742203201e-64,3.13390926583752e-60,-0.0875135009043143,"distalintestine"
"9-155834378","ENSSSAG00000106853",-189812531.248503,6.64689742203201e-64,3.13390926583752e-60,-0.0875135009043143,"distalintestine"
"9-155835445","ENSSSAG00000106853",-189812531.248503,6.64689742203201e-64,3.13390926583752e-60,-0.0875135009043143,"distalintestine"
"9-155833881","ENSSSAG00000116220",-189812531.248503,6.64689742203201e-64,3.13390926583752e-60,-0.0875135009043143,"distalintestine"
"9-155834378","ENSSSAG00000116220",-189812531.248503,6.64689742203201e-64,3.13390926583752e-60,-0.0875135009043143,"distalintestine"
"9-155835445","ENSSSAG00000116220",-189812531.248503,6.64689742203201e-64,3.13390926583752e-60,-0.0875135009043143,"distalintestine"
"10-123841206","ENSSSAG00000084257",-189812531.248503,6.64689742203201e-64,3.13390926583752e-60,-0.292786025097229,"distalintestine"
"10-124061451","ENSSSAG00000091576",-189812531.248503,6.64689742203201e-64,3.13390926583752e-60,-0.068240722026785,"distalintestine"
"10-124061508","ENSSSAG00000091576",-189812531.248503,6.64689742203201e-64,3.13390926583752e-60,-0.068240722026785,"distalintestine"
"10-124061759","ENSSSAG00000091576",-189812531.248503,6.64689742203201e-64,3.13390926583752e-60,-0.068240722026785,"distalintestine"
"10-124062339","ENSSSAG00000091576",-189812531.248503,6.64689742203201e-64,3.13390926583752e-60,-0.068240722026785,"distalintestine"
"10-124061451","ENSSSAG00000094503",-189812531.248503,6.64689742203201e-64,3.13390926583752e-60,-0.068240722026785,"distalintestine"
"10-124061508","ENSSSAG00000094503",-189812531.248503,6.64689742203201e-64,3.13390926583752e-60,-0.068240722026785,"distalintestine"
"10-124061759","ENSSSAG00000094503",-189812531.248503,6.64689742203201e-64,3.13390926583752e-60,-0.068240722026785,"distalintestine"
"10-124062339","ENSSSAG00000094503",-189812531.248503,6.64689742203201e-64,3.13390926583752e-60,-0.068240722026785,"distalintestine"
"11-44188043","ENSSSAG00000097668",189812531.248503,6.64689742203201e-64,3.13390926583752e-60,0.517571618291893,"distalintestine"
"11-44188240","ENSSSAG00000097668",189812531.248503,6.64689742203201e-64,3.13390926583752e-60,0.517571618291893,"distalintestine"
"11-105498932","ENSSSAG00000083351",189812531.248503,6.64689742203201e-64,3.13390926583752e-60,0.0386580548908051,"distalintestine"
"11-105498932","ENSSSAG00000119116",189812531.248503,6.64689742203201e-64,3.13390926583752e-60,0.121163094593428,"distalintestine"
"11-105818293","ENSSSAG00000103006",-189812531.248503,6.64689742203201e-64,3.13390926583752e-60,-0.0400665092130834,"distalintestine"
"12-8705554","ENSSSAG00000110835",-189812531.248503,6.64689742203201e-64,3.13390926583752e-60,-0.0991047893402631,"distalintestine"
"12-69512730","ENSSSAG00000083790",-189812531.248503,6.64689742203201e-64,3.13390926583752e-60,-0.288070996810896,"distalintestine"
"12-70915844","ENSSSAG00000111689",-189812531.248503,6.64689742203201e-64,3.13390926583752e-60,-0.0404659253651027,"distalintestine"
"12-100061620","ENSSSAG00000104024",-189812531.248503,6.64689742203201e-64,3.13390926583752e-60,-0.543579897570026,"distalintestine"
"12-100061753","ENSSSAG00000104024",-189812531.248503,6.64689742203201e-64,3.13390926583752e-60,-0.543579897570026,"distalintestine"
"12-100155626","ENSSSAG00000104024",-189812531.248503,6.64689742203201e-64,3.13390926583752e-60,-0.543579897570026,"distalintestine"
"13-13086767","ENSSSAG00000083292",-189812531.248503,6.64689742203201e-64,3.13390926583752e-60,-0.0239752821997027,"distalintestine"
"13-13092394","ENSSSAG00000083292",-189812531.248503,6.64689742203201e-64,3.13390926583752e-60,-0.0239752821997027,"distalintestine"
"13-84178385","ENSSSAG00000074848",-189812531.248503,6.64689742203201e-64,3.13390926583752e-60,-0.0899430753592974,"distalintestine"
"14-43622661","ENSSSAG00000117068",-189812531.248503,6.64689742203201e-64,3.13390926583752e-60,-0.0851028068277514,"distalintestine"
"14-43711061","ENSSSAG00000117068",-189812531.248503,6.64689742203201e-64,3.13390926583752e-60,-0.0851028068277514,"distalintestine"
"15-4010066","ENSSSAG00000114234",189812531.248503,6.64689742203201e-64,3.13390926583752e-60,0.206227681321868,"distalintestine"
"15-19417806","ENSSSAG00000092764",189812531.248503,6.64689742203201e-64,3.13390926583752e-60,0.0341768669743645,"distalintestine"
"15-19418195","ENSSSAG00000092764",189812531.248503,6.64689742203201e-64,3.13390926583752e-60,0.0341768669743645,"distalintestine"
"15-19417806","ENSSSAG00000119570",189812531.248503,6.64689742203201e-64,3.13390926583752e-60,0.0341768669743645,"distalintestine"
"15-19418195","ENSSSAG00000119570",189812531.248503,6.64689742203201e-64,3.13390926583752e-60,0.0341768669743645,"distalintestine"
"16-90053531","ENSSSAG00000112034",189812531.248503,6.64689742203201e-64,3.13390926583752e-60,0.0452668216242895,"distalintestine"
"16-96339393","ENSSSAG00000082084",-189812531.248503,6.64689742203201e-64,3.13390926583752e-60,-0.164765005180207,"distalintestine"
"17-18203538","ENSSSAG00000006024",-189812531.248503,6.64689742203201e-64,3.13390926583752e-60,-0.231493394148655,"distalintestine"
"17-39762110","ENSSSAG00000095253",-189812531.248503,6.64689742203201e-64,3.13390926583752e-60,-0.492755946044946,"distalintestine"
"17-54968486","ENSSSAG00000112278",-189812531.248503,6.64689742203201e-64,3.13390926583752e-60,-0.395094182150608,"distalintestine"
"17-55149599","ENSSSAG00000112278",-189812531.248503,6.64689742203201e-64,3.13390926583752e-60,-0.395094182150608,"distalintestine"
"17-86901122","ENSSSAG00000085258",-189812531.248503,6.64689742203201e-64,3.13390926583752e-60,-0.477945136833134,"distalintestine"
"17-86901576","ENSSSAG00000085258",-189812531.248503,6.64689742203201e-64,3.13390926583752e-60,-0.477945136833134,"distalintestine"
"17-86902146","ENSSSAG00000085258",-189812531.248503,6.64689742203201e-64,3.13390926583752e-60,-0.477945136833134,"distalintestine"
"18-1020197","ENSSSAG00000094644",189812531.248503,6.64689742203201e-64,3.13390926583752e-60,0.199201616894464,"distalintestine"
"18-51068466","ENSSSAG00000093983",-189812531.248503,6.64689742203201e-64,3.13390926583752e-60,-0.0152451991554748,"distalintestine"
"18-51085383","ENSSSAG00000093983",-189812531.248503,6.64689742203201e-64,3.13390926583752e-60,-0.0152451991554748,"distalintestine"
"18-77464816","ENSSSAG00000097052",189812531.248503,6.64689742203201e-64,3.13390926583752e-60,0.130299049226667,"distalintestine"
"19-76028408","ENSSSAG00000095319",-189812531.248503,6.64689742203201e-64,3.13390926583752e-60,-0.519953834592862,"distalintestine"
"19-76073430","ENSSSAG00000095319",-189812531.248503,6.64689742203201e-64,3.13390926583752e-60,-0.519953834592862,"distalintestine"
"20-62210602","ENSSSAG00000085572",-189812531.248503,6.64689742203201e-64,3.13390926583752e-60,-0.0680202653255498,"distalintestine"
"20-89874296","ENSSSAG00000119051",-189812531.248503,6.64689742203201e-64,3.13390926583752e-60,-0.934502290169515,"distalintestine"
"21-49371048","ENSSSAG00000113440",-189812531.248503,6.64689742203201e-64,3.13390926583752e-60,-0.0975077633478121,"distalintestine"
"21-49371607","ENSSSAG00000113440",-189812531.248503,6.64689742203201e-64,3.13390926583752e-60,-0.0975077633478121,"distalintestine"
"21-49372093","ENSSSAG00000113440",-189812531.248503,6.64689742203201e-64,3.13390926583752e-60,-0.0975077633478121,"distalintestine"
"21-49393494","ENSSSAG00000113440",-189812531.248503,6.64689742203201e-64,3.13390926583752e-60,-0.0975077633478121,"distalintestine"
"21-49394095","ENSSSAG00000113440",-189812531.248503,6.64689742203201e-64,3.13390926583752e-60,-0.0975077633478121,"distalintestine"
"21-49401975","ENSSSAG00000113440",-189812531.248503,6.64689742203201e-64,3.13390926583752e-60,-0.0975077633478121,"distalintestine"
"21-49410178","ENSSSAG00000113440",-189812531.248503,6.64689742203201e-64,3.13390926583752e-60,-0.0975077633478121,"distalintestine"
"21-49413261","ENSSSAG00000113440",-189812531.248503,6.64689742203201e-64,3.13390926583752e-60,-0.0975077633478121,"distalintestine"
"21-49415988","ENSSSAG00000113440",-189812531.248503,6.64689742203201e-64,3.13390926583752e-60,-0.0975077633478121,"distalintestine"
"22-54037749","ENSSSAG00000010981",-189812531.248503,6.64689742203201e-64,3.13390926583752e-60,-0.143740972048094,"distalintestine"
"24-20659643","ENSSSAG00000057083",-189812531.248503,6.64689742203201e-64,3.13390926583752e-60,-0.345687502472223,"distalintestine"
"24-36824783","ENSSSAG00000096247",189812531.248503,6.64689742203201e-64,3.13390926583752e-60,0.676934461824313,"distalintestine"
"25-40281022","ENSSSAG00000106750",-189812531.248503,6.64689742203201e-64,3.13390926583752e-60,-0.172118852430604,"distalintestine"
"25-40281362","ENSSSAG00000106750",-189812531.248503,6.64689742203201e-64,3.13390926583752e-60,-0.172118852430604,"distalintestine"
"25-50149336","ENSSSAG00000082146",-189812531.248503,6.64689742203201e-64,3.13390926583752e-60,-0.344833611268097,"distalintestine"
"25-50171731","ENSSSAG00000082146",-189812531.248503,6.64689742203201e-64,3.13390926583752e-60,-0.172416805634048,"distalintestine"
"26-46702765","ENSSSAG00000118928",189812531.248503,6.64689742203201e-64,3.13390926583752e-60,0.0402740044010923,"distalintestine"
"26-48867485","ENSSSAG00000082927",189812531.248503,6.64689742203201e-64,3.13390926583752e-60,0.630627952610232,"distalintestine"
"28-37327688","ENSSSAG00000102932",189812531.248503,6.64689742203201e-64,3.13390926583752e-60,0.0927860878718654,"distalintestine"
"28-39596677","ENSSSAG00000080703",189812531.248503,6.64689742203201e-64,3.13390926583752e-60,0.0242007843456132,"distalintestine"
"29-35745002","ENSSSAG00000108512",189812531.248503,6.64689742203201e-64,3.13390926583752e-60,0.133558392260029,"distalintestine"
"1-2141613","ENSSSAG00000110898",-134217728,1.0635035875251e-62,4.5429612285052e-59,-0.816617568082131,"distalintestine"
"1-58284570","ENSSSAG00000068334",-134217728,1.0635035875251e-62,4.5429612285052e-59,-0.0344043252638562,"distalintestine"
"2-17913539","ENSSSAG00000085813",-134217728,1.0635035875251e-62,4.5429612285052e-59,-0.242224349526998,"distalintestine"
"2-17914342","ENSSSAG00000085813",-134217728,1.0635035875251e-62,4.5429612285052e-59,-0.242224349526998,"distalintestine"
"2-17914569","ENSSSAG00000085813",-134217728,1.0635035875251e-62,4.5429612285052e-59,-0.242224349526998,"distalintestine"
"2-74200770","ENSSSAG00000116360",-134217728,1.0635035875251e-62,4.5429612285052e-59,-0.135004556984863,"distalintestine"
"3-1835486","ENSSSAG00000039762",-134217728,1.0635035875251e-62,4.5429612285052e-59,-0.0357840453387708,"distalintestine"
"3-67028559","ENSSSAG00000079917",134217728,1.0635035875251e-62,4.5429612285052e-59,0.0288828456790347,"distalintestine"
"5-863099","ENSSSAG00000120302",-134217728,1.0635035875251e-62,4.5429612285052e-59,-0.0603036291273229,"distalintestine"
"5-863518","ENSSSAG00000120302",-134217728,1.0635035875251e-62,4.5429612285052e-59,-0.0603036291273229,"distalintestine"
"5-863897","ENSSSAG00000120302",-134217728,1.0635035875251e-62,4.5429612285052e-59,-0.0603036291273229,"distalintestine"
"5-864856","ENSSSAG00000120302",-134217728,1.0635035875251e-62,4.5429612285052e-59,-0.0603036291273229,"distalintestine"
"5-865152","ENSSSAG00000120302",-134217728,1.0635035875251e-62,4.5429612285052e-59,-0.0603036291273229,"distalintestine"
"5-869343","ENSSSAG00000120302",-134217728,1.0635035875251e-62,4.5429612285052e-59,-0.0603036291273229,"distalintestine"
"5-870499","ENSSSAG00000120302",-134217728,1.0635035875251e-62,4.5429612285052e-59,-0.0603036291273229,"distalintestine"
"5-872607","ENSSSAG00000120302",-134217728,1.0635035875251e-62,4.5429612285052e-59,-0.0603036291273229,"distalintestine"
"5-873204","ENSSSAG00000120302",-134217728,1.0635035875251e-62,4.5429612285052e-59,-0.0603036291273229,"distalintestine"
"5-878727","ENSSSAG00000120302",-134217728,1.0635035875251e-62,4.5429612285052e-59,-0.0603036291273229,"distalintestine"
"5-885709","ENSSSAG00000120302",-134217728,1.0635035875251e-62,4.5429612285052e-59,-0.0603036291273229,"distalintestine"
"6-9188514","ENSSSAG00000105417",-134217728,1.0635035875251e-62,4.5429612285052e-59,-0.193541708146418,"distalintestine"
"6-9188618","ENSSSAG00000105417",-134217728,1.0635035875251e-62,4.5429612285052e-59,-0.193541708146418,"distalintestine"
"6-9188737","ENSSSAG00000105417",-134217728,1.0635035875251e-62,4.5429612285052e-59,-0.193541708146418,"distalintestine"
"6-17647308","ENSSSAG00000121420",-134217728,1.0635035875251e-62,4.5429612285052e-59,-0.043858978213246,"distalintestine"
"6-90855648","ENSSSAG00000083185",-134217728,1.0635035875251e-62,4.5429612285052e-59,-0.857999959511158,"distalintestine"
"8-19173691","ENSSSAG00000109607",-134217728,1.0635035875251e-62,4.5429612285052e-59,-0.0151565568890113,"distalintestine"
"9-48531838","ENSSSAG00000086052",-134217728,1.0635035875251e-62,4.5429612285052e-59,-0.491407302614744,"distalintestine"
"9-51015601","ENSSSAG00000103188",-134217728,1.0635035875251e-62,4.5429612285052e-59,-0.0263273732017872,"distalintestine"
"9-151435702","ENSSSAG00000093781",-134217728,1.0635035875251e-62,4.5429612285052e-59,-0.0927104397703916,"distalintestine"
"11-31697200","ENSSSAG00000039611",-134217728,1.0635035875251e-62,4.5429612285052e-59,-0.152586313987689,"distalintestine"
"11-37076911","ENSSSAG00000004207",-134217728,1.0635035875251e-62,4.5429612285052e-59,-0.270748251193667,"distalintestine"
"11-105352700","ENSSSAG00000091045",-134217728,1.0635035875251e-62,4.5429612285052e-59,-0.254288448637362,"distalintestine"
"11-105354680","ENSSSAG00000091045",-134217728,1.0635035875251e-62,4.5429612285052e-59,-0.254288448637362,"distalintestine"
"11-105352700","ENSSSAG00000103866",-134217728,1.0635035875251e-62,4.5429612285052e-59,-0.0629620149383535,"distalintestine"
"11-105354680","ENSSSAG00000103866",-134217728,1.0635035875251e-62,4.5429612285052e-59,-0.0629620149383535,"distalintestine"
"11-106794158","ENSSSAG00000098543",-134217728,1.0635035875251e-62,4.5429612285052e-59,-0.0581377674499418,"distalintestine"
"12-7186683","ENSSSAG00000094858",-134217728,1.0635035875251e-62,4.5429612285052e-59,-0.0239601310523983,"distalintestine"
"13-107150807","ENSSSAG00000117404",-134217728,1.0635035875251e-62,4.5429612285052e-59,-0.0304130066502572,"distalintestine"
"13-108861616","ENSSSAG00000114061",-134217728,1.0635035875251e-62,4.5429612285052e-59,-0.277301379005916,"distalintestine"
"13-112476901","ENSSSAG00000105320",-134217728,1.0635035875251e-62,4.5429612285052e-59,-0.280446710233639,"distalintestine"
"14-51645467","ENSSSAG00000089257",-134217728,1.0635035875251e-62,4.5429612285052e-59,-0.186531017901153,"distalintestine"
"15-12369649","ENSSSAG00000087455",134217728,1.0635035875251e-62,4.5429612285052e-59,0.13573471352932,"distalintestine"
"16-24591432","ENSSSAG00000044405",-134217728,1.0635035875251e-62,4.5429612285052e-59,-0.0360628477251571,"distalintestine"
"16-74701700","ENSSSAG00000091784",-134217728,1.0635035875251e-62,4.5429612285052e-59,-0.165767796210301,"distalintestine"
"17-60169319","ENSSSAG00000112572",-134217728,1.0635035875251e-62,4.5429612285052e-59,-0.0853975755122284,"distalintestine"
"17-77877033","ENSSSAG00000115004",134217728,1.0635035875251e-62,4.5429612285052e-59,0.0648968944141967,"distalintestine"
"19-82832103","ENSSSAG00000108434",-134217728,1.0635035875251e-62,4.5429612285052e-59,-0.0684200407841009,"distalintestine"
"24-43249474","ENSSSAG00000098117",-134217728,1.0635035875251e-62,4.5429612285052e-59,-0.045945168623823,"distalintestine"
"24-43319221","ENSSSAG00000098117",-134217728,1.0635035875251e-62,4.5429612285052e-59,-0.045945168623823,"distalintestine"
"27-12480094","ENSSSAG00000041678",-134217728,1.0635035875251e-62,4.5429612285052e-59,-0.100415308250686,"distalintestine"
"27-35879181","ENSSSAG00000094437",-134217728,1.0635035875251e-62,4.5429612285052e-59,-0.0381373472715357,"distalintestine"
"27-35937876","ENSSSAG00000094437",-134217728,1.0635035875251e-62,4.5429612285052e-59,-0.0381373472715357,"distalintestine"
"27-40438110","ENSSSAG00000115402",134217728,1.0635035875251e-62,4.5429612285052e-59,0.273616108989509,"distalintestine"
"27-40438390","ENSSSAG00000115402",134217728,1.0635035875251e-62,4.5429612285052e-59,0.273616108989509,"distalintestine"
"28-30558860","ENSSSAG00000107479",-134217728,1.0635035875251e-62,4.5429612285052e-59,-0.0504601974586526,"distalintestine"
"28-35708467","ENSSSAG00000097023",134217728,1.0635035875251e-62,4.5429612285052e-59,0.11360900315714,"distalintestine"
"29-28564058","ENSSSAG00000120789",-134217728,1.0635035875251e-62,4.5429612285052e-59,-0.0329182016788471,"distalintestine"
"29-30123919","ENSSSAG00000082161",-134217728,1.0635035875251e-62,4.5429612285052e-59,-0.0760170772238322,"distalintestine"
"29-30123958","ENSSSAG00000082161",-134217728,1.0635035875251e-62,4.5429612285052e-59,-0.0760170772238322,"distalintestine"
"29-30124029","ENSSSAG00000082161",-134217728,1.0635035875251e-62,4.5429612285052e-59,-0.0760170772238322,"distalintestine"
"29-30124291","ENSSSAG00000082161",-134217728,1.0635035875251e-62,4.5429612285052e-59,-0.0760170772238322,"distalintestine"
"29-30124717","ENSSSAG00000082161",-134217728,1.0635035875251e-62,4.5429612285052e-59,-0.0760170772238322,"distalintestine"
"2-72325483","ENSSSAG00000104620",109588316.011887,5.38398691184588e-62,2.26841687710194e-58,0.269922551591503,"distalintestine"
"6-348152","ENSSSAG00000110876",109588316.011887,5.38398691184588e-62,2.26841687710194e-58,0.0729418639423165,"distalintestine"
"6-412295","ENSSSAG00000110876",109588316.011887,5.38398691184588e-62,2.26841687710194e-58,0.0729418639423165,"distalintestine"
"6-6267317","ENSSSAG00000093818",109588316.011887,5.38398691184588e-62,2.26841687710194e-58,0.035322741307112,"distalintestine"
"6-25145755","ENSSSAG00000000358",109588316.011887,5.38398691184588e-62,2.26841687710194e-58,0.694286531253371,"distalintestine"
"12-94957429","ENSSSAG00000108215",109588316.011887,5.38398691184588e-62,2.26841687710194e-58,0.0737958520207291,"distalintestine"
"13-108749984","ENSSSAG00000114061",109588316.011887,5.38398691184588e-62,2.26841687710194e-58,0.277301379005916,"distalintestine"
"26-52940920","ENSSSAG00000099027",109588316.011887,5.38398691184588e-62,2.26841687710194e-58,0.463290521676551,"distalintestine"
"26-52940920","ENSSSAG00000083914",109588316.011887,5.38398691184588e-62,2.26841687710194e-58,0.201434403762714,"distalintestine"
"3-92785067","ENSSSAG00000109173",-5142.64279099005,2.28942634603976e-27,9.6313248140972e-24,-0.0767172836925443,"distalintestine"
"17-30994560","ENSSSAG00000087802",573.222905609568,9.60708577510856e-20,4.03545492421529e-16,0.127396727416186,"distalintestine"
"6-39669203","ENSSSAG00000061114",517.902643881829,2.16364680151526e-19,9.04727115173153e-16,0.15026200324643,"distalintestine"
"6-39669232","ENSSSAG00000061114",517.902643881829,2.16364680151526e-19,9.04727115173153e-16,0.15026200324643,"distalintestine"
"6-39669482","ENSSSAG00000061114",517.902643881829,2.16364680151526e-19,9.04727115173153e-16,0.15026200324643,"distalintestine"
"23-45585070","ENSSSAG00000068015",-304.714772472005,1.50638245235695e-17,6.2894393942173e-14,-3.06927086535281,"distalintestine"
"17-27931040","ENSSSAG00000072050",270.391170869825,3.91838318011254e-17,1.63108818668742e-13,0.0348075415436465,"distalintestine"
"17-27931133","ENSSSAG00000072050",270.391170869825,3.91838318011254e-17,1.63108818668742e-13,0.0348075415436465,"distalintestine"
"17-25749665","ENSSSAG00000090906",222.376215041398,1.87179567989444e-16,7.77996018807508e-13,0.0237780252955533,"distalintestine"
"10-117813465","ENSSSAG00000098915",206.265578923473,3.41593804805472e-16,1.417680256411e-12,0.24999634813952,"distalintestine"
"13-101656963","ENSSSAG00000075290",-198.525564270696,4.6384105694762e-16,1.91928360233812e-12,-0.68578295205946,"distalintestine"
"13-101658619","ENSSSAG00000075290",-198.525564270696,4.6384105694762e-16,1.91928360233812e-12,-0.68578295205946,"distalintestine"
"12-4433971","ENSSSAG00000090079",-158.553040218302,2.80107004647249e-15,1.14874078711692e-11,-1.10874384747659,"distalintestine"
"12-4814136","ENSSSAG00000090079",-158.553040218302,2.80107004647249e-15,1.14874078711692e-11,-1.10874384747659,"distalintestine"
"12-4314473","ENSSSAG00000090079",-158.553040218191,2.80107004648813e-15,1.14874078711692e-11,-1.10874384747659,"distalintestine"
"12-4318007","ENSSSAG00000090079",-158.553040218191,2.80107004648813e-15,1.14874078711692e-11,-1.10874384747659,"distalintestine"
"12-4775545","ENSSSAG00000090079",-158.553040218191,2.80107004648813e-15,1.14874078711692e-11,-1.10874384747659,"distalintestine"
"12-4775560","ENSSSAG00000090079",-158.553040218191,2.80107004648813e-15,1.14874078711692e-11,-1.10874384747659,"distalintestine"
"12-75894548","ENSSSAG00000117805",155.712809870235,3.23673778052924e-15,1.31766549403184e-11,0.0781825864307508,"distalintestine"
"12-75894641","ENSSSAG00000117805",155.712809870235,3.23673778052924e-15,1.31766549403184e-11,0.0781825864307508,"distalintestine"
"12-75895513","ENSSSAG00000117805",155.712809870235,3.23673778052924e-15,1.31766549403184e-11,0.0781825864307508,"distalintestine"
"12-75899223","ENSSSAG00000117805",155.712809870235,3.23673778052924e-15,1.31766549403184e-11,0.0781825864307508,"distalintestine"
"12-75943342","ENSSSAG00000117805",155.712809870235,3.23673778052924e-15,1.31766549403184e-11,0.0781825864307508,"distalintestine"
"1-90601407","ENSSSAG00000000643",-150.632898269984,4.21995893315007e-15,1.71290110236911e-11,-4.07165119718336,"distalintestine"
"1-90607098","ENSSSAG00000000643",-150.632898269984,4.21995893315007e-15,1.71290110236911e-11,-4.07165119718336,"distalintestine"
"17-39165803","ENSSSAG00000114869",149.808181806536,4.40936991012577e-15,1.7871672622177e-11,0.0165169258497093,"distalintestine"
"14-31329364","ENSSSAG00000047975",-143.202359537409,6.32421787839273e-15,2.55953469001265e-11,-0.0510293056504805,"distalintestine"
"6-71519006","ENSSSAG00000117237",136.95234467294,9.03640156567382e-15,3.65187727640859e-11,0.06839386028221,"distalintestine"
"14-77265708","ENSSSAG00000074845",-135.241990090924,9.99175803813937e-15,4.02622682705187e-11,-0.0286499934961096,"distalintestine"
"14-77265966","ENSSSAG00000074845",-135.241990090924,9.99175803813937e-15,4.02622682705187e-11,-0.0286499934961096,"distalintestine"
"15-21383727","ENSSSAG00000107443",127.991477598083,1.55240943484468e-14,6.24642916704431e-11,0.983753685286781,"distalintestine"
"19-57426614","ENSSSAG00000049519",111.491265667325,4.68042564814535e-14,1.87781183164937e-10,0.116697420725016,"distalintestine"
"19-57469096","ENSSSAG00000049519",111.491265667325,4.68042564814535e-14,1.87781183164937e-10,0.116697420725016,"distalintestine"
"1-118018932","ENSSSAG00000094559",-107.542799148125,6.24433553537298e-14,2.4485647086941e-10,-0.974825952258686,"distalintestine"
"1-118019889","ENSSSAG00000094559",-107.542799148125,6.24433553537298e-14,2.4485647086941e-10,-0.974825952258686,"distalintestine"
"1-118019928","ENSSSAG00000094559",-107.542799148125,6.24433553537298e-14,2.4485647086941e-10,-0.974825952258686,"distalintestine"
"1-118053445","ENSSSAG00000094559",-107.542799148125,6.24433553537298e-14,2.4485647086941e-10,-0.974825952258686,"distalintestine"
"1-118058815","ENSSSAG00000094559",-107.542799148125,6.24433553537298e-14,2.4485647086941e-10,-0.974825952258686,"distalintestine"
"1-118083972","ENSSSAG00000094559",-107.542799148125,6.24433553537298e-14,2.4485647086941e-10,-0.974825952258686,"distalintestine"
"1-118084036","ENSSSAG00000094559",-107.542799148125,6.24433553537298e-14,2.4485647086941e-10,-0.974825952258686,"distalintestine"
"1-118084177","ENSSSAG00000094559",-107.542799148125,6.24433553537298e-14,2.4485647086941e-10,-0.974825952258686,"distalintestine"
"1-118084412","ENSSSAG00000094559",-107.542799148125,6.24433553537298e-14,2.4485647086941e-10,-0.974825952258686,"distalintestine"
"1-118084510","ENSSSAG00000094559",-107.542799148125,6.24433553537298e-14,2.4485647086941e-10,-0.974825952258686,"distalintestine"
"1-118087973","ENSSSAG00000094559",-107.542799148125,6.24433553537298e-14,2.4485647086941e-10,-0.974825952258686,"distalintestine"
"1-118105768","ENSSSAG00000094559",-107.542799148125,6.24433553537298e-14,2.4485647086941e-10,-0.974825952258686,"distalintestine"
"1-118105935","ENSSSAG00000094559",-107.542799148125,6.24433553537298e-14,2.4485647086941e-10,-0.974825952258686,"distalintestine"
"1-118115314","ENSSSAG00000094559",-107.542799148125,6.24433553537298e-14,2.4485647086941e-10,-0.974825952258686,"distalintestine"
"1-118167855","ENSSSAG00000094559",-107.542799148125,6.24433553537298e-14,2.4485647086941e-10,-0.974825952258686,"distalintestine"
"1-118050941","ENSSSAG00000094559",107.542799148107,6.24433553538101e-14,2.4485647086941e-10,0.974825952258686,"distalintestine"
"21-53840502","ENSSSAG00000075388",101.155812377513,1.01875418481001e-13,3.9891550429663e-10,0.211518149226515,"distalintestine"
"5-4278899","ENSSSAG00000083109",99.4401415117082,1.16804551050154e-13,4.56728694228946e-10,0.0302975524089945,"distalintestine"
"12-20800901","ENSSSAG00000003356",98.7726162064165,1.23266207921981e-13,4.81316173157939e-10,0.0696781618555982,"distalintestine"
"29-16415229","ENSSSAG00000069389",-94.3245335644145,1.78162172890838e-13,6.94689393260597e-10,-1.8152270830238,"distalintestine"
"14-40995423","ENSSSAG00000065947",85.6926126146832,3.83679475366439e-13,1.49184535240276e-09,1.31604266715412,"distalintestine"
"14-41138080","ENSSSAG00000065947",85.6926126146832,3.83679475366439e-13,1.49184535240276e-09,1.31604266715412,"distalintestine"
"10-92837544","ENSSSAG00000099457",-79.3735754640716,7.07662878800718e-13,2.74772313882733e-09,-1.38714974435346,"distalintestine"
"7-5809116","ENSSSAG00000096306",76.4218672192985,9.57936433409088e-13,3.71428664964557e-09,0.0711658967612454,"distalintestine"
"10-73357251","ENSSSAG00000112850",75.9980915214144,1.00145730644678e-12,3.87761052084399e-09,0.0174571264181261,"distalintestine"
"9-132361582","ENSSSAG00000067689",-75.9180100068259,1.00992899255007e-12,3.90495876427801e-09,-0.990388312590618,"distalintestine"
"18-45087977","ENSSSAG00000100171",-75.5246926578928,1.05272515650662e-12,4.06476390029643e-09,-0.341015854354878,"distalintestine"
"13-63991057","ENSSSAG00000115818",75.281420093192,1.08021482991212e-12,4.16510556216333e-09,0.0391456503649251,"distalintestine"
"10-113874048","ENSSSAG00000051782",-74.1068545429885,1.2248279917124e-12,4.71614744643894e-09,-0.535024609009623,"distalintestine"
"7-65195175","ENSSSAG00000095994",-72.8427003205703,1.40531676596564e-12,5.40360669136305e-09,-0.0869896495281165,"distalintestine"
"13-8819726","ENSSSAG00000039237",-69.3595134024807,2.07860465966738e-12,7.97036788040249e-09,-0.848689320359786,"distalintestine"
"13-8819945","ENSSSAG00000039237",-69.3595134024807,2.07860465966738e-12,7.97036788040249e-09,-0.848689320359786,"distalintestine"
"19-45805384","ENSSSAG00000055822",68.5626233103369,2.27960762773827e-12,8.72903637430942e-09,0.0933509776290734,"distalintestine"
"10-115088129","ENSSSAG00000095616",-67.9501731729844,2.44898918854188e-12,9.36469482493948e-09,-0.0225937623449625,"distalintestine"
"14-35413076","ENSSSAG00000101962",63.7280277845846,4.08787325086305e-12,1.55886238812818e-08,0.0322548511963138,"distalintestine"
"14-35432593","ENSSSAG00000101962",63.7280277845846,4.08787325086305e-12,1.55886238812818e-08,0.0322548511963138,"distalintestine"
"26-36230914","ENSSSAG00000093643",63.4365165015351,4.24031697101195e-12,1.6147738609792e-08,0.010827575426772,"distalintestine"
"3-85688052","ENSSSAG00000109352",62.4338859490978,4.81559074484419e-12,1.83133084692224e-08,0.443604628514552,"distalintestine"
"11-108557385","ENSSSAG00000007608",59.9357412517935,6.67195292157332e-12,2.53034864174005e-08,1.08152434509916,"distalintestine"
"11-108356423","ENSSSAG00000007608",-59.9357412517905,6.67195292157597e-12,2.53034864174005e-08,-1.08152434509916,"distalintestine"
"12-23050401","ENSSSAG00000108850",-57.4307186205038,9.38158804743838e-12,3.55312139480421e-08,-0.0530260595764427,"distalintestine"
"12-100180120","ENSSSAG00000113174",55.0405495235016,1.31714201522249e-11,4.96809660669355e-08,0.272699761742181,"distalintestine"
"12-100263765","ENSSSAG00000113174",55.0405495235016,1.31714201522249e-11,4.96809660669355e-08,0.272699761742181,"distalintestine"
"12-100264516","ENSSSAG00000113174",55.0405495235016,1.31714201522249e-11,4.96809660669355e-08,0.272699761742181,"distalintestine"
"7-65973254","ENSSSAG00000092303",54.6163771748965,1.40102979087208e-11,5.2773308683405e-08,0.118076504932599,"distalintestine"
"4-75925535","ENSSSAG00000075796",-49.6623099111844,2.99184730268309e-11,1.1254253786703e-07,-2.44803198133673,"distalintestine"
"3-54712272","ENSSSAG00000050360",-45.3855839992636,6.13499247808873e-11,2.30463652598743e-07,-0.100221028661768,"distalintestine"
"16-48069029","ENSSSAG00000112516",-44.6028833266354,7.04757712569571e-11,2.64387042561608e-07,-0.0460854719905247,"distalintestine"
"20-42665772","ENSSSAG00000053229",43.8063407256839,8.13612671560111e-11,3.04811081639672e-07,0.0368020760208047,"distalintestine"
"24-44764728","ENSSSAG00000116792",42.439745505344,1.04738567855585e-10,3.91862036551292e-07,0.030278811588391,"distalintestine"
"1-98546035","ENSSSAG00000114578",-42.2777514138255,1.07979339362835e-10,4.02899399618343e-07,-0.52224013543588,"distalintestine"
"1-98551112","ENSSSAG00000114578",-42.2777514138255,1.07979339362835e-10,4.02899399618343e-07,-0.52224013543588,"distalintestine"
"11-105675552","ENSSSAG00000082497",41.9119330218792,1.1572096213317e-10,4.31205079609796e-07,0.0668852529167153,"distalintestine"
"6-82018800","ENSSSAG00000015657",-41.8735738491602,1.16568267770442e-10,4.33779314388944e-07,-1.06670120071764,"distalintestine"
"4-25521468","ENSSSAG00000064248",41.3910076539514,1.27845672766392e-10,4.75107595354931e-07,0.156351512437584,"distalintestine"
"7-1448983","ENSSSAG00000103245",-41.3636727957571,1.28520281195664e-10,4.76975237813779e-07,-0.265596329699325,"distalintestine"
"4-80362002","ENSSSAG00000007015",-41.323312489619,1.29523680984376e-10,4.80056493288416e-07,-0.783588373456022,"distalintestine"
"6-34747945","ENSSSAG00000115660",-39.7003144357419,1.78217530622025e-10,6.59649704208048e-07,-0.0874227151828276,"distalintestine"
"16-75118042","ENSSSAG00000104180",-38.250534038386,2.396581287926e-10,8.85881574049946e-07,-2.47225394862483,"distalintestine"
"13-112030432","ENSSSAG00000098944",37.967451257479,2.54257265465685e-10,9.38594927445028e-07,0.313436639613741,"distalintestine"
"28-36805424","ENSSSAG00000108338",37.4273140864774,2.84973695665137e-10,1.04919102354533e-06,0.0351359967863431,"distalintestine"
"28-36805562","ENSSSAG00000108338",37.4273140864774,2.84973695665137e-10,1.04919102354533e-06,0.0351359967863431,"distalintestine"
"24-48219331","ENSSSAG00000063352",-37.1222073802814,3.04156555488845e-10,1.11537306788637e-06,-0.0851194822849846,"distalintestine"
"24-48220166","ENSSSAG00000063352",-37.1222073802814,3.04156555488845e-10,1.11537306788637e-06,-0.0851194822849846,"distalintestine"
"24-48111101","ENSSSAG00000063352",37.12220738028,3.04156555488938e-10,1.11537306788637e-06,0.0851194822849846,"distalintestine"
"15-66310169","ENSSSAG00000065101",36.4530629757893,3.51528859300415e-10,1.28738923510629e-06,0.124302922922582,"distalintestine"
"16-58162753","ENSSSAG00000084171",-36.0900573465384,3.80665434865177e-10,1.39042137598728e-06,-0.0309497698076691,"distalintestine"
"16-58166248","ENSSSAG00000084171",-36.0900573465384,3.80665434865177e-10,1.39042137598728e-06,-0.0309497698076691,"distalintestine"
"10-31009435","ENSSSAG00000089625",-36.0210191699368,3.8650883492918e-10,1.40990743661892e-06,-0.0232596551611141,"distalintestine"
"23-44452764","ENSSSAG00000120998",-32.1028060249459,9.65569907474377e-10,3.5175787858325e-06,-0.306051081319901,"distalintestine"
"4-39080813","ENSSSAG00000077534",-32.0386457285574,9.81038813156647e-10,3.56924193154823e-06,-0.156557614318949,"distalintestine"
"17-15511068","ENSSSAG00000093479",-31.5817201053322,1.0996152393041e-09,3.99290103950265e-06,-1.23533761617576,"distalintestine"
"12-99566246","ENSSSAG00000103257",31.579006638582,1.10036593570966e-09,3.99290103950265e-06,0.0296225742137191,"distalintestine"
"29-38354331","ENSSSAG00000084897",-31.2125478823514,1.20724991581697e-09,4.37502477368227e-06,-0.0440476499176511,"distalintestine"
"1-89643426","ENSSSAG00000005353",-30.7409100825631,1.36239627858786e-09,4.93082338462299e-06,-0.649536703950046,"distalintestine"
"15-9295290","ENSSSAG00000108845",-30.617244040422,1.40670230540014e-09,5.08453923810646e-06,-0.0848311564345623,"distalintestine"
"18-32431542","ENSSSAG00000110731",30.2992004485669,1.52827815836762e-09,5.50960969897156e-06,0.0463326266248447,"distalintestine"
"18-32434220","ENSSSAG00000110731",30.2992004485669,1.52827815836762e-09,5.50960969897156e-06,0.0463326266248447,"distalintestine"
"1-709169","ENSSSAG00000000052",-30.272359391993,1.53906733833791e-09,5.54130001951557e-06,-4.57876753991464,"distalintestine"
"7-13824744","ENSSSAG00000122091",29.880875160668,1.7065712000644e-09,6.1364161199784e-06,0.171760596051015,"distalintestine"
"9-80422428","ENSSSAG00000085205",29.6079385602562,1.83547458839165e-09,6.59137231886169e-06,0.0649188173057718,"distalintestine"
"22-61319807","ENSSSAG00000115629",28.0040677535537,2.85482493094685e-09,1.02386985070982e-05,0.173392656145173,"distalintestine"
"14-94957236","ENSSSAG00000087382",-27.7287756703314,3.08736388003507e-09,1.10441140879661e-05,-0.292338640559707,"distalintestine"
"14-95016171","ENSSSAG00000087382",-27.7287756703314,3.08736388003507e-09,1.10441140879661e-05,-0.292338640559707,"distalintestine"
"3-1172150","ENSSSAG00000088795",-27.3560003908937,3.43693074159874e-09,1.22314541282743e-05,-0.263461665398241,"distalintestine"
"3-1199001","ENSSSAG00000088795",-27.3560003908937,3.43693074159874e-09,1.22314541282743e-05,-0.263461665398241,"distalintestine"
"3-1262082","ENSSSAG00000088795",-27.3560003908937,3.43693074159874e-09,1.22314541282743e-05,-0.263461665398241,"distalintestine"
"3-1269945","ENSSSAG00000088795",-27.3560003908937,3.43693074159874e-09,1.22314541282743e-05,-0.263461665398241,"distalintestine"
"2-21228971","ENSSSAG00000119122",-27.3198175001644,3.47316487358909e-09,1.23445585908107e-05,-0.971414110217164,"distalintestine"
"4-14533481","ENSSSAG00000075716",27.1602137796973,3.63820210060176e-09,1.29145879530847e-05,0.0300309902683439,"distalintestine"
"7-2293688","ENSSSAG00000003391",-26.8665421864318,3.9654216131797e-09,1.3986581851711e-05,-0.511101814788023,"distalintestine"
"7-2294006","ENSSSAG00000003391",-26.8665421864318,3.9654216131797e-09,1.3986581851711e-05,-0.511101814788023,"distalintestine"
"7-2294207","ENSSSAG00000003391",-26.8665421864318,3.9654216131797e-09,1.3986581851711e-05,-0.511101814788023,"distalintestine"
"7-2294324","ENSSSAG00000003391",-26.8665421864318,3.9654216131797e-09,1.3986581851711e-05,-0.511101814788023,"distalintestine"
"7-2294676","ENSSSAG00000003391",-26.8665421864318,3.9654216131797e-09,1.3986581851711e-05,-0.511101814788023,"distalintestine"
"1-88971956","ENSSSAG00000004804",-26.6142949775334,4.2730443989618e-09,1.50524585839001e-05,-0.186427265872669,"distalintestine"
"19-35894878","ENSSSAG00000112899",26.6028509421272,4.28762363615794e-09,1.50846489182819e-05,0.026263084986013,"distalintestine"
"22-27523771","ENSSSAG00000079973",26.040417223638,5.07803373179308e-09,1.78428139133437e-05,2.50364923368651,"distalintestine"
"11-32918428","ENSSSAG00000073682",25.6528144790471,5.71799611363768e-09,2.0066033478133e-05,0.0391326326551781,"distalintestine"
"1-5380683","ENSSSAG00000116087",25.3766370659159,6.22931769746884e-09,2.18327662489331e-05,0.0570868740659417,"distalintestine"
"11-37906539","ENSSSAG00000118563",-24.7291809751161,7.64218536330596e-09,2.67508233662483e-05,-0.614948003207605,"distalintestine"
"2-27123648","ENSSSAG00000052059",-24.5695673564795,8.04363138493302e-09,2.80145635097487e-05,-0.969642643611548,"distalintestine"
"2-27123828","ENSSSAG00000052059",-24.5695673564795,8.04363138493302e-09,2.80145635097487e-05,-0.969642643611548,"distalintestine"
"2-27257834","ENSSSAG00000052059",-24.5695673564795,8.04363138493302e-09,2.80145635097487e-05,-0.969642643611548,"distalintestine"
"2-27351045","ENSSSAG00000052059",-24.5695673564795,8.04363138493302e-09,2.80145635097487e-05,-0.969642643611548,"distalintestine"
"19-48423089","ENSSSAG00000121097",-24.5150114339323,8.18623673678597e-09,2.84754598572862e-05,-0.376670121490218,"distalintestine"
"3-72553156","ENSSSAG00000096220",-23.8797064059359,1.00740014766786e-08,3.49105580497987e-05,-0.422961762676961,"distalintestine"
"3-72572536","ENSSSAG00000096220",-23.8797064059359,1.00740014766786e-08,3.49105580497987e-05,-0.422961762676961,"distalintestine"
"3-72582361","ENSSSAG00000096220",-23.8797064059359,1.00740014766786e-08,3.49105580497987e-05,-0.422961762676961,"distalintestine"
"1-150661650","ENSSSAG00000074457",23.8413829903457,1.02026434374407e-08,3.5270245513941e-05,0.179589205637405,"distalintestine"
"3-64748066","ENSSSAG00000037307",-23.8336913662006,1.02286840390167e-08,3.5270245513941e-05,-1.29059635314525,"distalintestine"
"3-64869793","ENSSSAG00000037307",-23.8336913662006,1.02286840390167e-08,3.5270245513941e-05,-1.29059635314525,"distalintestine"
"3-64853032","ENSSSAG00000037307",-23.8336913662,1.02286840390187e-08,3.5270245513941e-05,-1.29059635314525,"distalintestine"
"1-17627553","ENSSSAG00000093314",23.6848660493977,1.07475387982332e-08,3.70133086819467e-05,0.0960209312154872,"distalintestine"
"5-79100102","ENSSSAG00000040592",-23.0373417103407,1.33771817399062e-08,4.58417167809794e-05,-0.0355400136127021,"distalintestine"
"5-79100146","ENSSSAG00000040592",-23.0373417103407,1.33771817399062e-08,4.58417167809794e-05,-0.0355400136127021,"distalintestine"
"5-79100534","ENSSSAG00000040592",-23.0373417103407,1.33771817399062e-08,4.58417167809794e-05,-0.0355400136127021,"distalintestine"
"5-79100685","ENSSSAG00000040592",-23.0373417103407,1.33771817399062e-08,4.58417167809794e-05,-0.0355400136127021,"distalintestine"
"20-57433555","ENSSSAG00000040477",-22.4871682623077,1.61880871616266e-08,5.54058067811174e-05,-0.48029277929558,"distalintestine"
"10-117426698","ENSSSAG00000093263",22.3042683546558,1.72650882426918e-08,5.90191181538514e-05,0.146434043720676,"distalintestine"
"1-162371333","ENSSSAG00000084128",22.190992802604,1.79723756153415e-08,6.12104890875972e-05,0.623446390134352,"distalintestine"
"1-162415857","ENSSSAG00000084128",-22.190992802604,1.79723756153415e-08,6.12104890875972e-05,-0.623446390134352,"distalintestine"
"1-162436051","ENSSSAG00000084128",-22.190992802604,1.79723756153415e-08,6.12104890875972e-05,-0.623446390134352,"distalintestine"
"29-28564058","ENSSSAG00000009466",-21.293248761698,2.48847272204873e-08,8.44414332074092e-05,-0.676926843190724,"distalintestine"
"29-28790133","ENSSSAG00000009466",-21.293248761698,2.48847272204873e-08,8.44414332074092e-05,-0.676926843190724,"distalintestine"
"29-28638978","ENSSSAG00000009466",-21.2932487616977,2.48847272204898e-08,8.44414332074092e-05,-0.676926843190724,"distalintestine"
"1-162931173","ENSSSAG00000000378",-20.8746890404805,2.909445735824e-08,9.8605633097203e-05,-1.59451736396656,"distalintestine"
"24-47529893","ENSSSAG00000118713",19.7457365543953,4.5047523374964e-08,0.000152486636667388,0.0897645184017817,"distalintestine"
"13-107513957","ENSSSAG00000041294",-19.4431720081606,5.08551217086108e-08,0.000171517188213274,-0.3164943708503,"distalintestine"
"13-107514047","ENSSSAG00000041294",-19.4431720081606,5.08551217086108e-08,0.000171517188213274,-0.3164943708503,"distalintestine"
"13-107553635","ENSSSAG00000041294",-19.4431720081606,5.08551217086108e-08,0.000171517188213274,-0.3164943708503,"distalintestine"
"22-61735163","ENSSSAG00000089009",19.4256593148443,5.12161627021797e-08,0.000172524973424023,0.0107979918041477,"distalintestine"
"14-93498597","ENSSSAG00000044684",-19.3169917785876,5.35218267559293e-08,0.000180072952000532,-1.05700084949062,"distalintestine"
"1-88648176","ENSSSAG00000099860",19.0358373948307,6.00474300191827e-08,0.000201783311051698,0.0795558007563888,"distalintestine"
"17-82292786","ENSSSAG00000096364",18.85199028594,6.47963667779828e-08,0.000217478022655252,0.0732504763257473,"distalintestine"
"3-80688702","ENSSSAG00000104494",18.798202618621,6.62644188424552e-08,0.000221868079740441,0.433099242094939,"distalintestine"
"3-80688983","ENSSSAG00000104494",18.798202618621,6.62644188424552e-08,0.000221868079740441,0.433099242094939,"distalintestine"
"7-6920554","ENSSSAG00000116678",18.4721069858495,7.60057985938413e-08,0.00025417741810599,0.0892284181126247,"distalintestine"
"27-39855153","ENSSSAG00000116685",-18.301734917069,8.17278491806182e-08,0.000272983718543439,-1.80097382106451,"distalintestine"
"29-40218458","ENSSSAG00000083899",-18.2929415010513,8.20360434782638e-08,0.000273683396365886,-0.0378531027837916,"distalintestine"
"17-32827997","ENSSSAG00000102830",-18.0647815156499,9.05072413364319e-08,0.0003015815503209,-0.139915516121758,"distalintestine"
"3-94770274","ENSSSAG00000121639",17.9961535772601,9.32441397441462e-08,0.000310328250531511,0.0255657674792247,"distalintestine"
"12-28178235","ENSSSAG00000113802",-17.940911975636,9.55147439575077e-08,0.00031712370610895,-2.01494883249417,"distalintestine"
"12-28180911","ENSSSAG00000113802",-17.940911975636,9.55147439575077e-08,0.00031712370610895,-2.01494883249417,"distalintestine"
"10-68532886","ENSSSAG00000119236",-17.7856406521476,1.02236359903148e-07,0.000338629421044128,-0.414036576698956,"distalintestine"
"10-68681217","ENSSSAG00000119236",-17.7856406521476,1.02236359903148e-07,0.000338629421044128,-0.414036576698956,"distalintestine"
"19-83389297","ENSSSAG00000043769",-17.7024970421238,1.06052772039868e-07,0.000350015685067279,-0.308653891005362,"distalintestine"
"19-83453462","ENSSSAG00000043769",-17.7024970421238,1.06052772039868e-07,0.000350015685067279,-0.308653891005362,"distalintestine"
"19-83453481","ENSSSAG00000043769",-17.7024970421238,1.06052772039868e-07,0.000350015685067279,-0.308653891005362,"distalintestine"
"17-85538532","ENSSSAG00000100248",-17.4939059869879,1.16351021453021e-07,0.000383547337638325,-1.96889371680033,"distalintestine"
"16-59831078","ENSSSAG00000099239",17.1473611647927,1.36037970646367e-07,0.000446321906655708,0.0962230750071154,"distalintestine"
"16-59831618","ENSSSAG00000099239",17.1473611647927,1.36037970646367e-07,0.000446321906655708,0.0962230750071154,"distalintestine"
"16-59831857","ENSSSAG00000099239",17.1473611647927,1.36037970646367e-07,0.000446321906655708,0.0962230750071154,"distalintestine"
"16-59833891","ENSSSAG00000099239",17.1473611647927,1.36037970646367e-07,0.000446321906655708,0.0962230750071154,"distalintestine"
"1-131979449","ENSSSAG00000000163",16.945183294552,1.49236177389263e-07,0.000487891252860138,0.199446988641554,"distalintestine"
"1-132033092","ENSSSAG00000000163",16.945183294552,1.49236177389263e-07,0.000487891252860138,0.199446988641554,"distalintestine"
"1-132076262","ENSSSAG00000000163",16.945183294552,1.49236177389263e-07,0.000487891252860138,0.199446988641554,"distalintestine"
"6-13582272","ENSSSAG00000003794",-16.9129925083149,1.51467372242775e-07,0.000494602342311473,-0.23685528998934,"distalintestine"
"7-3317070","ENSSSAG00000113030",-16.898647692121,1.52473669110728e-07,0.000497302558367149,-0.35058756892063,"distalintestine"
"15-31868763","ENSSSAG00000101257",-16.7727401690645,1.61635250232768e-07,0.000526564149991258,-0.088428805075523,"distalintestine"
"12-20800901","ENSSSAG00000093693",-16.6476425810001,1.71353890196342e-07,0.000557569670251331,-0.0230028603676987,"distalintestine"
"1-77767474","ENSSSAG00000075572",-16.6025748282217,1.75014400263213e-07,0.000568813009692044,-0.279647477160279,"distalintestine"
"1-1218796","ENSSSAG00000085657",16.4875975664583,1.84757038032173e-07,0.000599072859053447,0.333209848214468,"distalintestine"
"1-1319560","ENSSSAG00000085657",-16.4875975664583,1.84757038032173e-07,0.000599072859053447,-0.333209848214468,"distalintestine"
"13-85229535","ENSSSAG00000009842",16.4796375844171,1.85453723805448e-07,0.000600629365261489,0.494258066422289,"distalintestine"
"25-48781502","ENSSSAG00000085474",-16.3715825711534,1.95208547777146e-07,0.000630144211678285,-0.0397560165050131,"distalintestine"
"1-157720038","ENSSSAG00000115821",-16.3711494605022,1.95248788232438e-07,0.000630144211678285,-0.0683050340648441,"distalintestine"
"1-157720163","ENSSSAG00000115821",-16.3711494605022,1.95248788232438e-07,0.000630144211678285,-0.0683050340648441,"distalintestine"
"19-81968522","ENSSSAG00000094006",-16.3181615639996,2.00242849113466e-07,0.000645510532139401,-0.205540241798996,"distalintestine"
"2-94064935","ENSSSAG00000101431",16.3068781151462,2.01324711551502e-07,0.000647492269432558,0.222600573769409,"distalintestine"
"2-94065060","ENSSSAG00000101431",16.3068781151462,2.01324711551502e-07,0.000647492269432558,0.222600573769409,"distalintestine"
"3-92941576","ENSSSAG00000098880",-16.225210239725,2.09353404028332e-07,0.000672533619045726,-2.1264210620303,"distalintestine"
"24-4388933","ENSSSAG00000113304",15.8654340287171,2.4927137851189e-07,0.00079984059203529,0.096424617268045,"distalintestine"
"3-64586208","ENSSSAG00000116010",15.6713657315875,2.74304516899311e-07,0.000879147245122485,0.321497198056015,"distalintestine"
"16-94379175","ENSSSAG00000087786",-15.5797074462876,2.87098607554604e-07,0.000907561910585282,-0.58508973326884,"distalintestine"
"16-94362553","ENSSSAG00000087786",15.5797074462875,2.8709860755462e-07,0.000907561910585282,0.58508973326884,"distalintestine"
"16-94362647","ENSSSAG00000087786",15.5797074462875,2.8709860755462e-07,0.000907561910585282,0.58508973326884,"distalintestine"
"16-94362676","ENSSSAG00000087786",15.5797074462875,2.8709860755462e-07,0.000907561910585282,0.58508973326884,"distalintestine"
"16-94363021","ENSSSAG00000087786",15.5797074462875,2.8709860755462e-07,0.000907561910585282,0.58508973326884,"distalintestine"
"16-94363272","ENSSSAG00000087786",15.5797074462875,2.8709860755462e-07,0.000907561910585282,0.58508973326884,"distalintestine"
"16-94363292","ENSSSAG00000087786",15.5797074462875,2.8709860755462e-07,0.000907561910585282,0.58508973326884,"distalintestine"
"16-94364799","ENSSSAG00000087786",15.5797074462875,2.8709860755462e-07,0.000907561910585282,0.58508973326884,"distalintestine"
"16-94365999","ENSSSAG00000087786",15.5797074462875,2.8709860755462e-07,0.000907561910585282,0.58508973326884,"distalintestine"
"16-94378879","ENSSSAG00000087786",15.5797074462875,2.8709860755462e-07,0.000907561910585282,0.58508973326884,"distalintestine"
"16-94379097","ENSSSAG00000087786",15.5797074462875,2.8709860755462e-07,0.000907561910585282,0.58508973326884,"distalintestine"
"16-94379963","ENSSSAG00000087786",15.5797074462875,2.8709860755462e-07,0.000907561910585282,0.58508973326884,"distalintestine"
"12-13661741","ENSSSAG00000005266",-15.3656879041577,3.19661205448863e-07,0.00100934627567294,-0.268642514108794,"distalintestine"
"1-21989615","ENSSSAG00000072677",15.2567913676576,3.37804973984963e-07,0.00106542266862657,0.525261184513979,"distalintestine"
"15-54511729","ENSSSAG00000072632",-15.1320166533153,3.60028363363444e-07,0.00113422394610797,-1.2864508973071,"distalintestine"
"26-40616728","ENSSSAG00000109611",-14.9805315639118,3.8924256062586e-07,0.00121658223095528,-0.332362960115862,"distalintestine"
"26-40757362","ENSSSAG00000109611",-14.9805315639118,3.8924256062586e-07,0.00121658223095528,-0.332362960115862,"distalintestine"
"26-40759959","ENSSSAG00000109611",-14.9805315639118,3.8924256062586e-07,0.00121658223095528,-0.332362960115862,"distalintestine"
"26-40760296","ENSSSAG00000109611",-14.9805315639118,3.8924256062586e-07,0.00121658223095528,-0.332362960115862,"distalintestine"
"26-40760850","ENSSSAG00000109611",-14.9805315639118,3.8924256062586e-07,0.00121658223095528,-0.332362960115862,"distalintestine"
"26-40761502","ENSSSAG00000109611",-14.9805315639118,3.8924256062586e-07,0.00121658223095528,-0.332362960115862,"distalintestine"
"26-40761547","ENSSSAG00000109611",-14.9805315639118,3.8924256062586e-07,0.00121658223095528,-0.332362960115862,"distalintestine"
"12-5037892","ENSSSAG00000102000",-14.3542570320963,5.41749320095551e-07,0.00168375263546096,-0.481612025735801,"distalintestine"
"12-5044513","ENSSSAG00000102000",-14.3542570320963,5.41749320095551e-07,0.00168375263546096,-0.481612025735801,"distalintestine"
"12-5044804","ENSSSAG00000102000",-14.3542570320963,5.41749320095551e-07,0.00168375263546096,-0.481612025735801,"distalintestine"
"12-5045082","ENSSSAG00000102000",-14.3542570320963,5.41749320095551e-07,0.00168375263546096,-0.481612025735801,"distalintestine"
"12-5056818","ENSSSAG00000102000",-14.3542570320963,5.41749320095551e-07,0.00168375263546096,-0.481612025735801,"distalintestine"
"13-18353867","ENSSSAG00000009564",14.3220103777523,5.51250086473888e-07,0.00170753810165817,0.0846264067237332,"distalintestine"
"13-18371873","ENSSSAG00000009564",14.3220103777523,5.51250086473888e-07,0.00170753810165817,0.0846264067237332,"distalintestine"
"13-18371922","ENSSSAG00000009564",14.3220103777523,5.51250086473888e-07,0.00170753810165817,0.0846264067237332,"distalintestine"
"17-14169381","ENSSSAG00000053659",-14.3142944213512,5.53551014010673e-07,0.00171275170660848,-0.480398177822054,"distalintestine"
"15-106426165","ENSSSAG00000092091",14.3087722904834,5.55204342207798e-07,0.00171595217260714,0.563761650039948,"distalintestine"
"6-25624210","ENSSSAG00000045557",-14.1344759085674,6.10344389575134e-07,0.00188217514038536,-0.965053879044536,"distalintestine"
"6-25657538","ENSSSAG00000045557",-14.1344759085674,6.10344389575134e-07,0.00188217514038536,-0.965053879044536,"distalintestine"
"10-59444512","ENSSSAG00000055674",-14.0889425942989,6.25742301040004e-07,0.00192537572441724,-0.358761461964284,"distalintestine"
"10-59477373","ENSSSAG00000055674",-14.0889425942989,6.25742301040004e-07,0.00192537572441724,-0.358761461964284,"distalintestine"
"1-162415857","ENSSSAG00000091989",-14.038202291656,6.43416009324534e-07,0.00197537193988336,-0.91870735396846,"distalintestine"
"1-162436051","ENSSSAG00000091989",-14.038202291656,6.43416009324534e-07,0.00197537193988336,-0.91870735396846,"distalintestine"
"27-32037304","ENSSSAG00000071063",-13.9696331340189,6.68195148426004e-07,0.00204917786243442,-0.731224230700458,"distalintestine"
"3-94823949","ENSSSAG00000121639",13.8931054565031,6.9712106872279e-07,0.00213552370754827,0.015841894622668,"distalintestine"
"22-6961064","ENSSSAG00000067456",-13.8378205970292,7.18890707850131e-07,0.00219978096821572,-1.25711678093687,"distalintestine"
"13-19011527","ENSSSAG00000090392",-13.7900302429878,7.38324217620281e-07,0.00225675594257003,-0.222497063609458,"distalintestine"
"3-44666118","ENSSSAG00000004356",13.757670054953,7.5181726293354e-07,0.00229546784221506,1.31298597751505,"distalintestine"
"14-68601168","ENSSSAG00000106126",13.678496697486,7.86009899872221e-07,0.00239722556622976,0.0678025235755975,"distalintestine"
"13-90759142","ENSSSAG00000079136",13.5529990306195,8.43837004465598e-07,0.0025707624162122,0.0822564922480485,"distalintestine"
"4-81187459","ENSSSAG00000020900",-13.529577332347,8.55148873799042e-07,0.00260236445900156,-2.00295177242913,"distalintestine"
"4-77607032","ENSSSAG00000120010",13.3576670032046,9.43570552569615e-07,0.00286515663355396,0.155393466324839,"distalintestine"
"4-77607312","ENSSSAG00000120010",13.3576670032046,9.43570552569615e-07,0.00286515663355396,0.155393466324839,"distalintestine"
"27-20844021","ENSSSAG00000069070",13.3260625045491,9.60916608082927e-07,0.00291463564460605,0.639535532394811,"distalintestine"
"27-34357081","ENSSSAG00000101872",-13.2791696888335,9.87315570962902e-07,0.0029881698575677,-0.359733293103032,"distalintestine"
"27-34555455","ENSSSAG00000101872",-13.2791696888335,9.87315570962902e-07,0.0029881698575677,-0.179866646551516,"distalintestine"
"5-12473436","ENSSSAG00000042018",-13.1442297649324,1.06792677707078e-06,0.00322510280386694,-0.43709324487565,"distalintestine"
"5-12478389","ENSSSAG00000042018",-13.1442297649324,1.06792677707078e-06,0.00322510280386694,-0.43709324487565,"distalintestine"
"22-61546363","ENSSSAG00000089009",13.1317890201979,1.07572233072927e-06,0.00324511013430724,0.00666375929139318,"distalintestine"
"5-85324806","ENSSSAG00000087162",13.1089451989735,1.09020310496318e-06,0.00328165220822962,0.462571174630941,"distalintestine"
"5-85324828","ENSSSAG00000087162",13.1089451989735,1.09020310496318e-06,0.00328165220822962,0.462571174630941,"distalintestine"
"7-3317070","ENSSSAG00000092014",-13.1061060418143,1.09201805785647e-06,0.00328355024980388,-0.319197374199273,"distalintestine"
"10-124860047","ENSSSAG00000073302",-13.0859964375709,1.10497055735086e-06,0.00331889698839647,-0.684632332067312,"distalintestine"
"19-87429278","ENSSSAG00000119043",13.0789402802231,1.1095560961e-06,0.00332906335751603,0.34466547223454,"distalintestine"
"27-43585086","ENSSSAG00000098907",-13.0675361034338,1.11701237504421e-06,0.00333339698675355,-0.25647778153298,"distalintestine"
"27-43585156","ENSSSAG00000098907",-13.0675361034338,1.11701237504421e-06,0.00333339698675355,-0.25647778153298,"distalintestine"
"27-43585246","ENSSSAG00000098907",-13.0675361034338,1.11701237504421e-06,0.00333339698675355,-0.25647778153298,"distalintestine"
"27-43427593","ENSSSAG00000098907",13.0675361034337,1.11701237504425e-06,0.00333339698675355,0.25647778153298,"distalintestine"
"27-43594933","ENSSSAG00000098907",13.0675361034337,1.11701237504425e-06,0.00333339698675355,0.25647778153298,"distalintestine"
"5-68744153","ENSSSAG00000102914",-13.0647511725325,1.11884173160319e-06,0.00333526599885348,-0.12352121799291,"distalintestine"
"20-16362197","ENSSSAG00000074397",13.0132764038259,1.15326571272055e-06,0.0034290515740309,0.385131388352513,"distalintestine"
"22-7871715","ENSSSAG00000074204",-13.0103613005738,1.15525039421543e-06,0.0034290515740309,-0.306711847659728,"distalintestine"
"22-7893272","ENSSSAG00000074204",-13.0103613005738,1.15525039421543e-06,0.0034290515740309,-0.306711847659728,"distalintestine"
"22-7894348","ENSSSAG00000074204",-13.0103613005738,1.15525039421543e-06,0.0034290515740309,-0.306711847659728,"distalintestine"
"11-107864773","ENSSSAG00000113051",-12.8836056811954,1.24536291117277e-06,0.00369257295633014,-0.868036780506458,"distalintestine"
"5-10348977","ENSSSAG00000098977",12.881111012063,1.24721368409253e-06,0.00369410968547709,1.04421926010244,"distalintestine"
"16-71581433","ENSSSAG00000114461",-12.8698497364132,1.25560674179473e-06,0.00370708730870399,-0.0971177985713678,"distalintestine"
"16-71603217","ENSSSAG00000114461",-12.8698497364132,1.25560674179473e-06,0.00370708730870399,-0.0971177985713678,"distalintestine"
"16-71603865","ENSSSAG00000114461",-12.8698497364132,1.25560674179473e-06,0.00370708730870399,-0.0971177985713678,"distalintestine"
"28-35639183","ENSSSAG00000105499",-12.8535234915995,1.26788726190622e-06,0.00372800475938255,-0.291809129742389,"distalintestine"
"28-35647335","ENSSSAG00000105499",-12.8535234915995,1.26788726190622e-06,0.00372800475938255,-0.291809129742389,"distalintestine"
"11-94273090","ENSSSAG00000042162",-12.8491254659338,1.27121838656809e-06,0.00372800475938255,-0.704108566502179,"distalintestine"
"18-37552149","ENSSSAG00000095639",-12.8461871989316,1.27344932983613e-06,0.00372800475938255,-0.217223793905513,"distalintestine"
"18-37572215","ENSSSAG00000095639",-12.8461871989316,1.27344932983613e-06,0.00372800475938255,-0.217223793905513,"distalintestine"
"18-37595034","ENSSSAG00000095639",-12.8461871989316,1.27344932983613e-06,0.00372800475938255,-0.108611896952757,"distalintestine"
"18-37635485","ENSSSAG00000095639",-12.8461871989316,1.27344932983613e-06,0.00372800475938255,-0.217223793905513,"distalintestine"
"18-37641534","ENSSSAG00000095639",-12.8461871989316,1.27344932983613e-06,0.00372800475938255,-0.217223793905513,"distalintestine"
"20-55065493","ENSSSAG00000048642",-12.8087543765779,1.30225803100066e-06,0.00380832036374053,-1.34155722307745,"distalintestine"
"11-42518868","ENSSSAG00000095739",-12.7771062759515,1.32718470413397e-06,0.00387712607336885,-0.312470029989406,"distalintestine"
"13-96031178","ENSSSAG00000005403",-12.7706990704676,1.33229590606514e-06,0.00388796060733227,-0.114785038762597,"distalintestine"
"28-29133886","ENSSSAG00000091705",-12.6755734440946,1.41083183961952e-06,0.00411281811051581,-1.33989665775045,"distalintestine"
"29-8803938","ENSSSAG00000095442",-12.6569074242001,1.42684337925319e-06,0.00415512529281682,-1.69342151559173,"distalintestine"
"21-56092109","ENSSSAG00000117523",-12.5765042672982,1.49817737030226e-06,0.00435827971755792,-1.24039080501924,"distalintestine"
"14-32803664","ENSSSAG00000083892",12.4922219048557,1.57726850210311e-06,0.00458355053371805,0.0461038440023076,"distalintestine"
"11-92530190","ENSSSAG00000077939",12.4805074257305,1.58862687368491e-06,0.00461172392889635,0.15071842094591,"distalintestine"
"27-40463640","ENSSSAG00000090397",-12.442041674443,1.62657212834109e-06,0.0047070908997826,-0.351570554883633,"distalintestine"
"27-40470736","ENSSSAG00000090397",-12.442041674443,1.62657212834109e-06,0.0047070908997826,-0.351570554883633,"distalintestine"
"27-40487111","ENSSSAG00000090397",-12.442041674443,1.62657212834109e-06,0.0047070908997826,-0.351570554883633,"distalintestine"
"2-1279488","ENSSSAG00000104801",-12.3891143456567,1.68045237296124e-06,0.00485794248871665,-0.333561343966844,"distalintestine"
"6-10515894","ENSSSAG00000003399",-12.2432237746895,1.83960536867698e-06,0.00531249095014468,-0.653204809156185,"distalintestine"
"6-25054584","ENSSSAG00000044566",-12.1916779529223,1.89981546978094e-06,0.00547496208058454,-0.456760991464292,"distalintestine"
"6-25155331","ENSSSAG00000044566",-12.1916779529223,1.89981546978094e-06,0.00547496208058454,-0.456760991464292,"distalintestine"
"7-67172632","ENSSSAG00000059312",-12.1385034413388,1.96424887494531e-06,0.00563137964759921,-0.0642974206967922,"distalintestine"
"7-67173247","ENSSSAG00000059312",-12.1385034413388,1.96424887494531e-06,0.00563137964759921,-0.0642974206967922,"distalintestine"
"7-67173251","ENSSSAG00000059312",-12.1385034413388,1.96424887494531e-06,0.00563137964759921,-0.0642974206967922,"distalintestine"
"7-67172716","ENSSSAG00000059312",12.1385034413388,1.96424887494538e-06,0.00563137964759921,0.0642974206967922,"distalintestine"
"7-67172893","ENSSSAG00000059312",12.1385034413388,1.96424887494538e-06,0.00563137964759921,0.0642974206967922,"distalintestine"
"13-66159250","ENSSSAG00000001142",-12.135341227339,1.9681569811536e-06,0.00563675482996342,-0.244067177571248,"distalintestine"
"27-11097002","ENSSSAG00000119837",-12.034506587558,2.09745741689412e-06,0.00600086896090883,-0.577086057728245,"distalintestine"
"6-29411444","ENSSSAG00000119791",-12.0179708838734,2.11955519037512e-06,0.0060578395065747,-1.22212806815563,"distalintestine"
"5-9909101","ENSSSAG00000075781",-11.9698246217126,2.18539389929571e-06,0.00623957866471738,-1.87869508819698,"distalintestine"
"7-35726509","ENSSSAG00000007359",11.967970991336,2.18797404138352e-06,0.00624051840141434,0.290627076174204,"distalintestine"
"14-92636252","ENSSSAG00000042788",-11.9527009189544,2.20935922074673e-06,0.00628857355143076,-0.236732157588227,"distalintestine"
"14-92695051","ENSSSAG00000042788",11.9527009189544,2.20935922074673e-06,0.00628857355143076,0.236732157588227,"distalintestine"
"17-15511068","ENSSSAG00000097885",-11.8813737596828,2.31239752260985e-06,0.00657510431944558,-1.41111643329944,"distalintestine"
"8-20376260","ENSSSAG00000003511",11.8593693344064,2.34526162686631e-06,0.00666171805404574,0.674793070447749,"distalintestine"
"24-48714020","ENSSSAG00000113353",11.843458295201,2.36935064773947e-06,0.00671637986901526,0.619239908218029,"distalintestine"
"24-48738827","ENSSSAG00000113353",11.843458295201,2.36935064773947e-06,0.00671637986901526,0.619239908218029,"distalintestine"
"28-30108622","ENSSSAG00000066384",-11.8399394273875,2.37471544798755e-06,0.00672471144351776,-0.171022238353185,"distalintestine"
"21-36540275","ENSSSAG00000083816",11.8132285398518,2.41588429000928e-06,0.00682734564509391,0.118356919149497,"distalintestine"
"21-36540325","ENSSSAG00000083816",11.8132285398518,2.41588429000928e-06,0.00682734564509391,0.118356919149497,"distalintestine"
"16-58875593","ENSSSAG00000095665",-11.7895887336114,2.45298655044557e-06,0.00686833897008172,-0.238483162101405,"distalintestine"
"16-58876799","ENSSSAG00000095665",-11.7895887336114,2.45298655044557e-06,0.00686833897008172,-0.238483162101405,"distalintestine"
"16-58876802","ENSSSAG00000095665",-11.7895887336114,2.45298655044557e-06,0.00686833897008172,-0.238483162101405,"distalintestine"
"16-58877961","ENSSSAG00000095665",-11.7895887336114,2.45298655044557e-06,0.00686833897008172,-0.238483162101405,"distalintestine"
"16-58878489","ENSSSAG00000095665",-11.7895887336114,2.45298655044557e-06,0.00686833897008172,-0.238483162101405,"distalintestine"
"16-58878808","ENSSSAG00000095665",-11.7895887336114,2.45298655044557e-06,0.00686833897008172,-0.238483162101405,"distalintestine"
"16-58883257","ENSSSAG00000095665",-11.7895887336114,2.45298655044557e-06,0.00686833897008172,-0.238483162101405,"distalintestine"
"3-61538397","ENSSSAG00000002296",-11.7788635818567,2.47002933388184e-06,0.00686833897008172,-0.745056185083827,"distalintestine"
"3-61538400","ENSSSAG00000002296",-11.7788635818567,2.47002933388184e-06,0.00686833897008172,-0.745056185083827,"distalintestine"
"3-61539402","ENSSSAG00000002296",-11.7788635818567,2.47002933388184e-06,0.00686833897008172,-0.745056185083827,"distalintestine"
"3-61539953","ENSSSAG00000002296",-11.7788635818567,2.47002933388184e-06,0.00686833897008172,-0.745056185083827,"distalintestine"
"3-61541686","ENSSSAG00000002296",-11.7788635818567,2.47002933388184e-06,0.00686833897008172,-0.745056185083827,"distalintestine"
"3-61542823","ENSSSAG00000002296",-11.7788635818567,2.47002933388184e-06,0.00686833897008172,-0.745056185083827,"distalintestine"
"3-61543318","ENSSSAG00000002296",-11.7788635818567,2.47002933388184e-06,0.00686833897008172,-0.745056185083827,"distalintestine"
"3-61543971","ENSSSAG00000002296",-11.7788635818567,2.47002933388184e-06,0.00686833897008172,-0.745056185083827,"distalintestine"
"3-61880960","ENSSSAG00000002296",11.7788635818566,2.4700293338819e-06,0.00686833897008172,0.745056185083827,"distalintestine"
"22-37161010","ENSSSAG00000066457",11.7528613092227,2.51190073032412e-06,0.00697777078136145,0.603931408488664,"distalintestine"
"16-77050611","ENSSSAG00000101510",-11.7047173392305,2.59153952143435e-06,0.00716311083740637,-0.401767807425225,"distalintestine"
"16-77051495","ENSSSAG00000101510",-11.7047173392305,2.59153952143435e-06,0.00716311083740637,-0.401767807425225,"distalintestine"
"16-77092187","ENSSSAG00000101510",-11.7047173392305,2.59153952143435e-06,0.00716311083740637,-0.401767807425225,"distalintestine"
"16-77094199","ENSSSAG00000101510",-11.7047173392305,2.59153952143435e-06,0.00716311083740637,-0.401767807425225,"distalintestine"
"16-77305855","ENSSSAG00000101510",-11.7047173392305,2.59153952143435e-06,0.00716311083740637,-0.803535614850451,"distalintestine"
"9-25267995","ENSSSAG00000002276",-11.6247083146109,2.7302133889496e-06,0.00753889417766261,-0.53549843358571,"distalintestine"
"24-29132836","ENSSSAG00000067877",-11.6051369337149,2.76538567877951e-06,0.00762841682931852,-1.96542415248489,"distalintestine"
"2-61012763","ENSSSAG00000077343",-11.5862949520431,2.79972656876462e-06,0.00771547033663682,-1.04019144865382,"distalintestine"
"12-10482825","ENSSSAG00000115216",11.5823725201972,2.80693531172877e-06,0.00771998825975171,0.287982217258185,"distalintestine"
"12-10482911","ENSSSAG00000115216",11.5823725201972,2.80693531172877e-06,0.00771998825975171,0.287982217258185,"distalintestine"
"15-86223489","ENSSSAG00000087193",-11.5162045843638,2.93172340250316e-06,0.00800758798890474,-0.41737798618272,"distalintestine"
"15-85700066","ENSSSAG00000087193",-11.5162045843637,2.93172340250321e-06,0.00800758798890474,-0.41737798618272,"distalintestine"
"15-85749963","ENSSSAG00000087193",-11.5162045843637,2.93172340250321e-06,0.00800758798890474,-0.41737798618272,"distalintestine"
"15-85749991","ENSSSAG00000087193",-11.5162045843637,2.93172340250321e-06,0.00800758798890474,-0.41737798618272,"distalintestine"
"15-85750352","ENSSSAG00000087193",-11.5162045843637,2.93172340250321e-06,0.00800758798890474,-0.41737798618272,"distalintestine"
"15-86061168","ENSSSAG00000087193",-11.5162045843637,2.93172340250321e-06,0.00800758798890474,-0.20868899309136,"distalintestine"
"15-86064813","ENSSSAG00000087193",-11.5162045843637,2.93172340250321e-06,0.00800758798890474,-0.20868899309136,"distalintestine"
"4-75925535","ENSSSAG00000045443",-11.5129673130188,2.9379859669343e-06,0.00801679497807579,-0.4509589549942,"distalintestine"
"10-121152916","ENSSSAG00000072497",-11.5026441645346,2.95805643385762e-06,0.00806362402676505,-0.426782829746118,"distalintestine"
"9-98631193","ENSSSAG00000099003",-11.4843331511193,2.99403538571955e-06,0.00815368480044843,-1.07047267627098,"distalintestine"
"2-72941153","ENSSSAG00000089213",-11.4805846375895,3.00146095879184e-06,0.00816588543515843,-0.573534646188414,"distalintestine"
"8-24889697","ENSSSAG00000081949",-11.4627131091736,3.03714767800226e-06,0.00824678999511099,-0.116954188210347,"distalintestine"
"8-24889908","ENSSSAG00000081949",-11.4627131091736,3.03714767800226e-06,0.00824678999511099,-0.116954188210347,"distalintestine"
"13-101801939","ENSSSAG00000093843",11.3940439343008,3.17875206445572e-06,0.00862284396487324,0.784025405144678,"distalintestine"
"3-65965437","ENSSSAG00000098464",-11.3836355716659,3.20085288556167e-06,0.00867430819098366,-0.155197888612635,"distalintestine"
"3-5897402","ENSSSAG00000100188",-11.3815050726047,3.20539787997226e-06,0.00867545366563749,-0.368507532346585,"distalintestine"
"23-36766823","ENSSSAG00000054630",-11.3805048362692,3.20753417335332e-06,0.00867545366563749,-0.274959164689131,"distalintestine"
"14-82997162","ENSSSAG00000010191",-11.3404905134791,3.29431625676772e-06,0.00888417168658452,-0.312275376485412,"distalintestine"
"14-82997288","ENSSSAG00000010191",-11.3404905134791,3.29431625676772e-06,0.00888417168658452,-0.312275376485412,"distalintestine"
"14-82735898","ENSSSAG00000010191",-11.340490513479,3.29431625676782e-06,0.00888417168658452,-0.312275376485412,"distalintestine"
"9-45700659","ENSSSAG00000034367",-11.3258458989,3.32673085202086e-06,0.00896286920918575,-1.42582748453792,"distalintestine"
"1-132076262","ENSSSAG00000000743",11.3223788668687,3.33445693535497e-06,0.00897496277780166,0.3209739339966,"distalintestine"
"18-45087977","ENSSSAG00000099378",-11.3013550653509,3.3817391654044e-06,0.00909339821405085,-0.448206412591771,"distalintestine"
"5-52061909","ENSSSAG00000109771",-11.2264841093246,3.55631345498183e-06,0.00955355709722511,-0.319129628044709,"distalintestine"
"6-12472013","ENSSSAG00000116946",-11.2146845437885,3.58473455838161e-06,0.0096112800517445,-0.314382390316587,"distalintestine"
"6-12486248","ENSSSAG00000116946",11.2146845437884,3.58473455838171e-06,0.0096112800517445,0.314382390316587,"distalintestine"
"6-82493815","ENSSSAG00000120456",11.2041714053163,3.6102711344684e-06,0.00967039552072429,0.0978835400280428,"distalintestine"
"20-59938062","ENSSSAG00000079468",-11.1550649924262,3.73227639235715e-06,0.00998754640786399,-1.01856876983248,"distalintestine"
"3-95911626","ENSSSAG00000093733",-11.1131032765131,3.8401897479073e-06,0.0102367975034866,-2.16251260208862,"distalintestine"
"3-95912878","ENSSSAG00000093733",-11.1131032765131,3.8401897479073e-06,0.0102367975034866,-2.16251260208862,"distalintestine"
"3-95912880","ENSSSAG00000093733",-11.1131032765131,3.8401897479073e-06,0.0102367975034866,-2.16251260208862,"distalintestine"
"3-95912907","ENSSSAG00000093733",-11.1131032765131,3.8401897479073e-06,0.0102367975034866,-2.16251260208862,"distalintestine"
"9-92482522","ENSSSAG00000113045",-11.0788612185063,3.9308379029722e-06,0.0104482990534123,-0.256081992222599,"distalintestine"
"9-92482782","ENSSSAG00000113045",-11.0788612185063,3.9308379029722e-06,0.0104482990534123,-0.256081992222599,"distalintestine"
"9-92598674","ENSSSAG00000113045",-11.0788612185063,3.9308379029722e-06,0.0104482990534123,-0.256081992222599,"distalintestine"
"4-86308454","ENSSSAG00000097513",11.029620323308,4.06541441060371e-06,0.0107135610908125,0.62761032451733,"distalintestine"
"4-86308607","ENSSSAG00000097513",11.029620323308,4.06541441060371e-06,0.0107135610908125,0.62761032451733,"distalintestine"
"4-86309371","ENSSSAG00000097513",11.029620323308,4.06541441060371e-06,0.0107135610908125,0.62761032451733,"distalintestine"
"4-86309448","ENSSSAG00000097513",11.029620323308,4.06541441060371e-06,0.0107135610908125,0.62761032451733,"distalintestine"
"4-86309905","ENSSSAG00000097513",11.029620323308,4.06541441060371e-06,0.0107135610908125,0.62761032451733,"distalintestine"
"4-86310440","ENSSSAG00000097513",11.029620323308,4.06541441060371e-06,0.0107135610908125,0.62761032451733,"distalintestine"
"4-86313365","ENSSSAG00000097513",11.029620323308,4.06541441060371e-06,0.0107135610908125,0.62761032451733,"distalintestine"
"4-86314469","ENSSSAG00000097513",11.029620323308,4.06541441060371e-06,0.0107135610908125,0.62761032451733,"distalintestine"
"4-86545500","ENSSSAG00000097513",-11.029620323308,4.06541441060377e-06,0.0107135610908125,-0.62761032451733,"distalintestine"
"1-96616406","ENSSSAG00000000815",-11.0193825725303,4.09403653223832e-06,0.0107685163238935,-0.612181432249968,"distalintestine"
"1-96635869","ENSSSAG00000000815",-11.0193825725303,4.09403653223832e-06,0.0107685163238935,-0.612181432249968,"distalintestine"
"15-2323083","ENSSSAG00000112425",10.9602668377883,4.26377932303685e-06,0.0111581101077142,0.0697586037437051,"distalintestine"
"15-2323304","ENSSSAG00000112425",10.9602668377883,4.26377932303685e-06,0.0111581101077142,0.0697586037437051,"distalintestine"
"15-2323308","ENSSSAG00000112425",10.9602668377883,4.26377932303685e-06,0.0111581101077142,0.0697586037437051,"distalintestine"
"28-41078371","ENSSSAG00000102002",10.958039023986,4.2703282418085e-06,0.0111581101077142,0.302445458240421,"distalintestine"
"28-41087613","ENSSSAG00000102002",10.958039023986,4.2703282418085e-06,0.0111581101077142,0.302445458240421,"distalintestine"
"28-41088742","ENSSSAG00000102002",10.958039023986,4.2703282418085e-06,0.0111581101077142,0.302445458240421,"distalintestine"
"28-41088821","ENSSSAG00000102002",10.958039023986,4.2703282418085e-06,0.0111581101077142,0.302445458240421,"distalintestine"
"8-11550770","ENSSSAG00000068071",-10.9566008096842,4.27456201176006e-06,0.0111586555814508,-0.455306798890717,"distalintestine"
"14-80785824","ENSSSAG00000090735",-10.8462209017393,4.61393625407995e-06,0.012033254262782,-0.435260257388159,"distalintestine"
"15-92942766","ENSSSAG00000081830",-10.6659193998334,5.23502139056629e-06,0.0136274193583918,-0.125486949466406,"distalintestine"
"15-92942786","ENSSSAG00000081830",-10.6659193998334,5.23502139056629e-06,0.0136274193583918,-0.125486949466406,"distalintestine"
"17-43005097","ENSSSAG00000112415",-10.6571724433077,5.26744514104055e-06,0.0136989595876321,-0.160721830364066,"distalintestine"
"19-78173004","ENSSSAG00000094657",10.6415836486436,5.32578837950824e-06,0.0138377109394318,0.0568135043428048,"distalintestine"
"12-12773932","ENSSSAG00000112997",-10.5971189419652,5.4962090609559e-06,0.0142671346158715,-1.23447848158416,"distalintestine"
"6-82081183","ENSSSAG00000015832",-10.5857548902553,5.54073588734892e-06,0.0143692635938617,-0.344267016619751,"distalintestine"
"14-14004690","ENSSSAG00000074042",-10.5800681465337,5.56316896059672e-06,0.0144004991982842,-1.23605975240642,"distalintestine"
"14-14021776","ENSSSAG00000074042",10.5800681465337,5.5631689605968e-06,0.0144004991982842,1.23605975240642,"distalintestine"
"20-39086039","ENSSSAG00000074132",10.5479578405663,5.69175735656962e-06,0.014719611922184,0.244186299204828,"distalintestine"
"20-16978268","ENSSSAG00000079416",10.528589941183,5.77092128715767e-06,0.0149104309795942,0.214966331706513,"distalintestine"
"10-121198331","ENSSSAG00000072497",10.5179155546374,5.81507676975972e-06,0.0150105269702339,0.181893335909164,"distalintestine"
"10-113874048","ENSSSAG00000107008",-10.4923859430923,5.92222082080012e-06,0.0152728786287516,-0.164441971735496,"distalintestine"
"5-89697395","ENSSSAG00000095147",-10.4647900517004,6.04052361239659e-06,0.0155490425123787,-0.10783528276945,"distalintestine"
"5-89699909","ENSSSAG00000095147",-10.4647900517004,6.04052361239659e-06,0.0155490425123787,-0.10783528276945,"distalintestine"
"13-11002362","ENSSSAG00000090781",-10.4029508264771,6.315332220956e-06,0.0162413531176166,-0.0863693037623679,"distalintestine"
"11-53236166","ENSSSAG00000113535",10.3553075431124,6.53658794709908e-06,0.016794784362181,0.170759418996457,"distalintestine"
"13-9039465","ENSSSAG00000106249",-10.3359027905157,6.62917382169599e-06,0.0169822485890332,-0.381725088423531,"distalintestine"
"13-9040127","ENSSSAG00000106249",-10.3359027905157,6.62917382169599e-06,0.0169822485890332,-0.381725088423531,"distalintestine"
"17-28263748","ENSSSAG00000093296",-10.3323458423597,6.64630342181642e-06,0.0169822485890332,-0.350329200229128,"distalintestine"
"17-28361048","ENSSSAG00000093296",-10.3323458423597,6.64630342181642e-06,0.0169822485890332,-0.700658400458256,"distalintestine"
"17-28391339","ENSSSAG00000093296",-10.3323458423597,6.64630342181642e-06,0.0169822485890332,-0.700658400458256,"distalintestine"
"17-28170005","ENSSSAG00000093296",10.3323458423597,6.64630342181646e-06,0.0169822485890332,0.700658400458256,"distalintestine"
"25-45680369","ENSSSAG00000049854",10.3304340981805,6.65553044451693e-06,0.0169901658026862,0.266740089302881,"distalintestine"
"18-19114560","ENSSSAG00000085992",-10.2323751989419,7.14856213823392e-06,0.0182319835548555,-0.117093604832692,"distalintestine"
"12-43792623","ENSSSAG00000077383",-10.2178621794598,7.22493883161855e-06,0.0184098414026859,-1.15256143157143,"distalintestine"
"7-2293688","ENSSSAG00000107367",-10.1748802183059,7.45653507638731e-06,0.0189130543749183,-1.35690240311219,"distalintestine"
"7-2294006","ENSSSAG00000107367",-10.1748802183059,7.45653507638731e-06,0.0189130543749183,-1.35690240311219,"distalintestine"
"7-2294207","ENSSSAG00000107367",-10.1748802183059,7.45653507638731e-06,0.0189130543749183,-1.35690240311219,"distalintestine"
"7-2294324","ENSSSAG00000107367",-10.1748802183059,7.45653507638731e-06,0.0189130543749183,-1.35690240311219,"distalintestine"
"7-2294676","ENSSSAG00000107367",-10.1748802183059,7.45653507638731e-06,0.0189130543749183,-1.35690240311219,"distalintestine"
"19-38814708","ENSSSAG00000120296",-10.1395461678663,7.65313891142471e-06,0.0192531932351827,-0.0302449472784404,"distalintestine"
"19-38816431","ENSSSAG00000120296",-10.1395461678663,7.65313891142471e-06,0.0192531932351827,-0.0302449472784404,"distalintestine"
"19-38844988","ENSSSAG00000120296",-10.1395461678663,7.65313891142471e-06,0.0192531932351827,-0.0302449472784404,"distalintestine"
"19-38845068","ENSSSAG00000120296",-10.1395461678663,7.65313891142471e-06,0.0192531932351827,-0.0302449472784404,"distalintestine"
"19-38846482","ENSSSAG00000120296",-10.1395461678663,7.65313891142471e-06,0.0192531932351827,-0.0302449472784404,"distalintestine"
"19-38855566","ENSSSAG00000120296",-10.1395461678663,7.65313891142471e-06,0.0192531932351827,-0.0302449472784404,"distalintestine"
"19-38873416","ENSSSAG00000120296",-10.1395461678663,7.65313891142471e-06,0.0192531932351827,-0.0302449472784404,"distalintestine"
"19-38884008","ENSSSAG00000120296",-10.1395461678663,7.65313891142471e-06,0.0192531932351827,-0.0302449472784404,"distalintestine"
"19-38887684","ENSSSAG00000120296",-10.1395461678663,7.65313891142476e-06,0.0192531932351827,-0.0302449472784404,"distalintestine"
"23-14026135","ENSSSAG00000041538",-10.1103995384356,7.81967601761438e-06,0.0196543196683924,-0.764575718371092,"distalintestine"
"5-92002574","ENSSSAG00000116719",-10.1046593588569,7.85294872147384e-06,0.0197200701775859,-0.356880562087625,"distalintestine"
"3-92838652","ENSSSAG00000088386",10.058520451436,8.12620573524166e-06,0.0203877971219699,1.20715955712352,"distalintestine"
"26-47283910","ENSSSAG00000092940",-10.0566598269886,8.13744578643741e-06,0.020397537920134,-0.312366053961709,"distalintestine"
"18-82618248","ENSSSAG00000116693",-10.0483201586755,8.18803948611593e-06,0.020468836177191,-1.10255997230708,"distalintestine"
"18-82445803","ENSSSAG00000116693",10.0483201586755,8.18803948611612e-06,0.020468836177191,2.20511994461416,"distalintestine"
"18-82630856","ENSSSAG00000116693",-10.0483201586755,8.18803948611612e-06,0.020468836177191,-2.20511994461416,"distalintestine"
"1-157720038","ENSSSAG00000087407",-9.9728747730444,8.66204006274388e-06,0.0216147838569817,-1.10314613858962,"distalintestine"
"1-157720163","ENSSSAG00000087407",-9.9728747730444,8.66204006274388e-06,0.0216147838569817,-1.10314613858962,"distalintestine"
"10-18682352","ENSSSAG00000006642",-9.92277767464062,8.99368482591641e-06,0.0224221701976151,-0.257909138582471,"distalintestine"
"18-74875037","ENSSSAG00000111180",9.91704759012177,9.03251295449922e-06,0.0224987399879909,0.290223141862042,"distalintestine"
"9-91704825","ENSSSAG00000053996",9.91148165476884,9.07040797754381e-06,0.0225526054510996,0.197636708170595,"distalintestine"
"9-91777151","ENSSSAG00000053996",9.91148165476884,9.07040797754381e-06,0.0225526054510996,0.197636708170595,"distalintestine"
"11-103549301","ENSSSAG00000109241",9.87430586554659,9.32811226614705e-06,0.0231725771959634,0.170657911962446,"distalintestine"
"12-21029296","ENSSSAG00000114059",-9.86499548872536,9.39392474554187e-06,0.0232527232106104,-0.228456053590642,"distalintestine"
"12-21029495","ENSSSAG00000114059",-9.86499548872536,9.39392474554187e-06,0.0232527232106104,-0.228456053590642,"distalintestine"
"12-20838992","ENSSSAG00000114059",-9.86499548872535,9.39392474554197e-06,0.0232527232106104,-0.456912107181283,"distalintestine"
"12-20949174","ENSSSAG00000114059",-9.86499548872535,9.39392474554197e-06,0.0232527232106104,-0.456912107181283,"distalintestine"
"15-94254349","ENSSSAG00000094109",-9.82195347951984,9.70498833046807e-06,0.0239798757515314,-1.20517384797575,"distalintestine"
"15-94303610","ENSSSAG00000094109",-9.82195347951984,9.70498833046807e-06,0.0239798757515314,-1.20517384797575,"distalintestine"
"3-61538397","ENSSSAG00000004957",-9.79256480733953,9.92397970133005e-06,0.0243473776295652,-1.30926537630306,"distalintestine"
"3-61538400","ENSSSAG00000004957",-9.79256480733953,9.92397970133005e-06,0.0243473776295652,-1.30926537630306,"distalintestine"
"3-61539402","ENSSSAG00000004957",-9.79256480733953,9.92397970133005e-06,0.0243473776295652,-1.30926537630306,"distalintestine"
"3-61539953","ENSSSAG00000004957",-9.79256480733953,9.92397970133005e-06,0.0243473776295652,-1.30926537630306,"distalintestine"
"3-61541686","ENSSSAG00000004957",-9.79256480733953,9.92397970133005e-06,0.0243473776295652,-1.30926537630306,"distalintestine"
"3-61542823","ENSSSAG00000004957",-9.79256480733953,9.92397970133005e-06,0.0243473776295652,-1.30926537630306,"distalintestine"
"3-61543318","ENSSSAG00000004957",-9.79256480733953,9.92397970133005e-06,0.0243473776295652,-1.30926537630306,"distalintestine"
"3-61543971","ENSSSAG00000004957",-9.79256480733953,9.92397970133005e-06,0.0243473776295652,-1.30926537630306,"distalintestine"
"20-52977900","ENSSSAG00000099385",-9.77035572900583,1.00931310237257e-05,0.0245024739082737,-0.975167549950683,"distalintestine"
"20-52978141","ENSSSAG00000099385",-9.77035572900583,1.00931310237257e-05,0.0245024739082737,-0.975167549950683,"distalintestine"
"20-52978421","ENSSSAG00000099385",-9.77035572900583,1.00931310237257e-05,0.0245024739082737,-0.975167549950683,"distalintestine"
"11-53219416","ENSSSAG00000041222",-9.76575032453352,1.01286085089039e-05,0.0245024739082737,-1.02413166914448,"distalintestine"
"11-53343949","ENSSSAG00000041222",9.76575032453349,1.01286085089041e-05,0.0245024739082737,1.02413166914448,"distalintestine"
"11-53344060","ENSSSAG00000041222",9.76575032453349,1.01286085089041e-05,0.0245024739082737,1.02413166914448,"distalintestine"
"11-53345324","ENSSSAG00000041222",9.76575032453349,1.01286085089041e-05,0.0245024739082737,1.02413166914448,"distalintestine"
"11-53346169","ENSSSAG00000041222",9.76575032453349,1.01286085089041e-05,0.0245024739082737,1.02413166914448,"distalintestine"
"11-53347330","ENSSSAG00000041222",9.76575032453349,1.01286085089041e-05,0.0245024739082737,1.02413166914448,"distalintestine"
"11-53347906","ENSSSAG00000041222",9.76575032453349,1.01286085089041e-05,0.0245024739082737,1.02413166914448,"distalintestine"
"11-53348283","ENSSSAG00000041222",9.76575032453349,1.01286085089041e-05,0.0245024739082737,1.02413166914448,"distalintestine"
"11-53349041","ENSSSAG00000041222",9.76575032453349,1.01286085089041e-05,0.0245024739082737,1.02413166914448,"distalintestine"
"11-53349749","ENSSSAG00000041222",9.76575032453349,1.01286085089041e-05,0.0245024739082737,1.02413166914448,"distalintestine"
"11-53350792","ENSSSAG00000041222",9.76575032453349,1.01286085089041e-05,0.0245024739082737,1.02413166914448,"distalintestine"
"11-53351015","ENSSSAG00000041222",9.76575032453349,1.01286085089041e-05,0.0245024739082737,1.02413166914448,"distalintestine"
"11-53351268","ENSSSAG00000041222",9.76575032453349,1.01286085089041e-05,0.0245024739082737,1.02413166914448,"distalintestine"
"11-103933417","ENSSSAG00000009901",-9.71981350305116,1.04901984327412e-05,0.0253329976749504,-0.0762355898286123,"distalintestine"
"11-104132281","ENSSSAG00000009901",-9.71981350305116,1.04901984327412e-05,0.0253329976749504,-0.0762355898286123,"distalintestine"
"12-13798837","ENSSSAG00000092279",9.71794384083525,1.05052174470965e-05,0.0253471879720553,0.619490099657336,"distalintestine"
"2-7650859","ENSSSAG00000002917",-9.58396513973697,1.16466139952347e-05,0.0280767354180825,-1.61458285286408,"distalintestine"
"18-41134422","ENSSSAG00000114074",9.58040976178451,1.1678731950699e-05,0.0281297022329708,0.174891415162105,"distalintestine"
"16-1156085","ENSSSAG00000052401",-9.53561656328887,1.20919546555793e-05,0.0290997192346768,-1.08151829191202,"distalintestine"
"6-28491544","ENSSSAG00000082613",-9.51325865018075,1.2304291010977e-05,0.029585032778986,-0.154282636077808,"distalintestine"
"17-63250210","ENSSSAG00000089629",-9.4584821477595,1.28423062685363e-05,0.030851904761824,-0.0582059762983321,"distalintestine"
"24-16968024","ENSSSAG00000093910",-9.44513621863244,1.29773314643551e-05,0.0311492920876573,-0.15768109221325,"distalintestine"
"29-35709866","ENSSSAG00000109041",9.36858790424756,1.37830480575058e-05,0.0330546226974196,1.11589557269473,"distalintestine"
"13-36775798","ENSSSAG00000112611",-9.35359194942141,1.39473383168176e-05,0.0334197152018363,-0.306755040763482,"distalintestine"
"2-79728427","ENSSSAG00000004803",9.31837944052251,1.43417650761866e-05,0.0343351392330738,0.490978485831098,"distalintestine"
"4-6095114","ENSSSAG00000115638",9.30639838282543,1.44787919310223e-05,0.034633282791492,1.10575676086536,"distalintestine"
"27-24630166","ENSSSAG00000109279",-9.29752090058234,1.45812648061818e-05,0.0348483304128079,-0.217628402696017,"distalintestine"
"11-96289694","ENSSSAG00000046622",9.24776590713413,1.51707653972966e-05,0.0362259714583307,0.352169988614669,"distalintestine"
"5-81263924","ENSSSAG00000087362",-9.20447143772788,1.57053915473487e-05,0.0374703205189929,-0.28075100345789,"distalintestine"
"27-12480094","ENSSSAG00000107599",-9.19310166832661,1.58492512994756e-05,0.0377810309594359,-0.0632884491480511,"distalintestine"
"1-38629715","ENSSSAG00000034634",9.18318059611722,1.59759815756415e-05,0.0380177485198429,0.158222577861007,"distalintestine"
"1-38487108","ENSSSAG00000034634",-9.18318059611721,1.59759815756416e-05,0.0380177485198429,-0.0791112889305034,"distalintestine"
"14-4023289","ENSSSAG00000046373",-9.17667006424742,1.60597597740282e-05,0.0381843376968884,-0.265727798948846,"distalintestine"
"6-111694","ENSSSAG00000105003",-9.16784897654315,1.61740526764103e-05,0.038423132204233,-0.615513341467945,"distalintestine"
"10-122932687","ENSSSAG00000068756",-9.03986311814308,1.79385600452024e-05,0.0425419933546251,-0.146444763379462,"distalintestine"
"10-122932727","ENSSSAG00000068756",9.03986311814306,1.79385600452027e-05,0.0425419933546251,0.146444763379462,"distalintestine"
"6-16580006","ENSSSAG00000110712",9.0222817201804,1.81972903081315e-05,0.0431186971304718,2.67110661204157,"distalintestine"
"1-89723919","ENSSSAG00000102274",-9.01913343703593,1.82440584193566e-05,0.0431925979792285,-1.16883318922603,"distalintestine"
"11-70210619","ENSSSAG00000040353",9.004844818047,1.84580074869978e-05,0.043661833991827,0.182077609221456,"distalintestine"
"12-20838992","ENSSSAG00000109536",-8.9791322446527,1.88500897403667e-05,0.0445512791473325,-1.154740143325,"distalintestine"
"10-52639099","ENSSSAG00000119016",8.96614510083365,1.90516466439747e-05,0.0449892951353014,0.347788996364347,"distalintestine"
"12-13460160","ENSSSAG00000005271",-8.94013764466915,1.9462534152178e-05,0.0458814182343319,-0.414705209287419,"distalintestine"
"12-13661741","ENSSSAG00000005271",-8.94013764466913,1.94625341521783e-05,0.0458814182343319,-0.829410418574837,"distalintestine"
"2-94616055","ENSSSAG00000094956",8.90973670695962,1.99553973396221e-05,0.0470033362371768,0.0828754255666301,"distalintestine"
"29-36705416","ENSSSAG00000103128",8.89450566200854,2.02075405522427e-05,0.0475568342034451,0.551497716495614,"distalintestine"
"10-43369209","ENSSSAG00000054386",-8.88232637478424,2.04117177562866e-05,0.0479966048138831,-0.333423883400886,"distalintestine"
"15-17699186","ENSSSAG00000106855",-8.8745231521915,2.05437406854702e-05,0.0481437092737183,-0.262678577628294,"distalintestine"
"15-17699485","ENSSSAG00000106855",-8.8745231521915,2.05437406854702e-05,0.0481437092737183,-0.262678577628294,"distalintestine"
"15-17753923","ENSSSAG00000106855",-8.8745231521915,2.05437406854702e-05,0.0481437092737183,-0.262678577628294,"distalintestine"
"15-17754395","ENSSSAG00000106855",-8.8745231521915,2.05437406854702e-05,0.0481437092737183,-0.262678577628294,"distalintestine"
"21-56879549","ENSSSAG00000117678",8.84360536564904,2.10762703107632e-05,0.0493499623263241,0.416995542499502,"distalintestine"
"1-11927504","ENSSSAG00000087181",-189812531.248503,6.64689742203201e-64,3.92908027358733e-60,-0.0503498995305253,"gill"
"1-11927504","ENSSSAG00000121324",-189812531.248503,6.64689742203201e-64,3.92908027358733e-60,-0.0503498995305253,"gill"
"1-30524053","ENSSSAG00000104215",-189812531.248503,6.64689742203201e-64,3.92908027358733e-60,-0.00714640352043385,"gill"
"1-30524053","ENSSSAG00000109973",-189812531.248503,6.64689742203201e-64,3.92908027358733e-60,-0.00714640352043385,"gill"
"1-42990575","ENSSSAG00000081993",-189812531.248503,6.64689742203201e-64,3.92908027358733e-60,-0.0417943216569779,"gill"
"1-42998939","ENSSSAG00000081993",-189812531.248503,6.64689742203201e-64,3.92908027358733e-60,-0.0417943216569779,"gill"
"1-42990575","ENSSSAG00000085472",-189812531.248503,6.64689742203201e-64,3.92908027358733e-60,-0.0417943216569779,"gill"
"1-42998939","ENSSSAG00000085472",-189812531.248503,6.64689742203201e-64,3.92908027358733e-60,-0.0417943216569779,"gill"
"1-65284320","ENSSSAG00000092679",-189812531.248503,6.64689742203201e-64,3.92908027358733e-60,-0.0519366373980499,"gill"
"1-65286713","ENSSSAG00000092679",-189812531.248503,6.64689742203201e-64,3.92908027358733e-60,-0.0519366373980499,"gill"
"1-86468162","ENSSSAG00000083876",189812531.248503,6.64689742203201e-64,3.92908027358733e-60,0.912892965999899,"gill"
"1-86468496","ENSSSAG00000083876",189812531.248503,6.64689742203201e-64,3.92908027358733e-60,0.912892965999899,"gill"
"1-103395475","ENSSSAG00000091617",-189812531.248503,6.64689742203201e-64,3.92908027358733e-60,-0.125628622836728,"gill"
"1-154895834","ENSSSAG00000084001",-189812531.248503,6.64689742203201e-64,3.92908027358733e-60,-0.0431265370211382,"gill"
"2-2586571","ENSSSAG00000038202",-189812531.248503,6.64689742203201e-64,3.92908027358733e-60,-0.0815348246822985,"gill"
"2-18738553","ENSSSAG00000100172",-189812531.248503,6.64689742203201e-64,3.92908027358733e-60,-0.0685731834302382,"gill"
"3-87683168","ENSSSAG00000106576",189812531.248503,6.64689742203201e-64,3.92908027358733e-60,0.174571603333893,"gill"
"3-88378847","ENSSSAG00000001716",-189812531.248503,6.64689742203201e-64,3.92908027358733e-60,-0.0515036222670913,"gill"
"4-9440814","ENSSSAG00000090901",-189812531.248503,6.64689742203201e-64,3.92908027358733e-60,-1.93298628018813,"gill"
"4-9581690","ENSSSAG00000100319",-189812531.248503,6.64689742203201e-64,3.92908027358733e-60,-1.46664179159149,"gill"
"4-77643029","ENSSSAG00000120010",189812531.248503,6.64689742203201e-64,3.92908027358733e-60,0.0740531135061566,"gill"
"4-77643306","ENSSSAG00000120010",189812531.248503,6.64689742203201e-64,3.92908027358733e-60,0.0740531135061566,"gill"
"4-77643557","ENSSSAG00000120010",189812531.248503,6.64689742203201e-64,3.92908027358733e-60,0.0740531135061566,"gill"
"4-77643682","ENSSSAG00000120010",189812531.248503,6.64689742203201e-64,3.92908027358733e-60,0.0740531135061566,"gill"
"6-1357628","ENSSSAG00000112594",-189812531.248503,6.64689742203201e-64,3.92908027358733e-60,-0.0469570564822638,"gill"
"6-14531363","ENSSSAG00000111998",189812531.248503,6.64689742203201e-64,3.92908027358733e-60,0.239651344837394,"gill"
"6-14531891","ENSSSAG00000111998",189812531.248503,6.64689742203201e-64,3.92908027358733e-60,0.239651344837394,"gill"
"6-14532042","ENSSSAG00000111998",189812531.248503,6.64689742203201e-64,3.92908027358733e-60,0.239651344837394,"gill"
"6-14538462","ENSSSAG00000111998",189812531.248503,6.64689742203201e-64,3.92908027358733e-60,0.239651344837394,"gill"
"6-26342783","ENSSSAG00000086403",189812531.248503,6.64689742203201e-64,3.92908027358733e-60,0.0567602234615703,"gill"
"6-28491544","ENSSSAG00000110990",-189812531.248503,6.64689742203201e-64,3.92908027358733e-60,-0.0449284315548163,"gill"
"6-68874202","ENSSSAG00000097528",-189812531.248503,6.64689742203201e-64,3.92908027358733e-60,-0.11912435790358,"gill"
"7-2560474","ENSSSAG00000117040",-189812531.248503,6.64689742203201e-64,3.92908027358733e-60,-0.0294136213960998,"gill"
"7-2570216","ENSSSAG00000117040",-189812531.248503,6.64689742203201e-64,3.92908027358733e-60,-0.0294136213960998,"gill"
"7-65788045","ENSSSAG00000098961",-189812531.248503,6.64689742203201e-64,3.92908027358733e-60,-0.488716201863813,"gill"
"7-66593751","ENSSSAG00000107382",-189812531.248503,6.64689742203201e-64,3.92908027358733e-60,-0.168180373238923,"gill"
"7-66594028","ENSSSAG00000107382",-189812531.248503,6.64689742203201e-64,3.92908027358733e-60,-0.168180373238923,"gill"
"7-66602344","ENSSSAG00000107382",-189812531.248503,6.64689742203201e-64,3.92908027358733e-60,-0.168180373238923,"gill"
"9-37004938","ENSSSAG00000110875",189812531.248503,6.64689742203201e-64,3.92908027358733e-60,0.0261646992706078,"gill"
"9-48380443","ENSSSAG00000070806",-189812531.248503,6.64689742203201e-64,3.92908027358733e-60,-0.207801664106996,"gill"
"9-73503974","ENSSSAG00000002570",189812531.248503,6.64689742203201e-64,3.92908027358733e-60,0.0787714384146235,"gill"
"9-119688092","ENSSSAG00000004535",-189812531.248503,6.64689742203201e-64,3.92908027358733e-60,-0.0900956989081277,"gill"
"10-3242763","ENSSSAG00000090304",-189812531.248503,6.64689742203201e-64,3.92908027358733e-60,-0.059362649393507,"gill"
"10-122908489","ENSSSAG00000097106",189812531.248503,6.64689742203201e-64,3.92908027358733e-60,0.1247639456383,"gill"
"11-25095214","ENSSSAG00000116679",189812531.248503,6.64689742203201e-64,3.92908027358733e-60,0.0335546915266545,"gill"
"11-90489415","ENSSSAG00000005132",-189812531.248503,6.64689742203201e-64,3.92908027358733e-60,-0.0336349494738057,"gill"
"11-102884420","ENSSSAG00000122243",189812531.248503,6.64689742203201e-64,3.92908027358733e-60,0.199008223411877,"gill"
"12-8725275","ENSSSAG00000096688",189812531.248503,6.64689742203201e-64,3.92908027358733e-60,0.0674576937043183,"gill"
"12-20588394","ENSSSAG00000003356",-189812531.248503,6.64689742203201e-64,3.92908027358733e-60,-0.14206537439405,"gill"
"12-20953225","ENSSSAG00000114059",189812531.248503,6.64689742203201e-64,3.92908027358733e-60,0.0382972099323441,"gill"
"12-62112919","ENSSSAG00000066773",-189812531.248503,6.64689742203201e-64,3.92908027358733e-60,-0.0418253263717603,"gill"
"13-468280","ENSSSAG00000093666",-189812531.248503,6.64689742203201e-64,3.92908027358733e-60,-0.0422440229583826,"gill"
"13-468683","ENSSSAG00000093666",-189812531.248503,6.64689742203201e-64,3.92908027358733e-60,-0.0422440229583826,"gill"
"13-5184059","ENSSSAG00000102964",189812531.248503,6.64689742203201e-64,3.92908027358733e-60,0.105859790999148,"gill"
"13-19532526","ENSSSAG00000111764",-189812531.248503,6.64689742203201e-64,3.92908027358733e-60,-0.0952838158204345,"gill"
"13-20290112","ENSSSAG00000031848",-189812531.248503,6.64689742203201e-64,3.92908027358733e-60,-0.122615783540188,"gill"
"13-101835361","ENSSSAG00000093843",-189812531.248503,6.64689742203201e-64,3.92908027358733e-60,-0.0307057170987169,"gill"
"13-111203911","ENSSSAG00000091535",189812531.248503,6.64689742203201e-64,3.92908027358733e-60,0.0262046396328332,"gill"
"13-111374905","ENSSSAG00000091535",189812531.248503,6.64689742203201e-64,3.92908027358733e-60,0.0262046396328332,"gill"
"14-37573780","ENSSSAG00000089678",-189812531.248503,6.64689742203201e-64,3.92908027358733e-60,-0.110600861032171,"gill"
"15-7130335","ENSSSAG00000081881",189812531.248503,6.64689742203201e-64,3.92908027358733e-60,0.194183425829968,"gill"
"17-9580187","ENSSSAG00000007748",-189812531.248503,6.64689742203201e-64,3.92908027358733e-60,-0.0636761078865135,"gill"
"17-9606030","ENSSSAG00000007748",-189812531.248503,6.64689742203201e-64,3.92908027358733e-60,-0.127352215773027,"gill"
"17-18320079","ENSSSAG00000006277",189812531.248503,6.64689742203201e-64,3.92908027358733e-60,0.143873478414872,"gill"
"17-42470805","ENSSSAG00000116862",189812531.248503,6.64689742203201e-64,3.92908027358733e-60,0.0538099250145381,"gill"
"17-42471236","ENSSSAG00000116862",189812531.248503,6.64689742203201e-64,3.92908027358733e-60,0.0538099250145381,"gill"
"17-81750878","ENSSSAG00000122282",-189812531.248503,6.64689742203201e-64,3.92908027358733e-60,-0.0664990979502052,"gill"
"18-960292","ENSSSAG00000101679",-189812531.248503,6.64689742203201e-64,3.92908027358733e-60,-0.050149312941512,"gill"
"18-1020197","ENSSSAG00000101679",189812531.248503,6.64689742203201e-64,3.92908027358733e-60,0.100298625883024,"gill"
"18-38326523","ENSSSAG00000061255",189812531.248503,6.64689742203201e-64,3.92908027358733e-60,0.44180925200291,"gill"
"18-38333870","ENSSSAG00000061255",189812531.248503,6.64689742203201e-64,3.92908027358733e-60,0.44180925200291,"gill"
"18-81546967","ENSSSAG00000043015",189812531.248503,6.64689742203201e-64,3.92908027358733e-60,0.0563207853493559,"gill"
"20-87441094","ENSSSAG00000120916",-189812531.248503,6.64689742203201e-64,3.92908027358733e-60,-0.0930795118953742,"gill"
"20-87441264","ENSSSAG00000120916",-189812531.248503,6.64689742203201e-64,3.92908027358733e-60,-0.0930795118953742,"gill"
"20-87443009","ENSSSAG00000120916",-189812531.248503,6.64689742203201e-64,3.92908027358733e-60,-0.0930795118953742,"gill"
"20-87445601","ENSSSAG00000120916",-189812531.248503,6.64689742203201e-64,3.92908027358733e-60,-0.0930795118953742,"gill"
"20-87445884","ENSSSAG00000120916",-189812531.248503,6.64689742203201e-64,3.92908027358733e-60,-0.0930795118953742,"gill"
"20-87446439","ENSSSAG00000120916",-189812531.248503,6.64689742203201e-64,3.92908027358733e-60,-0.0930795118953742,"gill"
"21-10687174","ENSSSAG00000117359",-189812531.248503,6.64689742203201e-64,3.92908027358733e-60,-0.267460487405058,"gill"
"22-62561216","ENSSSAG00000088320",-189812531.248503,6.64689742203201e-64,3.92908027358733e-60,-0.0963369252480479,"gill"
"22-62669680","ENSSSAG00000088320",-189812531.248503,6.64689742203201e-64,3.92908027358733e-60,-0.0963369252480479,"gill"
"25-53441639","ENSSSAG00000082175",-189812531.248503,6.64689742203201e-64,3.92908027358733e-60,-0.0890597775839025,"gill"
"25-53478677","ENSSSAG00000082175",-189812531.248503,6.64689742203201e-64,3.92908027358733e-60,-0.0890597775839025,"gill"
"26-1672631","ENSSSAG00000044475",-189812531.248503,6.64689742203201e-64,3.92908027358733e-60,-0.082994654081676,"gill"
"26-30155110","ENSSSAG00000113825",-189812531.248503,6.64689742203201e-64,3.92908027358733e-60,-0.0969688035271944,"gill"
"26-33777310","ENSSSAG00000090354",-189812531.248503,6.64689742203201e-64,3.92908027358733e-60,-0.103979762857256,"gill"
"26-46623361","ENSSSAG00000082592",-189812531.248503,6.64689742203201e-64,3.92908027358733e-60,-0.0598883508354654,"gill"
"26-52940920","ENSSSAG00000083914",189812531.248503,6.64689742203201e-64,3.92908027358733e-60,0.232217458616472,"gill"
"26-53604480","ENSSSAG00000100725",189812531.248503,6.64689742203201e-64,3.92908027358733e-60,0.166701868796286,"gill"
"26-53604587","ENSSSAG00000100725",189812531.248503,6.64689742203201e-64,3.92908027358733e-60,0.166701868796286,"gill"
"26-53857372","ENSSSAG00000116915",-189812531.248503,6.64689742203201e-64,3.92908027358733e-60,-0.246340411678405,"gill"
"26-53857871","ENSSSAG00000116915",-189812531.248503,6.64689742203201e-64,3.92908027358733e-60,-0.246340411678405,"gill"
"26-53858091","ENSSSAG00000116915",-189812531.248503,6.64689742203201e-64,3.92908027358733e-60,-0.246340411678405,"gill"
"27-29200144","ENSSSAG00000112590",189812531.248503,6.64689742203201e-64,3.92908027358733e-60,0.216574183104051,"gill"
"27-36885437","ENSSSAG00000120134",-189812531.248503,6.64689742203201e-64,3.92908027358733e-60,-0.365548259375393,"gill"
"27-43501250","ENSSSAG00000120430",-189812531.248503,6.64689742203201e-64,3.92908027358733e-60,-0.0374359116011789,"gill"
"27-43501444","ENSSSAG00000120430",-189812531.248503,6.64689742203201e-64,3.92908027358733e-60,-0.0374359116011789,"gill"
"28-38044611","ENSSSAG00000089554",-189812531.248503,6.64689742203201e-64,3.92908027358733e-60,-0.0100194369487788,"gill"
"28-38175047","ENSSSAG00000089554",-189812531.248503,6.64689742203201e-64,3.92908027358733e-60,-0.0200388738975576,"gill"
"28-38175049","ENSSSAG00000089554",-189812531.248503,6.64689742203201e-64,3.92908027358733e-60,-0.0200388738975576,"gill"
"28-38175080","ENSSSAG00000089554",-189812531.248503,6.64689742203201e-64,3.92908027358733e-60,-0.0200388738975576,"gill"
"28-38175347","ENSSSAG00000089554",-189812531.248503,6.64689742203201e-64,3.92908027358733e-60,-0.0200388738975576,"gill"
"29-29487713","ENSSSAG00000117277",189812531.248503,6.64689742203201e-64,3.92908027358733e-60,0.042504737913108,"gill"
"29-35245773","ENSSSAG00000009320",-189812531.248503,6.64689742203201e-64,3.92908027358733e-60,-0.0387465622999912,"gill"
"29-35245802","ENSSSAG00000009320",-189812531.248503,6.64689742203201e-64,3.92908027358733e-60,-0.0387465622999912,"gill"
"29-35246396","ENSSSAG00000009320",-189812531.248503,6.64689742203201e-64,3.92908027358733e-60,-0.0387465622999912,"gill"
"29-35246751","ENSSSAG00000009320",-189812531.248503,6.64689742203201e-64,3.92908027358733e-60,-0.0387465622999912,"gill"
"29-38341905","ENSSSAG00000093477",-189812531.248503,6.64689742203201e-64,3.92908027358733e-60,-0.0264500917090609,"gill"
"29-38347374","ENSSSAG00000121494",-189812531.248503,6.64689742203201e-64,3.92908027358733e-60,-0.0242603240451895,"gill"
"1-7660536","ENSSSAG00000086758",134217728,1.0635035875251e-62,5.57350063761791e-59,0.0797377380981194,"gill"
"1-7660836","ENSSSAG00000086758",134217728,1.0635035875251e-62,5.57350063761791e-59,0.0797377380981194,"gill"
"1-7661547","ENSSSAG00000086758",134217728,1.0635035875251e-62,5.57350063761791e-59,0.0797377380981194,"gill"
"1-7662268","ENSSSAG00000086758",134217728,1.0635035875251e-62,5.57350063761791e-59,0.0797377380981194,"gill"
"1-55367354","ENSSSAG00000102297",-134217728,1.0635035875251e-62,5.57350063761791e-59,-0.192464938318573,"gill"
"1-55367447","ENSSSAG00000102297",-134217728,1.0635035875251e-62,5.57350063761791e-59,-0.192464938318573,"gill"
"1-156227024","ENSSSAG00000121259",-134217728,1.0635035875251e-62,5.57350063761791e-59,-0.0640906083396093,"gill"
"1-173341791","ENSSSAG00000084333",-134217728,1.0635035875251e-62,5.57350063761791e-59,-0.419730866570087,"gill"
"1-173341791","ENSSSAG00000112308",-134217728,1.0635035875251e-62,5.57350063761791e-59,-0.419730866570087,"gill"
"2-13492877","ENSSSAG00000095229",-134217728,1.0635035875251e-62,5.57350063761791e-59,-0.0610245418377618,"gill"
"3-86377495","ENSSSAG00000099153",134217728,1.0635035875251e-62,5.57350063761791e-59,0.131311555608429,"gill"
"4-1665054","ENSSSAG00000084189",134217728,1.0635035875251e-62,5.57350063761791e-59,0.170802128884952,"gill"
"5-4101843","ENSSSAG00000111322",-134217728,1.0635035875251e-62,5.57350063761791e-59,-0.0791484618010078,"gill"
"5-36397771","ENSSSAG00000104781",-134217728,1.0635035875251e-62,5.57350063761791e-59,-0.0352146225540021,"gill"
"5-89690784","ENSSSAG00000116491",-134217728,1.0635035875251e-62,5.57350063761791e-59,-0.136781854146025,"gill"
"6-377066","ENSSSAG00000099108",-134217728,1.0635035875251e-62,5.57350063761791e-59,-0.142546756829591,"gill"
"8-25049641","ENSSSAG00000118926",134217728,1.0635035875251e-62,5.57350063761791e-59,0.051525467433303,"gill"
"9-51015601","ENSSSAG00000103188",-134217728,1.0635035875251e-62,5.57350063761791e-59,-0.0291577509574417,"gill"
"9-68493534","ENSSSAG00000083838",-134217728,1.0635035875251e-62,5.57350063761791e-59,-0.142831140607413,"gill"
"9-75232420","ENSSSAG00000091730",-134217728,1.0635035875251e-62,5.57350063761791e-59,-0.0745915694873938,"gill"
"9-75232420","ENSSSAG00000110497",-134217728,1.0635035875251e-62,5.57350063761791e-59,-0.0745915694873938,"gill"
"9-93970179","ENSSSAG00000105894",-134217728,1.0635035875251e-62,5.57350063761791e-59,-0.090248279582524,"gill"
"9-93986752","ENSSSAG00000105894",-134217728,1.0635035875251e-62,5.57350063761791e-59,-0.090248279582524,"gill"
"9-93988612","ENSSSAG00000105894",-134217728,1.0635035875251e-62,5.57350063761791e-59,-0.090248279582524,"gill"
"9-93989033","ENSSSAG00000105894",-134217728,1.0635035875251e-62,5.57350063761791e-59,-0.090248279582524,"gill"
"9-159303938","ENSSSAG00000101956",-134217728,1.0635035875251e-62,5.57350063761791e-59,-0.00779057451501519,"gill"
"9-159313443","ENSSSAG00000101956",-134217728,1.0635035875251e-62,5.57350063761791e-59,-0.00779057451501519,"gill"
"9-159324777","ENSSSAG00000101956",-134217728,1.0635035875251e-62,5.57350063761791e-59,-0.00779057451501519,"gill"
"9-159303938","ENSSSAG00000109256",-134217728,1.0635035875251e-62,5.57350063761791e-59,-0.00779057451501519,"gill"
"9-159313443","ENSSSAG00000109256",-134217728,1.0635035875251e-62,5.57350063761791e-59,-0.00779057451501519,"gill"
"9-159324777","ENSSSAG00000109256",-134217728,1.0635035875251e-62,5.57350063761791e-59,-0.00779057451501519,"gill"
"10-113912955","ENSSSAG00000051782",-134217728,1.0635035875251e-62,5.57350063761791e-59,-0.0258392719982947,"gill"
"10-113913288","ENSSSAG00000051782",-134217728,1.0635035875251e-62,5.57350063761791e-59,-0.0258392719982947,"gill"
"11-16159597","ENSSSAG00000104248",-134217728,1.0635035875251e-62,5.57350063761791e-59,-0.0948504643985945,"gill"
"11-16159746","ENSSSAG00000104248",-134217728,1.0635035875251e-62,5.57350063761791e-59,-0.0948504643985945,"gill"
"11-99827143","ENSSSAG00000115112",134217728,1.0635035875251e-62,5.57350063761791e-59,0.0301236912054161,"gill"
"11-99828042","ENSSSAG00000115112",134217728,1.0635035875251e-62,5.57350063761791e-59,0.0301236912054161,"gill"
"12-42523038","ENSSSAG00000084448",-134217728,1.0635035875251e-62,5.57350063761791e-59,-0.119132347148281,"gill"
"12-42523669","ENSSSAG00000084448",-134217728,1.0635035875251e-62,5.57350063761791e-59,-0.119132347148281,"gill"
"12-42523697","ENSSSAG00000084448",-134217728,1.0635035875251e-62,5.57350063761791e-59,-0.119132347148281,"gill"
"12-42524194","ENSSSAG00000084448",-134217728,1.0635035875251e-62,5.57350063761791e-59,-0.119132347148281,"gill"
"12-42533306","ENSSSAG00000084448",-134217728,1.0635035875251e-62,5.57350063761791e-59,-0.119132347148281,"gill"
"13-110979104","ENSSSAG00000083374",134217728,1.0635035875251e-62,5.57350063761791e-59,0.230868040482059,"gill"
"13-110979104","ENSSSAG00000103203",134217728,1.0635035875251e-62,5.57350063761791e-59,0.230868040482059,"gill"
"14-47583650","ENSSSAG00000109331",-134217728,1.0635035875251e-62,5.57350063761791e-59,-0.131025630823994,"gill"
"14-83624463","ENSSSAG00000083193",-134217728,1.0635035875251e-62,5.57350063761791e-59,-0.179914495478197,"gill"
"14-84225663","ENSSSAG00000046920",-134217728,1.0635035875251e-62,5.57350063761791e-59,-0.344047046601693,"gill"
"16-14179037","ENSSSAG00000083661",-134217728,1.0635035875251e-62,5.57350063761791e-59,-0.501087360424918,"gill"
"17-71835696","ENSSSAG00000121416",-134217728,1.0635035875251e-62,5.57350063761791e-59,-0.164962591322684,"gill"
"18-36250330","ENSSSAG00000105564",-134217728,1.0635035875251e-62,5.57350063761791e-59,-0.0231714562184327,"gill"
"18-36261642","ENSSSAG00000105564",-134217728,1.0635035875251e-62,5.57350063761791e-59,-0.0231714562184327,"gill"
"18-44925754","ENSSSAG00000094951",-134217728,1.0635035875251e-62,5.57350063761791e-59,-0.314401897151163,"gill"
"19-42229384","ENSSSAG00000092867",-134217728,1.0635035875251e-62,5.57350063761791e-59,-0.034011978911703,"gill"
"19-47285840","ENSSSAG00000120836",-134217728,1.0635035875251e-62,5.57350063761791e-59,-0.030567031671472,"gill"
"19-76942792","ENSSSAG00000116336",-134217728,1.0635035875251e-62,5.57350063761791e-59,-0.0865565235594908,"gill"
"20-48140428","ENSSSAG00000091084",-134217728,1.0635035875251e-62,5.57350063761791e-59,-0.139951489627335,"gill"
"21-52126155","ENSSSAG00000110571",-134217728,1.0635035875251e-62,5.57350063761791e-59,-0.108387928415832,"gill"
"22-40126842","ENSSSAG00000079879",134217728,1.0635035875251e-62,5.57350063761791e-59,0.050851846963973,"gill"
"25-53927450","ENSSSAG00000121042",-134217728,1.0635035875251e-62,5.57350063761791e-59,-0.0784959736353981,"gill"
"28-35749500","ENSSSAG00000097023",-134217728,1.0635035875251e-62,5.57350063761791e-59,-0.309385098727742,"gill"
"1-114315731","ENSSSAG00000087815",109588316.011887,5.38398691184588e-62,2.72873547556321e-58,0.0256336331062853,"gill"
"3-74316885","ENSSSAG00000121515",-109588316.011887,5.38398691184588e-62,2.72873547556321e-58,-0.479950866034711,"gill"
"5-16312674","ENSSSAG00000084669",109588316.011887,5.38398691184588e-62,2.72873547556321e-58,0.0318358195194179,"gill"
"6-68951520","ENSSSAG00000082964",109588316.011887,5.38398691184588e-62,2.72873547556321e-58,0.0138180889489234,"gill"
"7-2474763","ENSSSAG00000094079",109588316.011887,5.38398691184588e-62,2.72873547556321e-58,0.420056796392922,"gill"
"7-2475082","ENSSSAG00000094079",109588316.011887,5.38398691184588e-62,2.72873547556321e-58,0.420056796392922,"gill"
"9-74232298","ENSSSAG00000103649",109588316.011887,5.38398691184588e-62,2.72873547556321e-58,0.158370335971441,"gill"
"12-82763482","ENSSSAG00000100148",109588316.011887,5.38398691184588e-62,2.72873547556321e-58,0.224291691948428,"gill"
"16-96449076","ENSSSAG00000093742",109588316.011887,5.38398691184588e-62,2.72873547556321e-58,0.505531836366466,"gill"
"16-96449490","ENSSSAG00000093742",109588316.011887,5.38398691184588e-62,2.72873547556321e-58,0.505531836366466,"gill"
"16-96449754","ENSSSAG00000093742",109588316.011887,5.38398691184588e-62,2.72873547556321e-58,0.505531836366466,"gill"
"25-52131919","ENSSSAG00000085362",109588316.011887,5.38398691184588e-62,2.72873547556321e-58,0.338298425266077,"gill"
"25-52131990","ENSSSAG00000085362",109588316.011887,5.38398691184588e-62,2.72873547556321e-58,0.338298425266077,"gill"
"25-52133272","ENSSSAG00000085362",109588316.011887,5.38398691184588e-62,2.72873547556321e-58,0.338298425266077,"gill"
"25-52133410","ENSSSAG00000085362",109588316.011887,5.38398691184588e-62,2.72873547556321e-58,0.338298425266077,"gill"
"25-52133532","ENSSSAG00000085362",109588316.011887,5.38398691184588e-62,2.72873547556321e-58,0.338298425266077,"gill"
"25-52134000","ENSSSAG00000085362",109588316.011887,5.38398691184588e-62,2.72873547556321e-58,0.338298425266077,"gill"
"26-48867485","ENSSSAG00000082927",109588316.011887,5.38398691184588e-62,2.72873547556321e-58,0.647129943272739,"gill"
"3-11437630","ENSSSAG00000005265",94906265.6242515,1.70160574004017e-61,8.60841412350335e-58,0.0372967481343696,"gill"
"16-36307709","ENSSSAG00000102723",47975.0068153362,3.9911463806421e-35,2.01544095706724e-31,0.0093932450164722,"gill"
"6-8633487","ENSSSAG00000094182",2311.40582258522,1.37469406561034e-24,6.92928040767174e-21,0.0516275619169306,"gill"
"3-87254418","ENSSSAG00000038850",1876.47105153055,7.2858381469313e-24,3.66583310055243e-20,0.0463820268873408,"gill"
"12-61535155","ENSSSAG00000120192",1746.30299819093,1.29496229722118e-23,6.50373465669005e-20,0.056124624504569,"gill"
"3-60342280","ENSSSAG00000044241",-1110.24557545303,4.85127023109926e-22,2.42330038711949e-18,-0.115183625762941,"gill"
"3-60342323","ENSSSAG00000044241",-1110.24557545303,4.85127023109926e-22,2.42330038711949e-18,-0.115183625762941,"gill"
"3-60342453","ENSSSAG00000044241",-1110.24557545303,4.85127023109926e-22,2.42330038711949e-18,-0.115183625762941,"gill"
"9-152711569","ENSSSAG00000108780",893.79797115601,2.74971352611031e-21,1.36860153503193e-17,0.0329544798874621,"gill"
"9-152753261","ENSSSAG00000108780",893.79797115601,2.74971352611031e-21,1.36860153503193e-17,0.0329544798874621,"gill"
"6-56368197","ENSSSAG00000107049",526.242469206449,1.90408225939265e-19,9.46011194641538e-16,0.0745274628037798,"gill"
"9-48408191","ENSSSAG00000059505",321.073773251589,9.91420837235619e-18,4.9136702652581e-14,1.16392686066974,"gill"
"12-100669807","ENSSSAG00000106335",-321.028377874072,9.92542857844266e-18,4.9136702652581e-14,-0.0363670621483933,"gill"
"23-45439247","ENSSSAG00000068015",303.443483391467,1.55761337845386e-17,7.68365967965103e-14,0.0512428110813246,"gill"
"23-45484272","ENSSSAG00000068015",303.443483390692,1.5576133784857e-17,7.68365967965103e-14,0.0512428110813246,"gill"
"21-20498444","ENSSSAG00000092454",201.10477908438,4.18340254220733e-16,2.04907565131362e-12,0.0195662945775456,"gill"
"21-20519665","ENSSSAG00000092454",201.10477908438,4.18340254220733e-16,2.04907565131362e-12,0.0195662945775456,"gill"
"21-20519667","ENSSSAG00000092454",201.10477908438,4.18340254220733e-16,2.04907565131362e-12,0.0195662945775456,"gill"
"21-20535268","ENSSSAG00000092454",201.10477908438,4.18340254220733e-16,2.04907565131362e-12,0.0195662945775456,"gill"
"15-110320307","ENSSSAG00000086910",-179.871686804529,1.02124282863576e-15,4.99333529077415e-12,-0.123203254673673,"gill"
"3-101267506","ENSSSAG00000094404",-158.215120174145,2.84927619975594e-15,1.39069208408331e-11,-0.0557045265627401,"gill"
"5-77309902","ENSSSAG00000118348",136.8403664805,9.0957052242336e-15,4.42391006466567e-11,0.0191302799989812,"gill"
"5-77347293","ENSSSAG00000118348",136.8403664805,9.0957052242336e-15,4.42391006466567e-11,0.0191302799989812,"gill"
"14-96069259","ENSSSAG00000095627",134.626819387069,1.0362758700163e-14,5.03134438957343e-11,0.024205561335425,"gill"
"7-1356092","ENSSSAG00000084806",131.616111390649,1.2417200901465e-14,5.9973111773676e-11,0.222837576134894,"gill"
"7-1327752","ENSSSAG00000084806",-131.616111390586,1.24172009015128e-14,5.9973111773676e-11,-0.222837576134893,"gill"
"7-1329046","ENSSSAG00000084806",-131.616111390586,1.24172009015128e-14,5.9973111773676e-11,-0.222837576134893,"gill"
"15-21040736","ENSSSAG00000093523",122.941330654533,2.14194067498053e-14,1.03272421730923e-10,0.0176659666033933,"gill"
"11-107570757","ENSSSAG00000114537",-121.28886226983,2.38671545211685e-14,1.14874313587703e-10,-0.0310923665754025,"gill"
"7-64307099","ENSSSAG00000108262",-118.806827326776,2.81579451786846e-14,1.35291313690256e-10,-0.0863686470963762,"gill"
"19-87429278","ENSSSAG00000119043",109.44639117004,5.42703498755026e-14,2.60303226297582e-10,0.0866616456601395,"gill"
"16-84950531","ENSSSAG00000052287",108.3260767611,5.89234784577392e-14,2.80679154826917e-10,0.0380708777881565,"gill"
"16-84950623","ENSSSAG00000052287",108.3260767611,5.89234784577392e-14,2.80679154826917e-10,0.0380708777881565,"gill"
"16-84950696","ENSSSAG00000052287",108.3260767611,5.89234784577392e-14,2.80679154826917e-10,0.0380708777881565,"gill"
"16-84950704","ENSSSAG00000052287",108.3260767611,5.89234784577392e-14,2.80679154826917e-10,0.0380708777881565,"gill"
"11-102449439","ENSSSAG00000113634",-102.425826203753,9.2204143709347e-14,4.38456640695695e-10,-0.0745383626720629,"gill"
"22-51802728","ENSSSAG00000112282",-98.9053415381051,1.21950041643659e-13,5.77924165811836e-10,-0.0429671537557872,"gill"
"22-51803021","ENSSSAG00000112282",-98.9053415381051,1.21950041643659e-13,5.77924165811836e-10,-0.0429671537557872,"gill"
"19-82037438","ENSSSAG00000094006",-97.8042367821664,1.3336739037357e-13,6.30952703049436e-10,-0.205074622686518,"gill"
"1-145970759","ENSSSAG00000112130",-93.2877870479886,1.94618047434685e-13,9.17593974194817e-10,-0.0670223676842936,"gill"
"1-145977176","ENSSSAG00000112130",-93.2877870479886,1.94618047434685e-13,9.17593974194817e-10,-0.0670223676842936,"gill"
"15-21317000","ENSSSAG00000108583",92.0607791612153,2.16344439384081e-13,1.01657281914107e-09,0.111998505566074,"gill"
"15-21317513","ENSSSAG00000108583",92.0607791612153,2.16344439384081e-13,1.01657281914107e-09,0.111998505566074,"gill"
"5-7141356","ENSSSAG00000116009",88.9926650590581,2.83665024262053e-13,1.32615981964147e-09,0.011161036886647,"gill"
"5-7264054","ENSSSAG00000116009",88.9926650590581,2.83665024262053e-13,1.32615981964147e-09,0.011161036886647,"gill"
"5-7279377","ENSSSAG00000116009",88.9926650590581,2.83665024262053e-13,1.32615981964147e-09,0.011161036886647,"gill"
"11-53236057","ENSSSAG00000096813",88.4309956468992,2.9838931611453e-13,1.39030815857896e-09,0.141501071584617,"gill"
"11-53238051","ENSSSAG00000096813",88.4309956468992,2.9838931611453e-13,1.39030815857896e-09,0.283002143169235,"gill"
"24-42451121","ENSSSAG00000096652",81.2042766803687,5.89781500649084e-13,2.73880796970348e-09,0.0227328823033492,"gill"
"24-42451340","ENSSSAG00000096652",81.2042766803687,5.89781500649084e-13,2.73880796970348e-09,0.0227328823033492,"gill"
"13-110771420","ENSSSAG00000098172",-74.9317380258947,1.12115457162004e-12,5.18899721600783e-09,-0.0804835324993549,"gill"
"13-110771380","ENSSSAG00000098172",74.931738025883,1.12115457162144e-12,5.18899721600783e-09,0.0804835324993549,"gill"
"2-44562309","ENSSSAG00000062820",73.3377087051833,1.3312986560228e-12,6.12072615547767e-09,0.290866250234922,"gill"
"2-44631899","ENSSSAG00000062820",73.3377087051833,1.3312986560228e-12,6.12072615547767e-09,0.290866250234922,"gill"
"2-44633231","ENSSSAG00000062820",73.3377087051833,1.3312986560228e-12,6.12072615547767e-09,0.290866250234922,"gill"
"2-44691994","ENSSSAG00000062820",73.3377087051833,1.3312986560228e-12,6.12072615547767e-09,0.290866250234922,"gill"
"4-3881182","ENSSSAG00000096973",71.9516051159639,1.55052926854569e-12,7.11684976248016e-09,0.0348827324283059,"gill"
"12-97995542","ENSSSAG00000120013",-70.8209487469681,1.75967433685315e-12,8.06346478448553e-09,-0.0463567905790093,"gill"
"17-34439152","ENSSSAG00000107699",69.87712088814,1.95874765374502e-12,8.88754979404617e-09,0.188256793655516,"gill"
"17-34440152","ENSSSAG00000107699",69.87712088814,1.95874765374502e-12,8.88754979404617e-09,0.188256793655516,"gill"
"17-34440777","ENSSSAG00000107699",69.87712088814,1.95874765374502e-12,8.88754979404617e-09,0.188256793655516,"gill"
"17-34441265","ENSSSAG00000107699",69.87712088814,1.95874765374502e-12,8.88754979404617e-09,0.188256793655516,"gill"
"17-34441293","ENSSSAG00000107699",69.87712088814,1.95874765374502e-12,8.88754979404617e-09,0.188256793655516,"gill"
"17-34439730","ENSSSAG00000107699",-69.8771208881352,1.95874765374608e-12,8.88754979404617e-09,-0.188256793655515,"gill"
"23-10762808","ENSSSAG00000100007",-68.1523365576405,2.39156082944724e-12,1.07983606559294e-08,-0.11447033469395,"gill"
"23-10784326","ENSSSAG00000100007",-68.1523365576405,2.39156082944724e-12,1.07983606559294e-08,-0.11447033469395,"gill"
"23-10784365","ENSSSAG00000100007",-68.1523365576405,2.39156082944724e-12,1.07983606559294e-08,-0.11447033469395,"gill"
"12-101295234","ENSSSAG00000100229",65.4965158674151,3.28518192765204e-12,1.47611104186477e-08,0.0660873500679585,"gill"
"12-101295450","ENSSSAG00000100229",65.4965158674151,3.28518192765204e-12,1.47611104186477e-08,0.0660873500679585,"gill"
"12-101301411","ENSSSAG00000100229",65.4965158674151,3.28518192765204e-12,1.47611104186477e-08,0.0660873500679585,"gill"
"26-32447669","ENSSSAG00000096918",64.8098288051207,3.57368292243806e-12,1.60314317195466e-08,0.159517499840068,"gill"
"9-40373476","ENSSSAG00000073774",-64.1902475731648,3.85862836000466e-12,1.7281724236936e-08,-0.110739969928287,"gill"
"14-85926513","ENSSSAG00000064758",64.1169898217999,3.89397744574804e-12,1.74119138680536e-08,0.0382840386466787,"gill"
"16-75118042","ENSSSAG00000104180",-59.9710305426059,6.64067173644989e-12,2.9645936931466e-08,-2.84122750561656,"gill"
"9-48510050","ENSSSAG00000086052",56.3531921374395,1.09127985403836e-11,4.85452460670234e-08,0.644203775735827,"gill"
"13-106810085","ENSSSAG00000120592",56.3442454076407,1.09266373312196e-11,4.85452460670234e-08,0.0224549756104895,"gill"
"13-106810827","ENSSSAG00000120592",56.3442454076407,1.09266373312196e-11,4.85452460670234e-08,0.0224549756104895,"gill"
"26-46667413","ENSSSAG00000098649",-53.2279797288506,1.72063844338673e-11,7.62008922542473e-08,-0.194465909650226,"gill"
"26-46673906","ENSSSAG00000098649",53.2279797288506,1.72063844338673e-11,7.62008922542473e-08,0.194465909650226,"gill"
"27-34894859","ENSSSAG00000118533",53.1077383239121,1.75197164586999e-11,7.74647815155199e-08,0.0336250435436221,"gill"
"9-47233492","ENSSSAG00000110101",52.6763113769404,1.86979478112174e-11,8.25427754100709e-08,0.0393179639173127,"gill"
"29-37706679","ENSSSAG00000088673",50.8259769260339,2.48712559544841e-11,1.09446514522284e-07,0.0376518396518896,"gill"
"29-37706683","ENSSSAG00000088673",50.8259769260339,2.48712559544841e-11,1.09446514522284e-07,0.0376518396518896,"gill"
"26-51572944","ENSSSAG00000110886",-49.2222072088878,3.21199806787203e-11,1.40674808712759e-07,-0.131504833463653,"gill"
"26-51590551","ENSSSAG00000110886",49.2222072088794,3.21199806787637e-11,1.40674808712759e-07,0.131504833463652,"gill"
"26-51591307","ENSSSAG00000110886",49.2222072088794,3.21199806787637e-11,1.40674808712759e-07,0.131504833463652,"gill"
"23-42823794","ENSSSAG00000038809",48.6355462636184,3.53434289359707e-11,1.54548285486799e-07,0.16382464614259,"gill"
"6-86715541","ENSSSAG00000104352",46.6404648305465,4.9360057350374e-11,2.15499714069457e-07,0.039529309512941,"gill"
"26-34472891","ENSSSAG00000120936",46.026417551258,5.48614591494604e-11,2.39141531733277e-07,0.0768942557178708,"gill"
"4-88673048","ENSSSAG00000109952",42.9297532235191,9.55825490511971e-11,4.15338985311558e-07,0.0818233812938081,"gill"
"4-88673100","ENSSSAG00000109952",-42.9297532235147,9.55825490512756e-11,4.15338985311558e-07,-0.0818233812938081,"gill"
"7-49251701","ENSSSAG00000121280",41.9756023174613,1.1432983112559e-10,4.96024892636271e-07,0.0964784645126481,"gill"
"29-42278375","ENSSSAG00000113818",-41.4326228801994,1.26826264920579e-10,5.49381456564068e-07,-0.0442758114135116,"gill"
"3-93971731","ENSSSAG00000031864",40.2334399453,1.60255357568815e-10,6.93105421518558e-07,1.25869199636046,"gill"
"11-6292281","ENSSSAG00000048604",40.1963227859035,1.61437743739736e-10,6.96047494034585e-07,0.0482816109005072,"gill"
"11-6312845","ENSSSAG00000048604",40.1963227859035,1.61437743739736e-10,6.96047494034585e-07,0.0482816109005072,"gill"
"29-37666001","ENSSSAG00000054427",38.6921132501318,2.18728600293571e-10,9.40135878640738e-07,0.0294906478469932,"gill"
"29-37706123","ENSSSAG00000054427",-38.6921132501318,2.18728600293571e-10,9.40135878640738e-07,-0.0294906478469932,"gill"
"10-7289576","ENSSSAG00000089105",37.354572401547,2.89420506474912e-10,1.24205706392428e-06,0.0388220974945318,"gill"
"21-56879814","ENSSSAG00000089753",-35.2250942112349,4.6169190211802e-10,1.97830270372017e-06,-0.102670187570126,"gill"
"28-36156626","ENSSSAG00000089955",34.2375963125329,5.78838468253767e-10,2.47643622199922e-06,0.0437533712589,"gill"
"20-59122398","ENSSSAG00000072619",31.9733743176538,9.97062066435517e-10,4.25259089473709e-06,0.0660984291147648,"gill"
"20-59126377","ENSSSAG00000072619",31.9733743176538,9.97062066435517e-10,4.25259089473709e-06,0.0660984291147648,"gill"
"15-8146557","ENSSSAG00000118444",29.4854120976074,1.89687346589494e-09,8.06557870986357e-06,0.277122930783086,"gill"
"15-8154079","ENSSSAG00000118444",29.4854120976074,1.89687346589494e-09,8.06557870986357e-06,0.277122930783086,"gill"
"25-43619338","ENSSSAG00000041984",28.2950689572222,2.63018045660328e-09,1.11494274542424e-05,0.505857495949179,"gill"
"25-43645426","ENSSSAG00000041984",28.2950689572222,2.63018045660328e-09,1.11494274542424e-05,0.505857495949179,"gill"
"10-122924146","ENSSSAG00000068756",27.5135478437171,3.28403451504992e-09,1.38786953095638e-05,0.243157869348189,"gill"
"10-122924193","ENSSSAG00000068756",27.5135478437171,3.28403451504992e-09,1.38786953095638e-05,0.243157869348189,"gill"
"27-41299467","ENSSSAG00000095231",-25.8110750676641,5.4463419365912e-09,2.28773510526249e-05,-0.121730061092124,"gill"
"27-41182161","ENSSSAG00000095231",-25.8110750676632,5.44634193659283e-09,2.28773510526249e-05,-0.121730061092124,"gill"
"27-41202760","ENSSSAG00000095231",-25.8110750676632,5.44634193659283e-09,2.28773510526249e-05,-0.121730061092124,"gill"
"27-41206723","ENSSSAG00000095231",-25.8110750676632,5.44634193659283e-09,2.28773510526249e-05,-0.121730061092124,"gill"
"28-34549764","ENSSSAG00000108006",24.491155012637,8.2494866435132e-09,3.45995326125935e-05,0.0231352298356037,"gill"
"22-30159780","ENSSSAG00000115026",-24.2335995118271,8.96846009600181e-09,3.75581903466595e-05,-0.21601962214824,"gill"
"9-43194397","ENSSSAG00000102015",23.7481559002332,1.05233593567551e-08,4.40033398524186e-05,0.147366515285643,"gill"
"17-63169734","ENSSSAG00000066556",23.647797332783,1.08813289687563e-08,4.53633441483054e-05,0.18591629213752,"gill"
"17-63175627","ENSSSAG00000066556",23.647797332783,1.08813289687563e-08,4.53633441483054e-05,0.18591629213752,"gill"
"6-23006601","ENSSSAG00000091821",-22.6747925381463,1.51610250555791e-08,6.30155163887683e-05,-0.0597265561195718,"gill"
"6-23006601","ENSSSAG00000119490",-22.6747925381463,1.51610250555791e-08,6.30155163887683e-05,-0.0597265561195718,"gill"
"2-21787304","ENSSSAG00000059186",-22.3080936275377,1.72417552078269e-08,7.15566137328736e-05,-1.11497846254993,"gill"
"5-63857650","ENSSSAG00000082340",20.2528590769827,3.69081860548207e-08,0.000152947136826868,0.161607899733206,"gill"
"18-41315724","ENSSSAG00000087351",-20.1827511534772,3.79282055074045e-08,0.000156939498576324,-0.130294755606712,"gill"
"11-102851591","ENSSSAG00000000887",19.7110582425872,4.56738222777095e-08,0.000188707693057139,0.091199688209631,"gill"
"5-87255241","ENSSSAG00000119992",19.4284148784336,5.11591638331785e-08,0.000210742991843216,0.249502783152617,"gill"
"5-87255425","ENSSSAG00000119992",-19.4284148784334,5.11591638331829e-08,0.000210742991843216,-0.249502783152616,"gill"
"11-102832331","ENSSSAG00000000887",19.0719113104444,5.91621916367448e-08,0.000243348753083242,0.0582253302100995,"gill"
"7-66041474","ENSSSAG00000094837",-18.6355899571791,7.09347517759173e-08,0.000290908978485469,-0.413101399295845,"gill"
"7-66041563","ENSSSAG00000094837",-18.6355899571791,7.09347517759173e-08,0.000290908978485469,-0.413101399295845,"gill"
"14-89821704","ENSSSAG00000120766",-18.1848495016118,8.59330063900818e-08,0.000351378415446031,-0.236844871281835,"gill"
"14-89823666","ENSSSAG00000120766",-18.1848495016118,8.59330063900818e-08,0.000351378415446031,-0.236844871281835,"gill"
"19-62850845","ENSSSAG00000069196",18.1225331118714,8.82738335985868e-08,0.000360418422424943,0.139285613180424,"gill"
"12-19649213","ENSSSAG00000086661",-17.7628278829602,1.03267928442073e-07,0.00042101863645571,-0.0788091711835293,"gill"
"23-23906412","ENSSSAG00000058122",16.8646155828277,1.54891182872897e-07,0.000630557001648804,0.498558146875788,"gill"
"9-74313266","ENSSSAG00000099099",-16.3312496253017,1.98996119911274e-07,0.000801864410054511,-0.647819982947856,"gill"
"9-74313431","ENSSSAG00000099099",-16.3312496253017,1.98996119911274e-07,0.000801864410054511,-0.647819982947856,"gill"
"9-74313600","ENSSSAG00000099099",-16.3312496253017,1.98996119911274e-07,0.000801864410054511,-0.647819982947856,"gill"
"9-74313726","ENSSSAG00000099099",-16.3312496253017,1.98996119911274e-07,0.000801864410054511,-0.647819982947856,"gill"
"9-74314413","ENSSSAG00000099099",-16.3312496253017,1.98996119911274e-07,0.000801864410054511,-0.647819982947856,"gill"
"9-74314502","ENSSSAG00000099099",-16.3312496253017,1.98996119911274e-07,0.000801864410054511,-0.647819982947856,"gill"
"9-74314667","ENSSSAG00000099099",-16.3312496253017,1.98996119911274e-07,0.000801864410054511,-0.647819982947856,"gill"
"26-54737265","ENSSSAG00000109182",-16.0814001000305,2.24379541159048e-07,0.000900222733664249,-0.139580408365949,"gill"
"26-54735635","ENSSSAG00000109182",16.0814001000303,2.24379541159074e-07,0.000900222733664249,0.139580408365949,"gill"
"26-54735812","ENSSSAG00000109182",16.0814001000303,2.24379541159074e-07,0.000900222733664249,0.139580408365949,"gill"
"7-16812744","ENSSSAG00000105853",15.5896437495078,2.85679812010239e-07,0.00114450639819441,0.117580412175234,"gill"
"20-31449444","ENSSSAG00000106188",-15.4798538587803,3.01803830315737e-07,0.0012056188920683,-0.491806228915547,"gill"
"20-31450657","ENSSSAG00000106188",-15.4798538587803,3.01803830315737e-07,0.0012056188920683,-0.491806228915547,"gill"
"6-93816603","ENSSSAG00000115564",15.3033930190771,3.29902768397655e-07,0.00130470615122558,0.16967660829936,"gill"
"6-93816666","ENSSSAG00000115564",15.3033930190771,3.29902768397655e-07,0.00130470615122558,0.16967660829936,"gill"
"6-93818576","ENSSSAG00000115564",15.3033930190771,3.29902768397655e-07,0.00130470615122558,0.16967660829936,"gill"
"6-93818696","ENSSSAG00000115564",15.3033930190771,3.29902768397655e-07,0.00130470615122558,0.16967660829936,"gill"
"6-93819655","ENSSSAG00000115564",15.3033930190771,3.29902768397655e-07,0.00130470615122558,0.16967660829936,"gill"
"6-93819784","ENSSSAG00000115564",15.3033930190771,3.29902768397655e-07,0.00130470615122558,0.16967660829936,"gill"
"6-93824793","ENSSSAG00000115564",-15.3033930190771,3.29902768397665e-07,0.00130470615122558,-0.16967660829936,"gill"
"6-87097795","ENSSSAG00000038239",-15.2155696171979,3.4497210807142e-07,0.00136235922991101,-1.3894159601205,"gill"
"6-10436450","ENSSSAG00000121459",14.7666086375754,4.35132276979923e-07,0.00171597415406469,0.176840033969368,"gill"
"9-112195301","ENSSSAG00000104692",-14.4038051090065,5.27506567686677e-07,0.00207730362967079,-0.21855004611382,"gill"
"6-91482736","ENSSSAG00000113061",-14.2044008849046,5.87517721506365e-07,0.00231034385439152,-0.114607827740627,"gill"
"6-88877880","ENSSSAG00000110299",-14.1406563945696,6.08287265679405e-07,0.00238525095753001,-0.985045082444926,"gill"
"6-88917413","ENSSSAG00000110299",14.1406563945696,6.08287265679405e-07,0.00238525095753001,0.985045082444926,"gill"
"3-2670436","ENSSSAG00000040559",-13.8689657607037,7.06534441051923e-07,0.00276659028308903,-0.33151993689319,"gill"
"21-43436813","ENSSSAG00000049141",13.5149595568814,8.62294798553795e-07,0.00337174171590951,0.0353801161290459,"gill"
"17-57035354","ENSSSAG00000057329",-13.3251350528501,9.61431004214504e-07,0.00375408880913097,-0.768158666489183,"gill"
"13-97033652","ENSSSAG00000087236",-13.2397523584882,1.01013538280617e-06,0.0039387167590431,-0.117423448283347,"gill"
"10-120395968","ENSSSAG00000111996",13.1396483335267,1.0707901865878e-06,0.00416935770673141,0.19991581646475,"gill"
"14-93962405","ENSSSAG00000092840",-13.0842303541444,1.1061162761078e-06,0.00430086708222392,-0.155159852947192,"gill"
"11-111431969","ENSSSAG00000120608",13.0662814563938,1.11783610870768e-06,0.00433427896701757,0.406321311688972,"gill"
"11-111405128","ENSSSAG00000120608",13.0662814563937,1.11783610870772e-06,0.00433427896701757,0.406321311688972,"gill"
"12-5363608","ENSSSAG00000120664",-13.0428054371609,1.13337532965621e-06,0.00438839286912077,-0.575448512955764,"gill"
"1-7201799","ENSSSAG00000115320",12.9771401897247,1.17814043271598e-06,0.00455535967599869,0.188982107720213,"gill"
"6-37643228","ENSSSAG00000106288",-12.9556193146125,1.19323967808514e-06,0.00460090815508499,-0.310949248993387,"gill"
"6-37643574","ENSSSAG00000106288",-12.9556193146125,1.19323967808514e-06,0.00460090815508499,-0.310949248993387,"gill"
"15-56790816","ENSSSAG00000045882",12.7602873165973,1.340648715092e-06,0.0051194480876891,1.45805535648743,"gill"
"15-56795275","ENSSSAG00000045882",12.7602873165973,1.340648715092e-06,0.0051194480876891,1.45805535648743,"gill"
"15-56816442","ENSSSAG00000045882",12.7602873165973,1.340648715092e-06,0.0051194480876891,1.45805535648743,"gill"
"15-56820746","ENSSSAG00000045882",12.7602873165973,1.340648715092e-06,0.0051194480876891,1.45805535648743,"gill"
"15-56822466","ENSSSAG00000045882",12.7602873165973,1.340648715092e-06,0.0051194480876891,1.45805535648743,"gill"
"15-56848327","ENSSSAG00000045882",12.7602873165973,1.340648715092e-06,0.0051194480876891,1.45805535648743,"gill"
"15-56965565","ENSSSAG00000045882",12.7602873165973,1.340648715092e-06,0.0051194480876891,1.45805535648743,"gill"
"13-102058494","ENSSSAG00000042557",12.7578161256461,1.34263982155385e-06,0.00511999905618783,0.0945927607487305,"gill"
"1-151323426","ENSSSAG00000041438",12.7412410160156,1.35608073127928e-06,0.0051641510132785,0.251289675829105,"gill"
"16-24858739","ENSSSAG00000116053",12.6806575294836,1.4065056825686e-06,0.00534882920774997,0.0627793201978789,"gill"
"3-4352505","ENSSSAG00000107761",12.5941721540543,1.48216652188668e-06,0.00562113985151242,0.217542463008271,"gill"
"3-4352769","ENSSSAG00000107761",12.5941721540543,1.48216652188668e-06,0.00562113985151242,0.217542463008271,"gill"
"3-81819475","ENSSSAG00000045411",-12.5710769035685,1.50313451273936e-06,0.00569287349804399,-0.135392657826542,"gill"
"22-13001154","ENSSSAG00000074441",-12.4343185967304,1.63431237844882e-06,0.00618124365870756,-0.743541459570172,"gill"
"7-57527404","ENSSSAG00000108545",-12.372748811546,1.69751468800945e-06,0.00640281523468648,-0.211320667073987,"gill"
"7-57646015","ENSSSAG00000108545",-12.372748811546,1.69751468800945e-06,0.00640281523468648,-0.211320667073987,"gill"
"1-167551640","ENSSSAG00000083583",-12.3599274344728,1.71101744376411e-06,0.00642751121795829,-0.362350198194794,"gill"
"1-167551709","ENSSSAG00000083583",-12.3599274344728,1.71101744376411e-06,0.00642751121795829,-0.362350198194794,"gill"
"1-167555228","ENSSSAG00000083583",-12.3599274344727,1.71101744376415e-06,0.00642751121795829,-0.181175099097397,"gill"
"21-34080019","ENSSSAG00000055788",-12.3507517076391,1.72075460336286e-06,0.00645534220404108,-0.234825512672056,"gill"
"9-110824574","ENSSSAG00000087462",12.3021836135545,1.77333850422302e-06,0.00646878652904498,0.338527228697557,"gill"
"9-110861706","ENSSSAG00000087462",12.3021836135545,1.77333850422302e-06,0.00646878652904498,0.338527228697557,"gill"
"9-110861780","ENSSSAG00000087462",12.3021836135545,1.77333850422302e-06,0.00646878652904498,0.338527228697557,"gill"
"9-110862267","ENSSSAG00000087462",12.3021836135545,1.77333850422302e-06,0.00646878652904498,0.338527228697557,"gill"
"9-110905608","ENSSSAG00000087462",12.3021836135545,1.77333850422302e-06,0.00646878652904498,0.338527228697557,"gill"
"9-110930920","ENSSSAG00000087462",12.3021836135545,1.77333850422302e-06,0.00646878652904498,0.338527228697557,"gill"
"9-110942162","ENSSSAG00000087462",12.3021836135545,1.77333850422302e-06,0.00646878652904498,0.338527228697557,"gill"
"9-110960233","ENSSSAG00000087462",12.3021836135545,1.77333850422302e-06,0.00646878652904498,0.338527228697557,"gill"
"9-110978969","ENSSSAG00000087462",12.3021836135545,1.77333850422302e-06,0.00646878652904498,0.338527228697557,"gill"
"9-110979038","ENSSSAG00000087462",12.3021836135545,1.77333850422302e-06,0.00646878652904498,0.338527228697557,"gill"
"9-110989571","ENSSSAG00000087462",12.3021836135545,1.77333850422302e-06,0.00646878652904498,0.338527228697557,"gill"
"9-110928874","ENSSSAG00000087462",-12.3021836135545,1.77333850422305e-06,0.00646878652904498,-0.338527228697556,"gill"
"9-110935287","ENSSSAG00000087462",-12.3021836135545,1.77333850422305e-06,0.00646878652904498,-0.338527228697556,"gill"
"9-110941246","ENSSSAG00000087462",-12.3021836135545,1.77333850422305e-06,0.00646878652904498,-0.338527228697556,"gill"
"9-110954078","ENSSSAG00000087462",-12.3021836135545,1.77333850422305e-06,0.00646878652904498,-0.338527228697556,"gill"
"9-110960653","ENSSSAG00000087462",-12.3021836135545,1.77333850422305e-06,0.00646878652904498,-0.338527228697556,"gill"
"9-110962202","ENSSSAG00000087462",-12.3021836135545,1.77333850422305e-06,0.00646878652904498,-0.338527228697556,"gill"
"9-110962206","ENSSSAG00000087462",-12.3021836135545,1.77333850422305e-06,0.00646878652904498,-0.338527228697556,"gill"
"9-110966718","ENSSSAG00000087462",-12.3021836135545,1.77333850422305e-06,0.00646878652904498,-0.338527228697556,"gill"
"9-110978853","ENSSSAG00000087462",-12.3021836135545,1.77333850422305e-06,0.00646878652904498,-0.338527228697556,"gill"
"9-110992806","ENSSSAG00000087462",-12.3021836135545,1.77333850422305e-06,0.00646878652904498,-0.338527228697556,"gill"
"25-48766451","ENSSSAG00000052004",-12.2389557411871,1.84450886899719e-06,0.00671956035253366,-0.496702321306991,"gill"
"17-34324497","ENSSSAG00000121244",-12.1094411384589,2.00049578374486e-06,0.00727825784206511,-0.2001523785015,"gill"
"22-36431416","ENSSSAG00000090779",-11.8627608678133,2.34016240638864e-06,0.00849175406275,-0.80376283385027,"gill"
"22-36432084","ENSSSAG00000090779",-11.8627608678133,2.34016240638864e-06,0.00849175406275,-0.80376283385027,"gill"
"1-7427008","ENSSSAG00000039639",-11.8558048182822,2.35063433063876e-06,0.00851860355977179,-0.0411341329670139,"gill"
"14-40274068","ENSSSAG00000118161",-11.8508510035079,2.35812396800323e-06,0.00853458937609716,-1.08563274130335,"gill"
"1-41947936","ENSSSAG00000089875",-11.823993987567,2.39919647824533e-06,0.00867191913081799,-0.0777192351049125,"gill"
"3-101437477","ENSSSAG00000085463",11.7980730433785,2.43959773902407e-06,0.0087663559881531,0.124835269057783,"gill"
"3-101437477","ENSSSAG00000101333",11.7980730433785,2.43959773902407e-06,0.0087663559881531,0.124835269057783,"gill"
"9-17002387","ENSSSAG00000060194",11.7970968379938,2.44113408720753e-06,0.0087663559881531,0.684684942288807,"gill"
"9-16994628","ENSSSAG00000060194",-11.7970968379937,2.44113408720761e-06,0.0087663559881531,-0.684684942288807,"gill"
"9-17019425","ENSSSAG00000060194",-11.7970968379937,2.44113408720761e-06,0.0087663559881531,-0.684684942288807,"gill"
"18-77903623","ENSSSAG00000099376",11.7803767868106,2.46761677220031e-06,0.00883856012720583,0.113809860015624,"gill"
"18-77903813","ENSSSAG00000099376",11.7803767868106,2.46761677220031e-06,0.00883856012720583,0.113809860015624,"gill"
"27-38723106","ENSSSAG00000083158",-11.6203104447814,2.73807312904042e-06,0.00973184556379424,-0.218620338455604,"gill"
"27-38727726","ENSSSAG00000083158",-11.6203104447814,2.73807312904042e-06,0.00973184556379424,-0.218620338455604,"gill"
"27-38832441","ENSSSAG00000083158",-11.6203104447814,2.73807312904042e-06,0.00973184556379424,-0.218620338455604,"gill"
"27-38846603","ENSSSAG00000083158",-11.6203104447814,2.73807312904042e-06,0.00973184556379424,-0.218620338455604,"gill"
"27-38847240","ENSSSAG00000083158",-11.6203104447814,2.73807312904042e-06,0.00973184556379424,-0.218620338455604,"gill"
"27-38847730","ENSSSAG00000083158",-11.6203104447814,2.73807312904042e-06,0.00973184556379424,-0.218620338455604,"gill"
"24-18134841","ENSSSAG00000099910",-11.5495419883866,2.8680927332079e-06,0.0101809176171082,-0.449151981268277,"gill"
"24-34650009","ENSSSAG00000074776",-11.4824810587713,2.99770169516602e-06,0.0106273853489232,-0.241225535734248,"gill"
"15-2825764","ENSSSAG00000039752",-11.3919418519327,3.18320177988587e-06,0.0112706035852225,-1.7476757102148,"gill"
"2-5393140","ENSSSAG00000120276",-11.3702956041679,3.22943022375259e-06,0.0113761665346707,-0.119405087259979,"gill"
"2-5426192","ENSSSAG00000120276",-11.3702956041679,3.22943022375261e-06,0.0113761665346707,-0.0597025436299893,"gill"
"2-5427044","ENSSSAG00000120276",-11.3702956041679,3.22943022375261e-06,0.0113761665346707,-0.0597025436299893,"gill"
"2-5427131","ENSSSAG00000120276",-11.3702956041679,3.22943022375261e-06,0.0113761665346707,-0.0597025436299893,"gill"
"18-41134422","ENSSSAG00000114074",11.1332278450004,3.78800601836569e-06,0.0133269022041748,0.250031564592334,"gill"
"5-74233964","ENSSSAG00000005206",11.1152775525139,3.83451323090376e-06,0.0134734248807582,0.20838194923238,"gill"
"11-30630051","ENSSSAG00000107073",11.0705338916639,3.95324255121332e-06,0.013873024011092,0.147489464991396,"gill"
"22-60074694","ENSSSAG00000102491",10.7822684941641,4.8242822832976e-06,0.0168539116289148,0.0499324275478818,"gill"
"22-60199739","ENSSSAG00000102491",10.7822684941641,4.8242822832976e-06,0.0168539116289148,0.0499324275478818,"gill"
"17-81996557","ENSSSAG00000107142",10.7796649284239,4.83306986471919e-06,0.0168539116289148,0.163843283135108,"gill"
"17-81995317","ENSSSAG00000107142",-10.7796649284239,4.83306986471925e-06,0.0168539116289148,-0.163843283135108,"gill"
"17-81995948","ENSSSAG00000107142",-10.7796649284239,4.83306986471925e-06,0.0168539116289148,-0.163843283135108,"gill"
"1-83695586","ENSSSAG00000001994",-10.771174857017,4.86185013556774e-06,0.0169329750307643,-0.12261314211756,"gill"
"4-84183229","ENSSSAG00000068974",10.7011848565457,5.1065401521251e-06,0.017696261691751,2.5889792214516,"gill"
"4-84310181","ENSSSAG00000068974",10.7011848565457,5.1065401521251e-06,0.017696261691751,2.5889792214516,"gill"
"4-84313227","ENSSSAG00000068974",10.7011848565457,5.1065401521251e-06,0.017696261691751,2.5889792214516,"gill"
"4-84314540","ENSSSAG00000068974",10.7011848565457,5.1065401521251e-06,0.017696261691751,2.5889792214516,"gill"
"1-4797935","ENSSSAG00000055921",-10.662632602442,5.24717886689244e-06,0.0181382869586948,-0.254132150491269,"gill"
"1-4816482","ENSSSAG00000055921",10.662632602442,5.24717886689251e-06,0.0181382869586948,0.254132150491269,"gill"
"4-82523962","ENSSSAG00000063520",-10.6524211364798,5.28515156848863e-06,0.0182467982101078,-0.160832163838954,"gill"
"26-46093334","ENSSSAG00000042330",-10.596390167666,5.49905253056921e-06,0.0189381152832552,-0.0950687645213577,"gill"
"26-46093922","ENSSSAG00000042330",-10.596390167666,5.49905253056921e-06,0.0189381152832552,-0.0950687645213577,"gill"
"3-38927440","ENSSSAG00000073246",-10.5309924252889,5.76103492484387e-06,0.0198157372111135,-0.0304855340416486,"gill"
"25-47701050","ENSSSAG00000097030",10.4726066282092,6.00674840365456e-06,0.0204830046680876,0.133877506231731,"gill"
"25-47701448","ENSSSAG00000097030",10.4726066282092,6.00674840365456e-06,0.0204830046680876,0.133877506231731,"gill"
"25-47705353","ENSSSAG00000097030",10.4726066282092,6.00674840365456e-06,0.0204830046680876,0.133877506231731,"gill"
"25-47705449","ENSSSAG00000097030",10.4726066282092,6.00674840365456e-06,0.0204830046680876,0.133877506231731,"gill"
"25-47706137","ENSSSAG00000097030",10.4726066282092,6.00674840365456e-06,0.0204830046680876,0.133877506231731,"gill"
"25-47706887","ENSSSAG00000097030",10.4726066282092,6.00674840365456e-06,0.0204830046680876,0.133877506231731,"gill"
"25-47708152","ENSSSAG00000097030",10.4726066282092,6.00674840365456e-06,0.0204830046680876,0.133877506231731,"gill"
"2-57034731","ENSSSAG00000062117",-10.4693787137513,6.02067049743364e-06,0.0205052572720881,-0.151946931463706,"gill"
"6-91094970","ENSSSAG00000093062",10.450882153754,6.10114502164349e-06,0.0207538420573103,0.14427661404792,"gill"
"4-77574965","ENSSSAG00000114419",10.4118667283634,6.2748627326702e-06,0.0213186077509814,0.37143424449909,"gill"
"9-128607065","ENSSSAG00000116612",-10.3961875157415,6.34622549941639e-06,0.0215083435117011,-0.22133128882944,"gill"
"9-128691174","ENSSSAG00000116612",-10.3961875157415,6.34622549941639e-06,0.0215083435117011,-0.22133128882944,"gill"
"10-124613817","ENSSSAG00000091265",10.3723806014469,6.45632037754756e-06,0.0218281027023986,0.211713860953274,"gill"
"10-124642278","ENSSSAG00000091265",-10.3723806014468,6.45632037754785e-06,0.0218281027023986,-0.211713860953274,"gill"
"18-29465616","ENSSSAG00000104386",10.3612949395202,6.50831250195691e-06,0.0219770809868912,0.123704777016827,"gill"
"1-9913866","ENSSSAG00000078367",-10.3470911684054,6.57561329075318e-06,0.0221503808247156,-0.23718519705764,"gill"
"1-10027773","ENSSSAG00000078367",10.3470911684054,6.57561329075334e-06,0.0221503808247156,0.23718519705764,"gill"
"6-94436395","ENSSSAG00000118676",-10.3096301660132,6.75687073580281e-06,0.0227057802304454,-0.447389155040916,"gill"
"6-94436565","ENSSSAG00000118676",-10.3096301660132,6.75687073580281e-06,0.0227057802304454,-0.447389155040916,"gill"
"1-80019900","ENSSSAG00000104840",10.2541209418076,7.03580393713544e-06,0.0236144834058532,0.107875211720496,"gill"
"7-30553472","ENSSSAG00000056916",-10.2445449334893,7.08521184831361e-06,0.0237515577729425,-0.191088905552727,"gill"
"4-87132945","ENSSSAG00000103341",10.2293342797378,7.1644904206585e-06,0.0239883146901133,0.0356711425859945,"gill"
"27-44137179","ENSSSAG00000106459",-10.2275190215651,7.17401759800702e-06,0.0239912388823465,-0.469377065175573,"gill"
"5-5141389","ENSSSAG00000047614",10.2099816495486,7.26679256876901e-06,0.0241848016511198,0.282725691169063,"gill"
"5-5166358","ENSSSAG00000047614",-10.2099816495486,7.26679256876901e-06,0.0241848016511198,-0.282725691169063,"gill"
"5-5166452","ENSSSAG00000047614",10.2099816495486,7.26679256876901e-06,0.0241848016511198,0.282725691169063,"gill"
"5-5166546","ENSSSAG00000047614",-10.2099816495486,7.26679256876901e-06,0.0241848016511198,-0.282725691169063,"gill"
"6-30731478","ENSSSAG00000002292",-10.1873682959584,7.38840344183652e-06,0.024560054107318,-0.273625709013262,"gill"
"9-22209241","ENSSSAG00000008108",-10.170240023072,7.48202925729082e-06,0.0248414930405219,-0.228147298724802,"gill"
"15-3674485","ENSSSAG00000099528",-10.1229235438816,7.74762604482301e-06,0.0256925458914092,-0.172004705050349,"gill"
"6-662871","ENSSSAG00000121154",-10.0757667476542,8.022841522255e-06,0.0264785193030377,-0.0799909634437359,"gill"
"6-662994","ENSSSAG00000121154",-10.0757667476542,8.022841522255e-06,0.0264785193030377,-0.0799909634437359,"gill"
"6-664978","ENSSSAG00000121154",-10.0757667476542,8.022841522255e-06,0.0264785193030377,-0.0799909634437359,"gill"
"6-752659","ENSSSAG00000121154",10.0757667476542,8.022841522255e-06,0.0264785193030377,0.0799909634437359,"gill"
"22-63715724","ENSSSAG00000028772",-10.0458888058735,8.20285564454412e-06,0.0270083308624505,-0.312924193084234,"gill"
"22-63715952","ENSSSAG00000028772",-10.0458888058735,8.20285564454412e-06,0.0270083308624505,-0.312924193084234,"gill"
"11-111401440","ENSSSAG00000102291",-9.99634831438488,8.51135843693788e-06,0.0279908491389295,-0.192272032116105,"gill"
"1-89723919","ENSSSAG00000102274",-9.9229876014602,8.99226586388225e-06,0.0295373452963872,-1.66236828274525,"gill"
"26-32879724","ENSSSAG00000103710",9.89430056212625,9.18850719295951e-06,0.0301462307192311,0.0526459065858994,"gill"
"5-76528934","ENSSSAG00000042134",-9.88740317048481,9.23640033863971e-06,0.0302675419792207,-0.096714497758251,"gill"
"5-89775809","ENSSSAG00000121740",9.86260992320638,9.41087092972342e-06,0.0307665452756241,0.118107451608648,"gill"
"5-89922645","ENSSSAG00000121740",9.86260992320638,9.41087092972342e-06,0.0307665452756241,0.118107451608648,"gill"
"11-53451576","ENSSSAG00000100111",-9.83100816725521,9.63860749650392e-06,0.0313631350729756,-0.0692091474105426,"gill"
"11-53453453","ENSSSAG00000100111",-9.83100816725521,9.63860749650392e-06,0.0313631350729756,-0.0692091474105426,"gill"
"11-53594760","ENSSSAG00000100111",-9.83100816725521,9.63860749650392e-06,0.0313631350729756,-0.0692091474105426,"gill"
"11-53596833","ENSSSAG00000100111",-9.83100816725521,9.63860749650392e-06,0.0313631350729756,-0.0692091474105426,"gill"
"13-28382789","ENSSSAG00000073721",-9.81910249186058,9.72599468774962e-06,0.0316103835014,-0.051826307560827,"gill"
"13-11293327","ENSSSAG00000110086",9.80899594156677,9.80087048352914e-06,0.0317792251072887,0.0341693412341846,"gill"
"13-11336905","ENSSSAG00000110086",-9.80899594156677,9.80087048352914e-06,0.0317792251072887,-0.0341693412341846,"gill"
"5-86841521","ENSSSAG00000089580",-9.71680872118501,1.05143475772074e-05,0.034052839607911,-0.272119043754379,"gill"
"7-36587294","ENSSSAG00000053454",9.66379343152479,1.0950792303951e-05,0.0354249697517153,0.089797359562056,"gill"
"4-28745841","ENSSSAG00000005695",-9.62935696583037,1.12451033570608e-05,0.0362561046340007,-3.77210019860895,"gill"
"28-39827956","ENSSSAG00000112035",-9.62914390120255,1.12469515649984e-05,0.0362561046340007,-0.410262487391286,"gill"
"28-39827959","ENSSSAG00000112035",9.62914390120255,1.12469515649984e-05,0.0362561046340007,0.410262487391286,"gill"
"2-7356637","ENSSSAG00000102527",9.57636728401556,1.17153702636191e-05,0.0376348328245295,1.08612904771748,"gill"
"2-7357035","ENSSSAG00000102527",9.57636728401556,1.17153702636191e-05,0.0376348328245295,1.08612904771748,"gill"
"2-7357193","ENSSSAG00000102527",9.57636728401556,1.17153702636191e-05,0.0376348328245295,1.08612904771748,"gill"
"2-71292470","ENSSSAG00000087178",9.50156097734015,1.24170402211691e-05,0.0398427322908722,1.42542729059871,"gill"
"17-27384458","ENSSSAG00000017401",9.48027992931431,1.26251268666449e-05,0.0404635899896864,0.700317393239258,"gill"
"3-85719609","ENSSSAG00000087525",-9.46655204814679,1.2761420852522e-05,0.0408531837305444,-0.347672717510066,"gill"
"12-64341274","ENSSSAG00000080864",9.42860743889443,1.31467579962684e-05,0.0420382219712072,0.0976045428085862,"gill"
"18-25859343","ENSSSAG00000074122",-9.33561776532378,1.41471405927097e-05,0.0451849402445232,-0.237511440378563,"gill"
"18-67771786","ENSSSAG00000100182",9.32198401948277,1.43008230357574e-05,0.0455707889952855,0.542408873895696,"gill"
"18-67829116","ENSSSAG00000100182",9.32198401948277,1.43008230357574e-05,0.0455707889952855,0.542408873895696,"gill"
"6-14683541","ENSSSAG00000094172",-9.31825610080136,1.43431683212934e-05,0.0456008962029856,-0.264823013587033,"gill"
"6-14625766","ENSSSAG00000094172",9.31825610080135,1.43431683212936e-05,0.0456008962029856,0.264823013587033,"gill"
"11-108099025","ENSSSAG00000100798",-9.30550889682476,1.44890230009551e-05,0.0458019824939743,-0.110985673839665,"gill"
"11-108105717","ENSSSAG00000100798",-9.30550889682476,1.44890230009551e-05,0.0458019824939743,-0.0554928369198325,"gill"
"11-108093371","ENSSSAG00000100798",-9.30550889682475,1.44890230009553e-05,0.0458019824939743,-0.110985673839665,"gill"
"11-108256025","ENSSSAG00000100798",-9.30550889682475,1.44890230009553e-05,0.0458019824939743,-0.110985673839665,"gill"
"11-108261724","ENSSSAG00000100798",-9.30550889682475,1.44890230009553e-05,0.0458019824939743,-0.110985673839665,"gill"
"3-16688543","ENSSSAG00000005275",9.25556145567291,1.50766729800624e-05,0.0476053504853569,0.323880606171858,"gill"
"8-20380587","ENSSSAG00000003511",9.25208627749966,1.51185378461708e-05,0.0476832319778577,1.34197922046209,"gill"
"8-19501128","ENSSSAG00000120595",-9.23575481115652,1.53170235002826e-05,0.0482543505039942,-0.37769511257713,"gill"
"27-43596193","ENSSSAG00000040160",-9.22968888156809,1.53914846409532e-05,0.0484338924213042,-0.580613771093775,"gill"
"9-43286222","ENSSSAG00000097916",-9.2237321183905,1.54649985990361e-05,0.048554998981956,-0.0351375326095423,"gill"
"9-43287163","ENSSSAG00000097916",-9.2237321183905,1.54649985990361e-05,0.048554998981956,-0.0351375326095423,"gill"
"22-24784708","ENSSSAG00000071733",-9.20339209054645,1.57189856275775e-05,0.048841636289123,-0.248706666024814,"gill"
"11-51609654","ENSSSAG00000065164",9.19953242124572,1.57677045108157e-05,0.048841636289123,0.377526521618386,"gill"
"11-51609946","ENSSSAG00000065164",9.19953242124572,1.57677045108157e-05,0.048841636289123,0.377526521618386,"gill"
"11-51610050","ENSSSAG00000065164",9.19953242124572,1.57677045108157e-05,0.048841636289123,0.377526521618386,"gill"
"11-51610135","ENSSSAG00000065164",9.19953242124572,1.57677045108157e-05,0.048841636289123,0.377526521618386,"gill"
"11-51610174","ENSSSAG00000065164",9.19953242124572,1.57677045108157e-05,0.048841636289123,0.377526521618386,"gill"
"11-51610719","ENSSSAG00000065164",9.19953242124572,1.57677045108157e-05,0.048841636289123,0.377526521618386,"gill"
"11-51610891","ENSSSAG00000065164",9.19953242124572,1.57677045108157e-05,0.048841636289123,0.377526521618386,"gill"
"11-51611105","ENSSSAG00000065164",9.19953242124572,1.57677045108157e-05,0.048841636289123,0.377526521618386,"gill"
"11-51611471","ENSSSAG00000065164",9.19953242124572,1.57677045108157e-05,0.048841636289123,0.377526521618386,"gill"
"11-51611825","ENSSSAG00000065164",9.19953242124572,1.57677045108157e-05,0.048841636289123,0.377526521618386,"gill"
"11-51611995","ENSSSAG00000065164",9.19953242124572,1.57677045108157e-05,0.048841636289123,0.377526521618386,"gill"
"1-2144178","ENSSSAG00000082077",-189812531.248503,6.64689742203201e-64,3.13390926583752e-60,-0.455400647830544,"gonad"
"1-2145006","ENSSSAG00000082077",-189812531.248503,6.64689742203201e-64,3.13390926583752e-60,-0.455400647830544,"gonad"
"1-2556802","ENSSSAG00000082077",-189812531.248503,6.64689742203201e-64,3.13390926583752e-60,-0.455400647830544,"gonad"
"1-16815889","ENSSSAG00000097712",-189812531.248503,6.64689742203201e-64,3.13390926583752e-60,-0.0398118845308894,"gonad"
"1-60811035","ENSSSAG00000091629",-189812531.248503,6.64689742203201e-64,3.13390926583752e-60,-0.0798624148168995,"gonad"
"2-8996569","ENSSSAG00000040040",-189812531.248503,6.64689742203201e-64,3.13390926583752e-60,-0.596523939067313,"gonad"
"2-9056697","ENSSSAG00000040040",-189812531.248503,6.64689742203201e-64,3.13390926583752e-60,-0.596523939067313,"gonad"
"2-62160051","ENSSSAG00000001138",-189812531.248503,6.64689742203201e-64,3.13390926583752e-60,-0.362143464288266,"gonad"
"3-7709157","ENSSSAG00000093422",-189812531.248503,6.64689742203201e-64,3.13390926583752e-60,-0.020231946890039,"gonad"
"3-16374402","ENSSSAG00000003180",-189812531.248503,6.64689742203201e-64,3.13390926583752e-60,-0.252167841797754,"gonad"
"3-86377495","ENSSSAG00000118581",189812531.248503,6.64689742203201e-64,3.13390926583752e-60,0.600621719823877,"gonad"
"4-1800051","ENSSSAG00000084189",-189812531.248503,6.64689742203201e-64,3.13390926583752e-60,-0.102693822028433,"gonad"
"4-6407229","ENSSSAG00000097906",-189812531.248503,6.64689742203201e-64,3.13390926583752e-60,-0.0781963888908973,"gonad"
"4-85410005","ENSSSAG00000088096",-189812531.248503,6.64689742203201e-64,3.13390926583752e-60,-0.150814307860935,"gonad"
"4-89164422","ENSSSAG00000099121",-189812531.248503,6.64689742203201e-64,3.13390926583752e-60,-0.0433726588086118,"gonad"
"4-89164701","ENSSSAG00000099121",-189812531.248503,6.64689742203201e-64,3.13390926583752e-60,-0.0433726588086118,"gonad"
"4-89174620","ENSSSAG00000099121",189812531.248503,6.64689742203201e-64,3.13390926583752e-60,0.0433726588086118,"gonad"
"5-11135325","ENSSSAG00000092936",-189812531.248503,6.64689742203201e-64,3.13390926583752e-60,-0.0613904461451704,"gonad"
"5-38159738","ENSSSAG00000118396",-189812531.248503,6.64689742203201e-64,3.13390926583752e-60,-0.0409231094079726,"gonad"
"5-72088303","ENSSSAG00000074469",-189812531.248503,6.64689742203201e-64,3.13390926583752e-60,-0.016840680384388,"gonad"
"5-72088943","ENSSSAG00000074469",-189812531.248503,6.64689742203201e-64,3.13390926583752e-60,-0.016840680384388,"gonad"
"5-75013229","ENSSSAG00000114124",-189812531.248503,6.64689742203201e-64,3.13390926583752e-60,-0.120212083130443,"gonad"
"5-75013791","ENSSSAG00000114124",-189812531.248503,6.64689742203201e-64,3.13390926583752e-60,-0.120212083130443,"gonad"
"5-75014207","ENSSSAG00000114124",-189812531.248503,6.64689742203201e-64,3.13390926583752e-60,-0.120212083130443,"gonad"
"5-75014849","ENSSSAG00000114124",-189812531.248503,6.64689742203201e-64,3.13390926583752e-60,-0.120212083130443,"gonad"
"5-75014934","ENSSSAG00000114124",-189812531.248503,6.64689742203201e-64,3.13390926583752e-60,-0.120212083130443,"gonad"
"5-75063370","ENSSSAG00000114124",-189812531.248503,6.64689742203201e-64,3.13390926583752e-60,-0.120212083130443,"gonad"
"5-75914218","ENSSSAG00000087998",-189812531.248503,6.64689742203201e-64,3.13390926583752e-60,-0.352461580174752,"gonad"
"5-87972057","ENSSSAG00000088666",-189812531.248503,6.64689742203201e-64,3.13390926583752e-60,-0.254332868204169,"gonad"
"5-87974090","ENSSSAG00000088666",-189812531.248503,6.64689742203201e-64,3.13390926583752e-60,-0.254332868204169,"gonad"
"6-6215918","ENSSSAG00000093818",-189812531.248503,6.64689742203201e-64,3.13390926583752e-60,-0.128234011243068,"gonad"
"6-6216064","ENSSSAG00000093818",-189812531.248503,6.64689742203201e-64,3.13390926583752e-60,-0.128234011243068,"gonad"
"6-81398600","ENSSSAG00000104599",189812531.248503,6.64689742203201e-64,3.13390926583752e-60,0.202999617779682,"gonad"
"6-90913845","ENSSSAG00000082076",-189812531.248503,6.64689742203201e-64,3.13390926583752e-60,-0.179298547710692,"gonad"
"6-93069651","ENSSSAG00000115865",-189812531.248503,6.64689742203201e-64,3.13390926583752e-60,-0.186354209034805,"gonad"
"6-93070474","ENSSSAG00000115865",-189812531.248503,6.64689742203201e-64,3.13390926583752e-60,-0.186354209034805,"gonad"
"6-93935811","ENSSSAG00000109824",189812531.248503,6.64689742203201e-64,3.13390926583752e-60,0.072501915904786,"gonad"
"7-2085152","ENSSSAG00000003217",-189812531.248503,6.64689742203201e-64,3.13390926583752e-60,-0.115797072130546,"gonad"
"7-2257253","ENSSSAG00000003217",-189812531.248503,6.64689742203201e-64,3.13390926583752e-60,-0.231594144261092,"gonad"
"7-37558236","ENSSSAG00000110476",189812531.248503,6.64689742203201e-64,3.13390926583752e-60,0.157110580709772,"gonad"
"7-59430736","ENSSSAG00000117591",-189812531.248503,6.64689742203201e-64,3.13390926583752e-60,-0.138979897527352,"gonad"
"7-59449342","ENSSSAG00000117591",-189812531.248503,6.64689742203201e-64,3.13390926583752e-60,-0.138979897527352,"gonad"
"7-59452257","ENSSSAG00000117591",-189812531.248503,6.64689742203201e-64,3.13390926583752e-60,-0.138979897527352,"gonad"
"9-16584770","ENSSSAG00000112391",-189812531.248503,6.64689742203201e-64,3.13390926583752e-60,-0.17924265517042,"gonad"
"9-16602248","ENSSSAG00000112391",-189812531.248503,6.64689742203201e-64,3.13390926583752e-60,-0.17924265517042,"gonad"
"9-147047485","ENSSSAG00000108891",-189812531.248503,6.64689742203201e-64,3.13390926583752e-60,-0.294623673693204,"gonad"
"9-155782110","ENSSSAG00000109808",-189812531.248503,6.64689742203201e-64,3.13390926583752e-60,-0.0544607227857667,"gonad"
"10-3242763","ENSSSAG00000093796",-189812531.248503,6.64689742203201e-64,3.13390926583752e-60,-0.0923576435375498,"gonad"
"10-121175315","ENSSSAG00000084861",-189812531.248503,6.64689742203201e-64,3.13390926583752e-60,-0.125110788642366,"gonad"
"10-121175315","ENSSSAG00000113733",-189812531.248503,6.64689742203201e-64,3.13390926583752e-60,-0.203893043571974,"gonad"
"11-34752173","ENSSSAG00000075889",-189812531.248503,6.64689742203201e-64,3.13390926583752e-60,-0.291392679626094,"gonad"
"11-34752460","ENSSSAG00000075889",-189812531.248503,6.64689742203201e-64,3.13390926583752e-60,-0.291392679626094,"gonad"
"11-103665299","ENSSSAG00000114416",-189812531.248503,6.64689742203201e-64,3.13390926583752e-60,-0.62749070140679,"gonad"
"11-106756342","ENSSSAG00000111037",189812531.248503,6.64689742203201e-64,3.13390926583752e-60,0.0698068068183672,"gonad"
"11-109106482","ENSSSAG00000109506",-189812531.248503,6.64689742203201e-64,3.13390926583752e-60,-0.23739117023813,"gonad"
"11-111405128","ENSSSAG00000102291",189812531.248503,6.64689742203201e-64,3.13390926583752e-60,0.671341658809128,"gonad"
"13-18048038","ENSSSAG00000110193",-189812531.248503,6.64689742203201e-64,3.13390926583752e-60,-0.0758539470520818,"gonad"
"13-26798594","ENSSSAG00000092794",-189812531.248503,6.64689742203201e-64,3.13390926583752e-60,-0.185174981901654,"gonad"
"13-101999969","ENSSSAG00000104574",-189812531.248503,6.64689742203201e-64,3.13390926583752e-60,-0.0908465964577751,"gonad"
"13-102000209","ENSSSAG00000104574",-189812531.248503,6.64689742203201e-64,3.13390926583752e-60,-0.0908465964577751,"gonad"
"14-83486642","ENSSSAG00000086384",-189812531.248503,6.64689742203201e-64,3.13390926583752e-60,-0.169233784314026,"gonad"
"14-93292609","ENSSSAG00000112724",189812531.248503,6.64689742203201e-64,3.13390926583752e-60,0.140100146047414,"gonad"
"15-19482407","ENSSSAG00000100944",-189812531.248503,6.64689742203201e-64,3.13390926583752e-60,-0.0147270230842054,"gonad"
"15-66059795","ENSSSAG00000045242",-189812531.248503,6.64689742203201e-64,3.13390926583752e-60,-0.190412073455785,"gonad"
"15-102170993","ENSSSAG00000121367",-189812531.248503,6.64689742203201e-64,3.13390926583752e-60,-0.0869787543976415,"gonad"
"16-47673910","ENSSSAG00000103590",189812531.248503,6.64689742203201e-64,3.13390926583752e-60,0.582561370130013,"gonad"
"17-13511391","ENSSSAG00000083089",-189812531.248503,6.64689742203201e-64,3.13390926583752e-60,-0.0628330050715229,"gonad"
"17-30175123","ENSSSAG00000090950",-189812531.248503,6.64689742203201e-64,3.13390926583752e-60,-0.0637763557633181,"gonad"
"17-54968486","ENSSSAG00000095575",-189812531.248503,6.64689742203201e-64,3.13390926583752e-60,-0.116456823292069,"gonad"
"17-59613926","ENSSSAG00000103335",189812531.248503,6.64689742203201e-64,3.13390926583752e-60,0.0569435018591343,"gonad"
"17-59618696","ENSSSAG00000103335",189812531.248503,6.64689742203201e-64,3.13390926583752e-60,0.0569435018591343,"gonad"
"17-59620457","ENSSSAG00000103335",189812531.248503,6.64689742203201e-64,3.13390926583752e-60,0.0569435018591343,"gonad"
"17-59621240","ENSSSAG00000103335",189812531.248503,6.64689742203201e-64,3.13390926583752e-60,0.0569435018591343,"gonad"
"17-59622057","ENSSSAG00000103335",189812531.248503,6.64689742203201e-64,3.13390926583752e-60,0.0569435018591343,"gonad"
"17-59631872","ENSSSAG00000103335",189812531.248503,6.64689742203201e-64,3.13390926583752e-60,0.0569435018591343,"gonad"
"17-59659376","ENSSSAG00000103335",189812531.248503,6.64689742203201e-64,3.13390926583752e-60,0.0569435018591343,"gonad"
"17-65813805","ENSSSAG00000095213",-189812531.248503,6.64689742203201e-64,3.13390926583752e-60,-0.0575054091856552,"gonad"
"17-73289408","ENSSSAG00000119822",-189812531.248503,6.64689742203201e-64,3.13390926583752e-60,-0.673494322047861,"gonad"
"17-73289408","ENSSSAG00000098637",-189812531.248503,6.64689742203201e-64,3.13390926583752e-60,-0.399728686256228,"gonad"
"17-78450123","ENSSSAG00000062378",-189812531.248503,6.64689742203201e-64,3.13390926583752e-60,-1.13416699535197,"gonad"
"17-78450123","ENSSSAG00000105299",-189812531.248503,6.64689742203201e-64,3.13390926583752e-60,-0.522390887536514,"gonad"
"17-81334975","ENSSSAG00000113897",-189812531.248503,6.64689742203201e-64,3.13390926583752e-60,-0.216870315652543,"gonad"
"17-81373953","ENSSSAG00000113897",-189812531.248503,6.64689742203201e-64,3.13390926583752e-60,-0.216870315652543,"gonad"
"17-86521410","ENSSSAG00000114721",-189812531.248503,6.64689742203201e-64,3.13390926583752e-60,-0.208472151328352,"gonad"
"18-933624","ENSSSAG00000101679",-189812531.248503,6.64689742203201e-64,3.13390926583752e-60,-0.120713847738907,"gonad"
"18-74275258","ENSSSAG00000042264",-189812531.248503,6.64689742203201e-64,3.13390926583752e-60,-0.100585332597135,"gonad"
"18-82927318","ENSSSAG00000091239",-189812531.248503,6.64689742203201e-64,3.13390926583752e-60,-0.492171716438322,"gonad"
"18-82964183","ENSSSAG00000091239",-189812531.248503,6.64689742203201e-64,3.13390926583752e-60,-0.492171716438322,"gonad"
"19-12069833","ENSSSAG00000113636",-189812531.248503,6.64689742203201e-64,3.13390926583752e-60,-0.613915643798308,"gonad"
"19-70217974","ENSSSAG00000100473",-189812531.248503,6.64689742203201e-64,3.13390926583752e-60,-0.214269089506332,"gonad"
"19-70322098","ENSSSAG00000100473",-189812531.248503,6.64689742203201e-64,3.13390926583752e-60,-0.214269089506332,"gonad"
"19-73482765","ENSSSAG00000056537",-189812531.248503,6.64689742203201e-64,3.13390926583752e-60,-0.0723746136125611,"gonad"
"19-82844453","ENSSSAG00000106919",-189812531.248503,6.64689742203201e-64,3.13390926583752e-60,-0.0528656575763979,"gonad"
"20-29868605","ENSSSAG00000071351",-189812531.248503,6.64689742203201e-64,3.13390926583752e-60,-0.190216145693807,"gonad"
"20-30033668","ENSSSAG00000104030",189812531.248503,6.64689742203201e-64,3.13390926583752e-60,0.297257580592444,"gonad"
"20-42140845","ENSSSAG00000088729",-189812531.248503,6.64689742203201e-64,3.13390926583752e-60,-0.142101811440814,"gonad"
"20-88802655","ENSSSAG00000047011",-189812531.248503,6.64689742203201e-64,3.13390926583752e-60,-0.0919344885644086,"gonad"
"21-25609938","ENSSSAG00000101853",-189812531.248503,6.64689742203201e-64,3.13390926583752e-60,-0.0360512727021275,"gonad"
"21-33262710","ENSSSAG00000113128",189812531.248503,6.64689742203201e-64,3.13390926583752e-60,0.471139858492733,"gonad"
"21-51314723","ENSSSAG00000034870",-189812531.248503,6.64689742203201e-64,3.13390926583752e-60,-0.117348278796393,"gonad"
"21-51314730","ENSSSAG00000034870",-189812531.248503,6.64689742203201e-64,3.13390926583752e-60,-0.117348278796393,"gonad"
"22-52561953","ENSSSAG00000101399",-189812531.248503,6.64689742203201e-64,3.13390926583752e-60,-0.0478382827025523,"gonad"
"24-22827070","ENSSSAG00000114682",-189812531.248503,6.64689742203201e-64,3.13390926583752e-60,-0.151894994824485,"gonad"
"24-45833301","ENSSSAG00000111260",-189812531.248503,6.64689742203201e-64,3.13390926583752e-60,-0.348943432683749,"gonad"
"24-46137799","ENSSSAG00000103447",-189812531.248503,6.64689742203201e-64,3.13390926583752e-60,-0.0954074478009126,"gonad"
"24-46912675","ENSSSAG00000097635",189812531.248503,6.64689742203201e-64,3.13390926583752e-60,0.190826123561762,"gonad"
"24-46918045","ENSSSAG00000097635",-189812531.248503,6.64689742203201e-64,3.13390926583752e-60,-0.190826123561762,"gonad"
"25-52652054","ENSSSAG00000119572",-189812531.248503,6.64689742203201e-64,3.13390926583752e-60,-0.0351113196112728,"gonad"
"26-43552544","ENSSSAG00000086491",189812531.248503,6.64689742203201e-64,3.13390926583752e-60,0.0492519622861709,"gonad"
"26-43552639","ENSSSAG00000086491",189812531.248503,6.64689742203201e-64,3.13390926583752e-60,0.0492519622861709,"gonad"
"26-55449961","ENSSSAG00000110772",-189812531.248503,6.64689742203201e-64,3.13390926583752e-60,-0.199005363223665,"gonad"
"26-55453524","ENSSSAG00000110772",-189812531.248503,6.64689742203201e-64,3.13390926583752e-60,-0.199005363223665,"gonad"
"26-55457527","ENSSSAG00000110772",-189812531.248503,6.64689742203201e-64,3.13390926583752e-60,-0.398010726447331,"gonad"
"27-43501250","ENSSSAG00000084267",-189812531.248503,6.64689742203201e-64,3.13390926583752e-60,-0.0102433534928978,"gonad"
"27-43501444","ENSSSAG00000084267",-189812531.248503,6.64689742203201e-64,3.13390926583752e-60,-0.0102433534928978,"gonad"
"28-21811879","ENSSSAG00000098511",189812531.248503,6.64689742203201e-64,3.13390926583752e-60,0.195264928779883,"gonad"
"29-32825006","ENSSSAG00000084350",-189812531.248503,6.64689742203201e-64,3.13390926583752e-60,-0.110718137934262,"gonad"
"6-12387250","ENSSSAG00000041704",-134217728,1.0635035875251e-62,4.7401637255625e-59,-0.0561024120217973,"gonad"
"6-12387313","ENSSSAG00000041704",-134217728,1.0635035875251e-62,4.7401637255625e-59,-0.0561024120217973,"gonad"
"6-79184655","ENSSSAG00000104805",-134217728,1.0635035875251e-62,4.7401637255625e-59,-0.0283921024945247,"gonad"
"6-81332224","ENSSSAG00000104599",-134217728,1.0635035875251e-62,4.7401637255625e-59,-0.202999617779682,"gonad"
"6-89800934","ENSSSAG00000116256",-134217728,1.0635035875251e-62,4.7401637255625e-59,-0.0752660869940579,"gonad"
"9-89260956","ENSSSAG00000102470",-134217728,1.0635035875251e-62,4.7401637255625e-59,-0.0291762047886275,"gonad"
"9-97689256","ENSSSAG00000107642",-134217728,1.0635035875251e-62,4.7401637255625e-59,-0.281011624397572,"gonad"
"9-97723992","ENSSSAG00000107642",-134217728,1.0635035875251e-62,4.7401637255625e-59,-0.281011624397572,"gonad"
"9-97790397","ENSSSAG00000107642",-134217728,1.0635035875251e-62,4.7401637255625e-59,-0.281011624397572,"gonad"
"9-97793791","ENSSSAG00000107642",-134217728,1.0635035875251e-62,4.7401637255625e-59,-0.281011624397572,"gonad"
"9-159303938","ENSSSAG00000101956",-134217728,1.0635035875251e-62,4.7401637255625e-59,-0.00935708561107137,"gonad"
"9-159313443","ENSSSAG00000101956",-134217728,1.0635035875251e-62,4.7401637255625e-59,-0.00935708561107137,"gonad"
"9-159324777","ENSSSAG00000101956",-134217728,1.0635035875251e-62,4.7401637255625e-59,-0.00935708561107137,"gonad"
"9-159303938","ENSSSAG00000109256",-134217728,1.0635035875251e-62,4.7401637255625e-59,-0.00935708561107137,"gonad"
"9-159313443","ENSSSAG00000109256",-134217728,1.0635035875251e-62,4.7401637255625e-59,-0.00935708561107137,"gonad"
"9-159324777","ENSSSAG00000109256",-134217728,1.0635035875251e-62,4.7401637255625e-59,-0.00935708561107137,"gonad"
"10-120395968","ENSSSAG00000082260",134217728,1.0635035875251e-62,4.7401637255625e-59,0.116121211146169,"gonad"
"11-47604115","ENSSSAG00000115361",-134217728,1.0635035875251e-62,4.7401637255625e-59,-0.284298103281091,"gonad"
"11-51179395","ENSSSAG00000096499",-134217728,1.0635035875251e-62,4.7401637255625e-59,-0.0894009363838264,"gonad"
"11-51331350","ENSSSAG00000096499",-134217728,1.0635035875251e-62,4.7401637255625e-59,-0.0894009363838264,"gonad"
"11-51331468","ENSSSAG00000096499",-134217728,1.0635035875251e-62,4.7401637255625e-59,-0.0894009363838264,"gonad"
"11-51332124","ENSSSAG00000096499",-134217728,1.0635035875251e-62,4.7401637255625e-59,-0.0894009363838264,"gonad"
"11-51333983","ENSSSAG00000096499",-134217728,1.0635035875251e-62,4.7401637255625e-59,-0.0894009363838264,"gonad"
"11-51334374","ENSSSAG00000096499",-134217728,1.0635035875251e-62,4.7401637255625e-59,-0.0894009363838264,"gonad"
"11-111431969","ENSSSAG00000102291",134217728,1.0635035875251e-62,4.7401637255625e-59,0.671341658809128,"gonad"
"12-20647128","ENSSSAG00000113157",-134217728,1.0635035875251e-62,4.7401637255625e-59,-0.105205603659582,"gonad"
"13-18806478","ENSSSAG00000100558",-134217728,1.0635035875251e-62,4.7401637255625e-59,-0.0271529979925044,"gonad"
"14-3695264","ENSSSAG00000045881",-134217728,1.0635035875251e-62,4.7401637255625e-59,-0.170822360400934,"gonad"
"14-44469519","ENSSSAG00000089063",-134217728,1.0635035875251e-62,4.7401637255625e-59,-0.00918469129133447,"gonad"
"14-44470302","ENSSSAG00000089063",-134217728,1.0635035875251e-62,4.7401637255625e-59,-0.00918469129133447,"gonad"
"19-86136564","ENSSSAG00000082105",-134217728,1.0635035875251e-62,4.7401637255625e-59,-0.404253707992574,"gonad"
"20-31309538","ENSSSAG00000080266",-134217728,1.0635035875251e-62,4.7401637255625e-59,-0.743617361282369,"gonad"
"22-61313192","ENSSSAG00000085054",-134217728,1.0635035875251e-62,4.7401637255625e-59,-0.0121750574601749,"gonad"
"24-47564453","ENSSSAG00000118713",-134217728,1.0635035875251e-62,4.7401637255625e-59,-0.107873655075853,"gonad"
"3-37765549","ENSSSAG00000042066",109588316.011887,5.38398691184588e-62,2.38057145954239e-58,0.160166264149726,"gonad"
"12-87066398","ENSSSAG00000106637",-109588316.011887,5.38398691184588e-62,2.38057145954239e-58,-0.0334579866485917,"gonad"
"14-21975889","ENSSSAG00000043523",109588316.011887,5.38398691184588e-62,2.38057145954239e-58,0.119357795071653,"gonad"
"24-46170545","ENSSSAG00000100390",109588316.011887,5.38398691184588e-62,2.38057145954239e-58,0.0542409956443188,"gonad"
"26-33046969","ENSSSAG00000115789",109588316.011887,5.38398691184588e-62,2.38057145954239e-58,0.0618718437117507,"gonad"
"20-83003074","ENSSSAG00000096657",-1083.15809880901,5.91115777734285e-22,2.60535359908449e-18,-0.045042193467331,"gonad"
"20-82976098","ENSSSAG00000096657",1083.15809873847,5.91115778042268e-22,2.60535359908449e-18,0.045042193467331,"gonad"
"2-73277311","ENSSSAG00000110365",433.030141169314,9.05745758941607e-19,3.98575433990607e-15,0.0900992157425624,"gonad"
"3-94442997","ENSSSAG00000120818",-372.133922700507,3.04462366790596e-18,1.33344367914872e-14,-0.0675748945986337,"gonad"
"3-94387710","ENSSSAG00000120818",372.133922698361,3.0446236680464e-18,1.33344367914872e-14,0.0675748945986337,"gonad"
"3-94416728","ENSSSAG00000120818",372.133922698361,3.0446236680464e-18,1.33344367914872e-14,0.0675748945986337,"gonad"
"4-83034958","ENSSSAG00000104752",-220.286063613004,2.01866434333623e-16,8.8271320193959e-13,-0.363874971309567,"gonad"
"12-95761043","ENSSSAG00000085252",-218.724895336009,2.13683436790227e-16,9.3291462776884e-13,-0.30212236349562,"gonad"
"1-55077386","ENSSSAG00000107224",-162.796556382735,2.26769394583769e-15,9.869377847991e-12,-0.0600833338193495,"gonad"
"1-55083507","ENSSSAG00000107224",-162.796556382735,2.26769394583769e-15,9.869377847991e-12,-0.0600833338193495,"gonad"
"3-101072107","ENSSSAG00000091372",108.632908558163,5.76059365585645e-14,2.50317568171581e-10,0.95369456467956,"gonad"
"18-63978004","ENSSSAG00000120257",105.701071398143,7.16908644509986e-14,3.10547910238394e-10,0.0550643283872989,"gonad"
"18-64002881","ENSSSAG00000120257",105.701071398143,7.16908644509986e-14,3.10547910238394e-10,0.0550643283872989,"gonad"
"15-96818843","ENSSSAG00000112875",103.885009591537,8.23448426978945e-14,3.56141958520766e-10,0.234886974120536,"gonad"
"7-53503923","ENSSSAG00000099845",-99.1864575148377,1.19214237184855e-13,5.13200445590765e-10,-0.452225054934838,"gonad"
"7-53529559","ENSSSAG00000099845",-99.1864575148377,1.19214237184855e-13,5.13200445590765e-10,-0.452225054934838,"gonad"
"7-53541872","ENSSSAG00000099845",-99.1864575148377,1.19214237184855e-13,5.13200445590765e-10,-0.452225054934838,"gonad"
"21-58567029","ENSSSAG00000082506",94.0746836771331,1.81979818243209e-13,7.82182833380429e-10,0.0497448628333872,"gonad"
"19-85090213","ENSSSAG00000121669",87.4586365502265,3.2595829729703e-13,1.39454265491848e-09,1.0729881031912,"gonad"
"19-85090519","ENSSSAG00000121669",87.4586365502265,3.2595829729703e-13,1.39454265491848e-09,1.0729881031912,"gonad"
"19-85093242","ENSSSAG00000121669",87.4586365502265,3.2595829729703e-13,1.39454265491848e-09,1.0729881031912,"gonad"
"22-57515072","ENSSSAG00000089115",-81.2683463079661,5.86076043696142e-13,2.50353715276438e-09,-0.546875994629728,"gonad"
"5-92660499","ENSSSAG00000096093",71.8554473179553,1.56718340141359e-12,6.68422768008852e-09,0.0648961585742625,"gonad"
"1-41947936","ENSSSAG00000085393",-67.6987754503023,2.52257904545665e-12,1.07425791743653e-08,-0.505512033495828,"gonad"
"29-36079760","ENSSSAG00000096294",67.4213959372525,2.60667510634534e-12,1.10836825013792e-08,1.19798761807448,"gonad"
"20-90946195","ENSSSAG00000119090",57.1956010832298,9.69389181730584e-12,4.11556775007346e-08,1.75867772743279,"gonad"
"2-57776525","ENSSSAG00000007443",56.1789977674135,1.11858248052574e-11,4.67029917116484e-08,0.28975437000551,"gonad"
"2-57777422","ENSSSAG00000007443",56.1789977674135,1.11858248052574e-11,4.67029917116484e-08,0.28975437000551,"gonad"
"2-57777668","ENSSSAG00000007443",56.1789977674135,1.11858248052574e-11,4.67029917116484e-08,0.28975437000551,"gonad"
"2-57780103","ENSSSAG00000007443",56.1789977674135,1.11858248052574e-11,4.67029917116484e-08,0.28975437000551,"gonad"
"2-57780193","ENSSSAG00000007443",56.1789977674135,1.11858248052574e-11,4.67029917116484e-08,0.28975437000551,"gonad"
"2-57780604","ENSSSAG00000007443",56.1789977674135,1.11858248052574e-11,4.67029917116484e-08,0.28975437000551,"gonad"
"2-57780753","ENSSSAG00000007443",56.1789977674135,1.11858248052574e-11,4.67029917116484e-08,0.28975437000551,"gonad"
"2-57780830","ENSSSAG00000007443",56.1789977674135,1.11858248052574e-11,4.67029917116484e-08,0.28975437000551,"gonad"
"2-57780893","ENSSSAG00000007443",56.1789977674135,1.11858248052574e-11,4.67029917116484e-08,0.28975437000551,"gonad"
"2-57780959","ENSSSAG00000007443",56.1789977674135,1.11858248052574e-11,4.67029917116484e-08,0.28975437000551,"gonad"
"2-57781796","ENSSSAG00000007443",56.1789977674135,1.11858248052574e-11,4.67029917116484e-08,0.28975437000551,"gonad"
"1-55059025","ENSSSAG00000096126",-54.6614087064705,1.39184479840757e-11,5.80248375657814e-08,-0.451950489996172,"gonad"
"22-34330193","ENSSSAG00000089259",50.5393878729228,2.60188967326902e-11,1.07822035814742e-07,0.130242884184791,"gonad"
"22-34330671","ENSSSAG00000089259",50.5393878729228,2.60188967326902e-11,1.07822035814742e-07,0.130242884184791,"gonad"
"22-34327887","ENSSSAG00000089259",50.539387872921,2.60188967326976e-11,1.07822035814742e-07,0.0651214420923956,"gonad"
"22-34328100","ENSSSAG00000089259",50.539387872921,2.60188967326976e-11,1.07822035814742e-07,0.0651214420923956,"gonad"
"3-95441568","ENSSSAG00000110781",-50.266864381385,2.71657225407536e-11,1.12238927579294e-07,-0.866793073431614,"gonad"
"3-95293467","ENSSSAG00000110781",50.2668643813832,2.71657225407613e-11,1.12238927579294e-07,0.866793073431614,"gonad"
"14-91992073","ENSSSAG00000107870",-48.5921919307861,3.55957164356557e-11,1.46849757366585e-07,-0.509059637161234,"gonad"
"4-10621920","ENSSSAG00000089306",46.5109791351695,5.0466456852188e-11,2.07889482702183e-07,0.445451290354075,"gonad"
"13-5169918","ENSSSAG00000102964",45.508951740347,6.00365261596241e-11,2.46945107613627e-07,0.110324064573493,"gonad"
"9-48488842","ENSSSAG00000065046",-43.1805827931791,9.12464617256311e-11,3.7476327702127e-07,-0.908636511065234,"gonad"
"4-45525558","ENSSSAG00000104416",42.8378035277665,9.72297446626377e-11,3.98746805903588e-07,0.171084856489655,"gonad"
"26-44227193","ENSSSAG00000009050",-42.0518740075845,1.12688041792391e-10,4.61459861468621e-07,-0.269326133141585,"gonad"
"9-67169027","ENSSSAG00000074446",-41.7067283820113,1.20335745663614e-10,4.92050556695959e-07,-2.44574704493427,"gonad"
"6-10513674","ENSSSAG00000003394",-40.5453136937094,1.50696238588098e-10,6.15286527877324e-07,-1.13675089243671,"gonad"
"11-100412479","ENSSSAG00000091997",39.8697616331972,1.72274047888989e-10,7.02353439573577e-07,0.0475129053594526,"gonad"
"23-23439779","ENSSSAG00000091823",-39.8151462224794,1.74165029072433e-10,7.09020206877164e-07,-0.163785157896871,"gonad"
"29-41219227","ENSSSAG00000116141",39.7213500594179,1.77467302114241e-10,7.21404322878404e-07,1.04452228765576,"gonad"
"9-48249300","ENSSSAG00000118501",39.1352372168151,1.99769216637554e-10,8.10872609943737e-07,0.662465449614223,"gonad"
"26-48290463","ENSSSAG00000118340",-38.0601022304272,2.49371768157125e-10,1.01073184889368e-06,-1.28868601991691,"gonad"
"15-106062264","ENSSSAG00000099619",-37.537192581809,2.78401561609504e-10,1.12674558086907e-06,-0.489085566459318,"gonad"
"21-42854572","ENSSSAG00000053203",37.4331244114872,2.8462182793138e-10,1.14856673596386e-06,0.60302598343955,"gonad"
"21-42863190","ENSSSAG00000053203",37.4331244114872,2.8462182793138e-10,1.14856673596386e-06,0.60302598343955,"gonad"
"4-13740655","ENSSSAG00000099485",-36.8435794152811,3.22950517085433e-10,1.29757258562494e-06,-0.152065794654303,"gonad"
"4-13648795","ENSSSAG00000099485",-36.8435794152797,3.2295051708553e-10,1.29757258562494e-06,-0.152065794654303,"gonad"
"4-13649108","ENSSSAG00000099485",-36.8435794152797,3.2295051708553e-10,1.29757258562494e-06,-0.152065794654303,"gonad"
"7-2134565","ENSSSAG00000120987",-35.9234832551622,3.94936954190779e-10,1.58450820734409e-06,-0.107351137209913,"gonad"
"12-14897284","ENSSSAG00000025650",35.7956926977829,4.06293828035169e-10,1.61604040456728e-06,1.77161324588243,"gonad"
"12-14897323","ENSSSAG00000025650",35.7956926977829,4.06293828035169e-10,1.61604040456728e-06,1.77161324588243,"gonad"
"12-14966351","ENSSSAG00000025650",35.795692697781,4.06293828035343e-10,1.61604040456728e-06,1.77161324588243,"gonad"
"12-14968426","ENSSSAG00000025650",35.795692697781,4.06293828035343e-10,1.61604040456728e-06,1.77161324588243,"gonad"
"12-14969595","ENSSSAG00000025650",35.795692697781,4.06293828035343e-10,1.61604040456728e-06,1.77161324588243,"gonad"
"12-14972457","ENSSSAG00000025650",35.795692697781,4.06293828035343e-10,1.61604040456728e-06,1.77161324588243,"gonad"
"13-84474187","ENSSSAG00000074862",35.5789160301189,4.26408755664033e-10,1.69361799309644e-06,1.1131286439062,"gonad"
"25-43028376","ENSSSAG00000041370",-35.0443515822534,4.80974162441179e-10,1.90582884589977e-06,-0.237966585883593,"gonad"
"7-65899026","ENSSSAG00000096955",35.0421660574018,4.81212796940709e-10,1.90582884589977e-06,0.219837014510779,"gonad"
"17-18585348","ENSSSAG00000089488",35.0291957434774,4.82631749992433e-10,1.90872182143334e-06,0.109060984947102,"gonad"
"11-106910134","ENSSSAG00000098543",34.6540701385249,5.25778434459862e-10,2.06756142046479e-06,0.0590919943950769,"gonad"
"11-106910184","ENSSSAG00000098543",34.6540701385249,5.25778434459862e-10,2.06756142046479e-06,0.0590919943950769,"gonad"
"11-106910447","ENSSSAG00000098543",34.6540701385249,5.25778434459862e-10,2.06756142046479e-06,0.0590919943950769,"gonad"
"11-106910745","ENSSSAG00000098543",34.6540701385249,5.25778434459862e-10,2.06756142046479e-06,0.0590919943950769,"gonad"
"3-12184099","ENSSSAG00000115579",-34.4422398014679,5.52049491284936e-10,2.16779435428396e-06,-1.30991801849584,"gonad"
"14-91626467","ENSSSAG00000088013",-34.1647177734931,5.88729171074383e-10,2.30529795779022e-06,-0.0959346596577414,"gonad"
"14-91626467","ENSSSAG00000103619",-34.1647177734931,5.88729171074383e-10,2.30529795779022e-06,-0.0959346596577414,"gonad"
"1-115043555","ENSSSAG00000086182",33.2733626933248,7.26418488532315e-10,2.83643808717508e-06,0.0363064040582422,"gonad"
"1-115059905","ENSSSAG00000086182",33.2733626933248,7.26418488532315e-10,2.83643808717508e-06,0.0363064040582422,"gonad"
"3-76818148","ENSSSAG00000107182",32.8384893069793,8.06484515872296e-10,3.14464192883787e-06,0.0546619999889839,"gonad"
"26-22676117","ENSSSAG00000091800",-32.5756342473338,8.59670026652784e-10,3.3473148108431e-06,-0.709832894485715,"gonad"
"13-28385680","ENSSSAG00000069995",-31.6192654289026,1.08928697958257e-09,4.23543041068607e-06,-0.0911404051719147,"gonad"
"26-34948813","ENSSSAG00000120868",31.0191648196803,1.26832592191283e-09,4.92467329799814e-06,0.0756371782101606,"gonad"
"6-4740524","ENSSSAG00000115570",-30.0423559557776,1.63511348829037e-09,6.33996159703293e-06,-0.281816148186128,"gonad"
"12-100918649","ENSSSAG00000113943",30.0078075565412,1.65011427369382e-09,6.38027845784561e-06,0.0481571971864794,"gonad"
"12-101018138","ENSSSAG00000113943",30.0078075565412,1.65011427369382e-09,6.38027845784561e-06,0.0240785985932397,"gonad"
"19-84521668","ENSSSAG00000089861",29.3208361833466,1.98300892396866e-09,7.65675925790684e-06,0.125006629197829,"gonad"
"15-7945032","ENSSSAG00000040454",28.6994999541224,2.3502278627622e-09,9.04945119519955e-06,0.988558586345622,"gonad"
"15-7977914","ENSSSAG00000040454",28.6994999541224,2.3502278627622e-09,9.04945119519955e-06,0.988558586345622,"gonad"
"6-42160085","ENSSSAG00000112577",28.6417930865056,2.38804394192695e-09,9.18230717542081e-06,1.08926489735338,"gonad"
"6-18403108","ENSSSAG00000121668",28.3952879262126,2.55746914004216e-09,9.82014662540713e-06,0.121864816220235,"gonad"
"17-26833136","ENSSSAG00000006972",28.3401226407644,2.59720929260953e-09,9.95894694463471e-06,1.14187572133554,"gonad"
"6-25741838","ENSSSAG00000045557",27.9015793771791,2.9390158362249e-09,1.12230286972804e-05,0.561301461638789,"gonad"
"6-25796997","ENSSSAG00000045557",27.9015793771791,2.9390158362249e-09,1.12230286972804e-05,0.561301461638789,"gonad"
"6-25797148","ENSSSAG00000045557",27.9015793771791,2.9390158362249e-09,1.12230286972804e-05,0.561301461638789,"gonad"
"7-48188360","ENSSSAG00000002786",-27.6726679668582,3.13732675480913e-09,1.19146601984038e-05,-1.51566692369481,"gonad"
"7-48188561","ENSSSAG00000002786",-27.6726679668582,3.13732675480913e-09,1.19146601984038e-05,-1.51566692369481,"gonad"
"7-48083918","ENSSSAG00000002786",27.6726679668579,3.1373267548094e-09,1.19146601984038e-05,0.757833461847403,"gonad"
"7-48083731","ENSSSAG00000002786",27.6726679668576,3.13732675480968e-09,1.19146601984038e-05,0.757833461847403,"gonad"
"23-49162809","ENSSSAG00000117817",26.825343441659,4.01391849542073e-09,1.52228490403437e-05,0.157212596240473,"gonad"
"10-115590265","ENSSSAG00000092523",26.1989208593304,4.8398492927388e-09,1.83301291665154e-05,1.56039480991833,"gonad"
"7-39265502","ENSSSAG00000055377",24.538625020574,8.1241667098489e-09,3.06433509803383e-05,1.10165874653945,"gonad"
"7-39286441","ENSSSAG00000055377",24.538625020574,8.1241667098489e-09,3.06433509803383e-05,1.10165874653945,"gonad"
"7-39306844","ENSSSAG00000055377",24.538625020574,8.1241667098489e-09,3.06433509803383e-05,1.10165874653945,"gonad"
"13-96428711","ENSSSAG00000041550",-24.4743646560665,8.29433167566286e-09,3.12426851087754e-05,-1.69179996130592,"gonad"
"5-52588340","ENSSSAG00000075895",23.651409757016,1.08682088925866e-08,4.0882294017606e-05,1.44056976607163,"gonad"
"15-101198919","ENSSSAG00000112398",-23.608546784679,1.10250370873926e-08,4.1416029869179e-05,-0.333659539821744,"gonad"
"4-11118086","ENSSSAG00000052863",-23.516054177298,1.13721892897021e-08,4.2662314156063e-05,-0.03493756269549,"gonad"
"7-67746595","ENSSSAG00000114159",23.4435404017679,1.16529516167332e-08,4.36565077063059e-05,0.0795703899852095,"gonad"
"18-68731674","ENSSSAG00000089684",-23.1182074396018,1.3012252457843e-08,4.86831914226711e-05,-1.21568152825311,"gonad"
"23-44848161","ENSSSAG00000038705",22.911261315096,1.3969320261579e-08,5.21934658645054e-05,1.20137962077733,"gonad"
"21-5467221","ENSSSAG00000120220",22.7524991705569,1.47572583110525e-08,5.50632236557493e-05,1.27059086215192,"gonad"
"21-19577876","ENSSSAG00000102923",-22.5242947156792,1.59788054113963e-08,5.95410021873265e-05,-1.0485498403923,"gonad"
"26-49240512","ENSSSAG00000091964",22.3981556385955,1.67025071745008e-08,6.21541543792976e-05,0.439333453287286,"gonad"
"7-11092779","ENSSSAG00000004837",22.085609629138,1.86597183172804e-08,6.92515103384572e-05,0.547876755024429,"gonad"
"7-11092795","ENSSSAG00000004837",22.085609629138,1.86597183172804e-08,6.92515103384572e-05,0.547876755024429,"gonad"
"18-71576869","ENSSSAG00000112195",21.9402228519879,1.96569631009404e-08,7.28550385784319e-05,0.544458476381173,"gonad"
"7-6572576","ENSSSAG00000116118",21.9102298843436,1.98700602687687e-08,7.34484590864736e-05,0.018295833325304,"gonad"
"7-6574106","ENSSSAG00000116118",21.9102298843436,1.98700602687687e-08,7.34484590864736e-05,0.018295833325304,"gonad"
"3-7365943","ENSSSAG00000110888",-21.835883690022,2.04095595581475e-08,7.52420396812228e-05,-0.120602851070566,"gonad"
"3-7535223","ENSSSAG00000110888",-21.835883690022,2.04095595581475e-08,7.52420396812228e-05,-0.120602851070566,"gonad"
"16-75118042","ENSSSAG00000104180",-21.2149599420976,2.56171075938205e-08,9.43148078067315e-05,-1.08682198522223,"gonad"
"13-107698886","ENSSSAG00000069743",-21.1986847482217,2.57723805550545e-08,9.47606339679226e-05,-0.385271027480555,"gonad"
"25-50606339","ENSSSAG00000098735",20.9620113313469,2.81540709043508e-08,0.000103107460021384,0.165685696131539,"gonad"
"25-50606818","ENSSSAG00000098735",20.9620113313469,2.81540709043508e-08,0.000103107460021384,0.165685696131539,"gonad"
"25-50608981","ENSSSAG00000098735",20.9620113313469,2.81540709043508e-08,0.000103107460021384,0.165685696131539,"gonad"
"2-43375730","ENSSSAG00000108951",-20.9396838427093,2.8391228390378e-08,0.000103838820332808,-0.17443229874717,"gonad"
"2-61522841","ENSSSAG00000106457",20.9232638537441,2.85670694585023e-08,0.000104344288675652,0.803513902249867,"gonad"
"3-61738376","ENSSSAG00000002296",20.850905321786,2.9356663374723e-08,0.000106666224399715,0.59334272852632,"gonad"
"3-61738455","ENSSSAG00000002296",20.850905321786,2.9356663374723e-08,0.000106666224399715,0.59334272852632,"gonad"
"3-61738792","ENSSSAG00000002296",20.850905321786,2.9356663374723e-08,0.000106666224399715,0.59334272852632,"gonad"
"3-61738929","ENSSSAG00000002296",20.850905321786,2.9356663374723e-08,0.000106666224399715,0.59334272852632,"gonad"
"12-45682708","ENSSSAG00000080309",20.5523296897982,3.28844642482855e-08,0.000119016388883793,2.05964527647511,"gonad"
"12-45682726","ENSSSAG00000080309",20.5523296897982,3.28844642482855e-08,0.000119016388883793,2.05964527647511,"gonad"
"12-45688143","ENSSSAG00000080309",20.5523296897982,3.28844642482855e-08,0.000119016388883793,2.05964527647511,"gonad"
"15-43263313","ENSSSAG00000095822",19.9220811931615,4.20082223935353e-08,0.000151839130612839,0.374492114317577,"gonad"
"20-16332292","ENSSSAG00000100749",-19.8432932727461,4.33367243186039e-08,0.000156437054158165,-1.18211505301694,"gonad"
"19-83487852","ENSSSAG00000043802",-19.6988425695724,4.58967639775199e-08,0.000165247960754589,-1.31439138036584,"gonad"
"19-83487877","ENSSSAG00000043802",-19.6988425695724,4.58967639775199e-08,0.000165247960754589,-1.31439138036584,"gonad"
"1-172999929","ENSSSAG00000108604",19.6348095094039,4.70855689992588e-08,0.000169088974634904,0.0488120595537786,"gonad"
"1-173000177","ENSSSAG00000108604",19.6348095094039,4.70855689992588e-08,0.000169088974634904,0.0488120595537786,"gonad"
"12-24938246","ENSSSAG00000098246",-19.5080283795104,4.95427125962582e-08,0.000177224127573254,-0.452261968692814,"gonad"
"12-24939662","ENSSSAG00000098246",-19.5080283795104,4.95427125962582e-08,0.000177224127573254,-0.452261968692814,"gonad"
"12-24955903","ENSSSAG00000098246",-19.5080283795104,4.95427125962582e-08,0.000177224127573254,-0.452261968692814,"gonad"
"3-101298864","ENSSSAG00000110759",-19.4600170778685,5.05105382962622e-08,0.000180453389335488,-0.0905343476703514,"gonad"
"4-11530978","ENSSSAG00000053246",19.4296860293811,5.11328940644589e-08,0.000182441705365286,0.955462232557024,"gonad"
"19-60321784","ENSSSAG00000046196",19.3586252624607,5.26249673239215e-08,0.000187296947111117,0.202640078969635,"gonad"
"3-94912728","ENSSSAG00000113817",-19.3552022945021,5.26980641151083e-08,0.000187296947111117,-0.098597714923101,"gonad"
"3-94912728","ENSSSAG00000117048",-19.3552022945021,5.26980641151083e-08,0.000187296947111117,-0.098597714923101,"gonad"
"7-10702177","ENSSSAG00000115209",-19.352123467547,5.27639092235382e-08,0.000187296947111117,-0.268431889025713,"gonad"
"19-32288217","ENSSSAG00000056964",-19.2396490412755,5.52338457103836e-08,0.000195813800824069,-0.656876438502489,"gonad"
"18-37968448","ENSSSAG00000019916",19.0461871500515,5.97919397607239e-08,0.000211702335331939,1.96101108746062,"gonad"
"26-41601883","ENSSSAG00000117137",-19.040638474737,5.99287602527449e-08,0.000211916122426954,-1.29444203560572,"gonad"
"13-7841202","ENSSSAG00000101883",-18.9594370275856,6.19717864745905e-08,0.000218861376847535,-0.258211975082144,"gonad"
"14-81617388","ENSSSAG00000092655",18.9030190650552,6.34372854538373e-08,0.000223184043331175,0.312507175532975,"gonad"
"14-81715682","ENSSSAG00000092655",18.9030190650551,6.34372854538399e-08,0.000223184043331175,0.312507175532975,"gonad"
"14-81681764","ENSSSAG00000092655",-18.903019065055,6.34372854538425e-08,0.000223184043331175,-0.312507175532975,"gonad"
"7-63764745","ENSSSAG00000117653",18.5166513400843,7.4584881844744e-08,0.0002617390264554,0.0474105488528965,"gonad"
"7-63762230","ENSSSAG00000117653",-18.5166513400842,7.45848818447471e-08,0.0002617390264554,-0.0474105488528965,"gonad"
"2-71122459","ENSSSAG00000108329",-18.41807084078,7.7770440770788e-08,0.000272228848853078,-0.548482168818638,"gonad"
"2-71244323","ENSSSAG00000108329",-18.41807084078,7.7770440770788e-08,0.000272228848853078,-0.548482168818638,"gonad"
"24-48093701","ENSSSAG00000104793",18.3700981728032,7.93756707443592e-08,0.000277497445017703,0.130246772309902,"gonad"
"1-102106176","ENSSSAG00000099221",18.32416719279,8.09475049071016e-08,0.000282636165405038,0.178652029701242,"gonad"
"2-11356827","ENSSSAG00000101892",-18.1654993189163,8.66523266860999e-08,0.000302174538602954,-0.149337445526615,"gonad"
"21-33037829","ENSSSAG00000054049",18.1544885303634,8.70646550274492e-08,0.000302850524476289,0.898692484472566,"gonad"
"21-32993025","ENSSSAG00000054049",18.1544885303633,8.70646550274526e-08,0.000302850524476289,0.449346242236283,"gonad"
"3-26907146","ENSSSAG00000111083",18.053757235288,9.09407492648254e-08,0.000315936937930582,0.244279082503921,"gonad"
"2-19851967","ENSSSAG00000005168",18.0111866343055,9.26367641413934e-08,0.000321426267453498,0.0557908727751872,"gonad"
"20-86857044","ENSSSAG00000067819",17.9563676894054,9.48732750209578e-08,0.000328774914581971,0.065704445856132,"gonad"
"11-105858827","ENSSSAG00000111683",17.9209294717517,9.6351317603674e-08,0.000333480089863765,0.316344825716218,"gonad"
"28-16770918","ENSSSAG00000046246",17.9030199527414,9.7108097358546e-08,0.000335680292321597,0.806565689538602,"gonad"
"6-69248791","ENSSSAG00000053129",-17.8505865833273,9.93623381622845e-08,0.000343044945946585,-0.0757319255327075,"gonad"
"6-44088703","ENSSSAG00000006062",-17.8205532172839,1.00679965323268e-07,0.00034716167610036,-0.218069249660283,"gonad"
"18-30441585","ENSSSAG00000086401",-17.7802975326146,1.02476928872459e-07,0.000352918958688268,-1.07038908327672,"gonad"
"25-35131307","ENSSSAG00000092568",-17.7137446534724,1.05527259333601e-07,0.000362523273037253,-0.592346475248803,"gonad"
"25-35131811","ENSSSAG00000092568",-17.7137446534724,1.05527259333601e-07,0.000362523273037253,-0.592346475248803,"gonad"
"13-9318030","ENSSSAG00000095600",-17.6396416603411,1.09044120684248e-07,0.000374141309470842,-0.801621987411872,"gonad"
"10-46208288","ENSSSAG00000045103",17.6291883087064,1.09550730918492e-07,0.000375414917548248,0.573536899844461,"gonad"
"12-13527882","ENSSSAG00000107285",17.5291677469792,1.14533962285164e-07,0.000392007191516133,0.524071027539719,"gonad"
"29-42278375","ENSSSAG00000094232",-17.4845441875015,1.1683885876083e-07,0.000399402905634466,-0.627912102410138,"gonad"
"15-94276316","ENSSSAG00000067794",-17.302151117188,1.26816525788997e-07,0.00043297676369961,-0.209225843435767,"gonad"
"12-91927688","ENSSSAG00000117413",-17.2829237248889,1.27922907190218e-07,0.000436216956171893,-0.287435428367375,"gonad"
"7-28628578","ENSSSAG00000093008",-17.1177843038321,1.37884300936095e-07,0.00046960767337821,-0.352989914963001,"gonad"
"23-46257506","ENSSSAG00000069783",-17.0591893266284,1.41625700834423e-07,0.000481758328305024,-1.03896381896435,"gonad"
"1-174303721","ENSSSAG00000116284",16.8570123387573,1.55437147100587e-07,0.000528091802186547,1.38110648238327,"gonad"
"6-86551158","ENSSSAG00000093154",16.6585068852722,1.70484365213928e-07,0.000578334096850775,0.785422297496992,"gonad"
"26-52463737","ENSSSAG00000105497",16.6565258165163,1.70642550441861e-07,0.000578334096850775,0.0803279519748168,"gonad"
"2-27468662","ENSSSAG00000055471",-16.4306295747234,1.89808557182286e-07,0.000642505210652758,-0.797277748560964,"gonad"
"3-99846009","ENSSSAG00000120326",16.4256821845056,1.90254517511793e-07,0.000643229410096283,0.376300266338583,"gonad"
"17-39276841","ENSSSAG00000098625",16.3530116066475,1.96942365531387e-07,0.000664220232714453,0.11880536287487,"gonad"
"17-39164683","ENSSSAG00000098625",-16.3530116066475,1.96942365531393e-07,0.000664220232714453,-0.11880536287487,"gonad"
"18-26340560","ENSSSAG00000109360",-16.307377727077,2.01276670036427e-07,0.000678013547224081,-0.603843020256791,"gonad"
"23-13989894","ENSSSAG00000106825",-16.1845064948108,2.13488594198712e-07,0.00071827745250767,-0.0512317188651962,"gonad"
"3-95888153","ENSSSAG00000093733",-16.1449321781521,2.17597067057397e-07,0.000731212920385656,-0.827547733359121,"gonad"
"13-31881119","ENSSSAG00000094074",16.0328679675232,2.29720533508266e-07,0.000771018035036849,0.0911791018087107,"gonad"
"16-2877591","ENSSSAG00000107757",15.9820142292271,2.35470513183648e-07,0.000789361224115973,0.491363280856141,"gonad"
"13-104132787","ENSSSAG00000082268",-15.9145338342394,2.43351256330553e-07,0.000814794378154136,-2.06038879065365,"gonad"
"16-96430795","ENSSSAG00000107715",15.8808912776141,2.47390405205745e-07,0.000826322403221249,1.04982017111409,"gonad"
"16-96430855","ENSSSAG00000107715",15.8808912776141,2.47390405205745e-07,0.000826322403221249,1.04982017111409,"gonad"
"1-7067744","ENSSSAG00000109956",-15.8516539289696,2.50961792078074e-07,0.000836120418818971,-0.867419306904183,"gonad"
"25-50119409","ENSSSAG00000039898",15.8494885200587,2.51228591150676e-07,0.000836120418818971,1.0358823236343,"gonad"
"25-49932415","ENSSSAG00000039898",-15.8494885200586,2.51228591150691e-07,0.000836120418818971,-1.0358823236343,"gonad"
"28-3953831","ENSSSAG00000111574",15.8230337434776,2.54513883723043e-07,0.000846038633990431,0.093037962200467,"gonad"
"3-76185927","ENSSSAG00000047867",15.8128972582141,2.55785429969807e-07,0.000849247144051217,0.88124005569151,"gonad"
"17-9606956","ENSSSAG00000007748",15.8090818565476,2.56265887719179e-07,0.000849824584012708,0.33585384974432,"gonad"
"1-47255140","ENSSSAG00000090989",-15.6695600617197,2.74550302691298e-07,0.000909371285674867,-0.680597562180285,"gonad"
"17-22468487","ENSSSAG00000100002",15.6462104227566,2.77750975931063e-07,0.000918874803522659,0.614960154089751,"gonad"
"12-79312314","ENSSSAG00000010443",-15.570890351729,2.88364211102829e-07,0.000952849183554821,-0.808365251145467,"gonad"
"24-20659643","ENSSSAG00000087045",-15.4655002857728,3.0398626472853e-07,0.00100327373489117,-0.257166667159686,"gonad"
"1-19948295","ENSSSAG00000070283",-15.4522459145645,3.06017292564028e-07,0.00100877599842656,-0.969811896590705,"gonad"
"8-19378493","ENSSSAG00000002485",15.4259849086517,3.10086483132171e-07,0.00102097594975692,0.997989546320082,"gonad"
"10-123919297","ENSSSAG00000096628",-15.3967009689822,3.1469579092636e-07,0.00103369699924536,-0.0627194239892675,"gonad"
"10-123919455","ENSSSAG00000096628",-15.3967009689822,3.1469579092636e-07,0.00103369699924536,-0.0627194239892675,"gonad"
"28-30339059","ENSSSAG00000103834",15.3092196019796,3.28929418888112e-07,0.00107917226856409,1.04131515718067,"gonad"
"1-6788410","ENSSSAG00000089168",15.3020249684309,3.30131773540635e-07,0.00108183674894579,0.13885926984721,"gonad"
"19-12227566","ENSSSAG00000089803",-15.2050762657046,3.46823679493667e-07,0.00113519403134238,-0.158898495072419,"gonad"
"26-45344326","ENSSSAG00000005625",-15.1370368125605,3.59103210060688e-07,0.00117400028684474,-0.627259756497963,"gonad"
"9-138391468","ENSSSAG00000072987",-15.120550183713,3.62151530761759e-07,0.00118257148542428,-0.92225298267568,"gonad"
"3-66031030","ENSSSAG00000086683",-15.0667181776643,3.72308713705009e-07,0.00121288160276979,-0.144757893610423,"gonad"
"3-66031090","ENSSSAG00000086683",-15.0667181776643,3.72308713705009e-07,0.00121288160276979,-0.144757893610423,"gonad"
"25-28622937","ENSSSAG00000093310",15.0381641009267,3.77825747162352e-07,0.00122653076792141,0.724085380138752,"gonad"
"25-28564275","ENSSSAG00000093310",-15.0381641009267,3.77825747162362e-07,0.00122653076792141,-0.724085380138751,"gonad"
"25-28564613","ENSSSAG00000093310",-15.0381641009267,3.77825747162362e-07,0.00122653076792141,-0.724085380138751,"gonad"
"15-104354935","ENSSSAG00000084779",-14.9479934006281,3.95858768911671e-07,0.00127759108842625,-0.173427494954403,"gonad"
"15-104357804","ENSSSAG00000084779",-14.9479934006281,3.95858768911671e-07,0.00127759108842625,-0.173427494954403,"gonad"
"15-104357945","ENSSSAG00000084779",-14.9479934006281,3.95858768911671e-07,0.00127759108842625,-0.173427494954403,"gonad"
"15-104369432","ENSSSAG00000084779",14.947993400628,3.95858768911681e-07,0.00127759108842625,0.173427494954403,"gonad"
"15-104460870","ENSSSAG00000084779",-14.947993400628,3.95858768911681e-07,0.00127759108842625,-0.173427494954403,"gonad"
"7-2602566","ENSSSAG00000117040",-14.8848483134176,4.09061348271702e-07,0.00131055510601844,-0.14882183719715,"gonad"
"7-2618844","ENSSSAG00000117040",-14.8848483134176,4.09061348271702e-07,0.00131055510601844,-0.14882183719715,"gonad"
"7-2697020","ENSSSAG00000117040",-14.8848483134176,4.09061348271702e-07,0.00131055510601844,-0.14882183719715,"gonad"
"29-16381960","ENSSSAG00000071944",-14.8789146311932,4.10327140834987e-07,0.00131055510601844,-1.23819191664898,"gonad"
"29-16384034","ENSSSAG00000071944",-14.8789146311932,4.10327140834987e-07,0.00131055510601844,-1.23819191664898,"gonad"
"29-16319532","ENSSSAG00000071944",14.8789146311931,4.10327140835008e-07,0.00131055510601844,1.23819191664898,"gonad"
"29-16353401","ENSSSAG00000071944",14.8789146311931,4.10327140835008e-07,0.00131055510601844,1.23819191664898,"gonad"
"29-16360108","ENSSSAG00000071944",14.8789146311931,4.10327140835008e-07,0.00131055510601844,1.23819191664898,"gonad"
"29-16269287","ENSSSAG00000071944",-14.8789146311931,4.10327140835019e-07,0.00131055510601844,-1.23819191664898,"gonad"
"19-82557610","ENSSSAG00000009645",-14.737542044785,4.41823053708053e-07,0.00140146323188031,-0.499396629271949,"gonad"
"19-82652831","ENSSSAG00000009645",-14.737542044785,4.41823053708053e-07,0.00140146323188031,-0.249698314635974,"gonad"
"19-82653000","ENSSSAG00000009645",-14.737542044785,4.41823053708053e-07,0.00140146323188031,-0.249698314635974,"gonad"
"19-82654174","ENSSSAG00000009645",-14.737542044785,4.41823053708053e-07,0.00140146323188031,-0.249698314635974,"gonad"
"19-82657329","ENSSSAG00000009645",-14.737542044785,4.41823053708053e-07,0.00140146323188031,-0.249698314635974,"gonad"
"19-82720189","ENSSSAG00000009645",-14.737542044785,4.41823053708053e-07,0.00140146323188031,-0.499396629271949,"gonad"
"13-104528025","ENSSSAG00000058119",14.7188991542263,4.46175096458289e-07,0.00141365046741613,1.05376428106664,"gonad"
"5-89514147","ENSSSAG00000115618",-14.6999763623083,4.50641679732375e-07,0.00142617237138216,-0.68521065468773,"gonad"
"2-10208476","ENSSSAG00000061738",14.6474563509129,4.63303489471432e-07,0.00146457206346961,1.71235381555526,"gonad"
"16-24405328","ENSSSAG00000107863",-14.6028252206666,4.7437733280198e-07,0.00149616613955584,-0.366507567446546,"gonad"
"16-24405364","ENSSSAG00000107863",-14.6028252206666,4.7437733280198e-07,0.00149616613955584,-0.366507567446546,"gonad"
"5-56596872","ENSSSAG00000094152",-14.3851430373785,5.32821187001127e-07,0.00167858594152005,-0.331263480732619,"gonad"
"20-60947927","ENSSSAG00000093526",14.3483936812436,5.43463090204394e-07,0.00170822957528714,0.0494796461882078,"gonad"
"20-60950906","ENSSSAG00000093526",14.3483936812436,5.43463090204394e-07,0.00170822957528714,0.0494796461882078,"gonad"
"10-117352742","ENSSSAG00000004095",14.3050398270048,5.56324977432934e-07,0.00174470120855392,1.80437846529447,"gonad"
"10-117352870","ENSSSAG00000004095",14.3050398270048,5.56324977432934e-07,0.00174470120855392,1.80437846529447,"gonad"
"1-90192999","ENSSSAG00000091975",14.2994219931973,5.58016458397426e-07,0.0017480284859802,0.901552387440823,"gonad"
"15-27837209","ENSSSAG00000063914",14.2546441830566,5.71706606395156e-07,0.0017888925557572,1.66961605482283,"gonad"
"1-38567382","ENSSSAG00000034160",14.2356957159059,5.77612827794085e-07,0.0018053357308518,1.46910246021967,"gonad"
"1-103420173","ENSSSAG00000091617",14.1646963101139,6.00359332180925e-07,0.00187431710250654,0.096658552019841,"gonad"
"2-62247607","ENSSSAG00000084485",14.1124194084208,6.17749519419145e-07,0.00192643971588499,0.728092204836224,"gonad"
"1-9482892","ENSSSAG00000111632",-14.0992135281815,6.22231346121593e-07,0.00193780870057203,-1.15135001291845,"gonad"
"8-24637026","ENSSSAG00000086954",-14.0975656276547,6.22793164956134e-07,0.00193780870057203,-0.932710922758245,"gonad"
"3-79636496","ENSSSAG00000002432",-14.0858372068212,6.2680819444775e-07,0.00194593340974819,-0.411694299862321,"gonad"
"3-79636988","ENSSSAG00000002432",-14.0858372068212,6.2680819444775e-07,0.00194593340974819,-0.411694299862321,"gonad"
"23-50180321","ENSSSAG00000083201",14.0812900348608,6.28372638585882e-07,0.00194860815297333,1.88902093739512,"gonad"
"6-83330138","ENSSSAG00000105220",-14.0434198703785,6.41573078815839e-07,0.00198510229020143,-0.221333973499084,"gonad"
"6-83326397","ENSSSAG00000105220",14.0434198703785,6.41573078815854e-07,0.00198510229020143,0.221333973499084,"gonad"
"16-90021331","ENSSSAG00000120125",-14.0349470872457,6.44568802969083e-07,0.00198992960463977,-0.101769120779733,"gonad"
"16-90021384","ENSSSAG00000120125",14.0349470872457,6.44568802969097e-07,0.00198992960463977,0.101769120779733,"gonad"
"22-45452001","ENSSSAG00000121841",13.9759162283556,6.65880656716042e-07,0.00205043235860387,0.094030858586118,"gonad"
"22-45453773","ENSSSAG00000121841",13.9759162283556,6.65880656716042e-07,0.00205043235860387,0.094030858586118,"gonad"
"18-83004671","ENSSSAG00000043584",-13.9745439441713,6.66385394771721e-07,0.00205043235860387,-0.489938888190028,"gonad"
"9-17470177","ENSSSAG00000109716",-13.9495336209125,6.75659923485989e-07,0.00207666474503103,-0.564571130499783,"gonad"
"18-77156504","ENSSSAG00000043917",13.7888037520711,7.38830646577171e-07,0.00226830745027092,1.61363654848968,"gonad"
"14-77175975","ENSSSAG00000074845",-13.7497491991605,7.55161916037662e-07,0.00231588194637918,-0.962752087519303,"gonad"
"18-58175588","ENSSSAG00000080757",-13.7438582522682,7.57660231311261e-07,0.00232097616730488,-1.09034791724332,"gonad"
"3-7998087","ENSSSAG00000055090",-13.7319795681182,7.62726120246697e-07,0.00233134260442933,-0.290933636021192,"gonad"
"3-7999753","ENSSSAG00000055090",-13.7319795681182,7.62726120246697e-07,0.00233134260442933,-0.290933636021192,"gonad"
"10-122387299","ENSSSAG00000121936",-13.6759691070753,7.87129829269633e-07,0.00240328507978993,-0.494547763961846,"gonad"
"18-78330589","ENSSSAG00000097773",13.6722795128672,7.88767832031106e-07,0.00240563689219688,1.33080914780965,"gonad"
"10-52796263","ENSSSAG00000067000",13.6653444238405,7.91857023259001e-07,0.00241240460377429,2.26047593627942,"gonad"
"8-15701207","ENSSSAG00000112414",-13.6510052273567,7.98287404304834e-07,0.00242932527035018,-0.325324822816441,"gonad"
"7-50681255","ENSSSAG00000054919",-13.6330108647088,8.06439852111283e-07,0.00245144362803051,-0.823556388939012,"gonad"
"9-86188826","ENSSSAG00000112168",13.628617406879,8.08444470850378e-07,0.00245484562040324,0.156761993003907,"gonad"
"23-22201788","ENSSSAG00000079601",13.610089847585,8.1695973272535e-07,0.00247798813880387,1.985630870449,"gonad"
"29-6089368","ENSSSAG00000093298",-13.556181600593,8.42312909120548e-07,0.00251905987597547,-0.663010874958612,"gonad"
"29-6089514","ENSSSAG00000093298",-13.556181600593,8.42312909120548e-07,0.00251905987597547,-0.663010874958612,"gonad"
"29-6089530","ENSSSAG00000093298",-13.556181600593,8.42312909120548e-07,0.00251905987597547,-0.663010874958612,"gonad"
"29-6090171","ENSSSAG00000093298",-13.556181600593,8.42312909120548e-07,0.00251905987597547,-0.663010874958612,"gonad"
"29-6090284","ENSSSAG00000093298",-13.556181600593,8.42312909120548e-07,0.00251905987597547,-0.663010874958612,"gonad"
"29-6090356","ENSSSAG00000093298",-13.556181600593,8.42312909120548e-07,0.00251905987597547,-0.663010874958612,"gonad"
"29-6091129","ENSSSAG00000093298",-13.556181600593,8.42312909120548e-07,0.00251905987597547,-0.663010874958612,"gonad"
"29-6091251","ENSSSAG00000093298",-13.556181600593,8.42312909120548e-07,0.00251905987597547,-0.663010874958612,"gonad"
"29-6091668","ENSSSAG00000093298",-13.556181600593,8.42312909120548e-07,0.00251905987597547,-0.663010874958612,"gonad"
"29-6091743","ENSSSAG00000093298",-13.556181600593,8.42312909120548e-07,0.00251905987597547,-0.663010874958612,"gonad"
"29-6091766","ENSSSAG00000093298",-13.556181600593,8.42312909120548e-07,0.00251905987597547,-0.663010874958612,"gonad"
"29-6091786","ENSSSAG00000093298",-13.556181600593,8.42312909120548e-07,0.00251905987597547,-0.663010874958612,"gonad"
"29-6091819","ENSSSAG00000093298",-13.556181600593,8.42312909120548e-07,0.00251905987597547,-0.663010874958612,"gonad"
"1-57163796","ENSSSAG00000059225",-13.4347909928366,9.02694502527063e-07,0.00269673076238831,-1.52894143087276,"gonad"
"29-26992988","ENSSSAG00000077916",13.3628116453808,9.40780254415698e-07,0.00280748372652747,0.946776501398908,"gonad"
"15-103884758","ENSSSAG00000040933",13.3559305087025,9.44514465983899e-07,0.00281559660749105,1.75754997287465,"gonad"
"6-87487636","ENSSSAG00000042597",-13.3493729483488,9.48088535678098e-07,0.00282018598930041,-0.229462003425483,"gonad"
"6-87487810","ENSSSAG00000042597",13.3493729483487,9.48088535678117e-07,0.00282018598930041,0.229462003425483,"gonad"
"12-77636713","ENSSSAG00000080939",13.3178152868202,9.65501633814812e-07,0.00286583316806444,1.01692716625814,"gonad"
"12-77644946","ENSSSAG00000080939",13.3178152868202,9.65501633814812e-07,0.00286583316806444,1.01692716625814,"gonad"
"16-92239682","ENSSSAG00000020734",13.2996998965687,9.75659124745745e-07,0.00288671087048811,0.212769385623313,"gonad"
"16-92336533","ENSSSAG00000020734",13.2996998965686,9.75659124745785e-07,0.00288671087048811,0.425538771246626,"gonad"
"16-92338064","ENSSSAG00000020734",13.2996998965686,9.75659124745785e-07,0.00288671087048811,0.425538771246626,"gonad"
"6-68874202","ENSSSAG00000082964",-13.2792261986954,9.8728327301736e-07,0.002917989391259,-0.118256807818337,"gonad"
"9-43286222","ENSSSAG00000111283",-13.2510227274166,1.00355091124613e-06,0.00295975882364262,-0.132122213510241,"gonad"
"9-43287163","ENSSSAG00000111283",-13.2510227274166,1.00355091124613e-06,0.00295975882364262,-0.132122213510241,"gonad"
"6-94442251","ENSSSAG00000097224",-13.243864082195,1.00772760676452e-06,0.00296576695152217,-0.949200093053566,"gonad"
"6-94443512","ENSSSAG00000097224",-13.243864082195,1.00772760676452e-06,0.00296576695152217,-0.949200093053566,"gonad"
"9-155679969","ENSSSAG00000046647",-13.2028867952499,1.03201362165451e-06,0.00303402045780258,-0.61252425852999,"gonad"
"15-90229441","ENSSSAG00000074044",13.1951684659757,1.03666102574831e-06,0.00304445489920741,0.95723446105376,"gonad"
"10-121727711","ENSSSAG00000044360",-13.1514276318111,1.06344538903848e-06,0.00308391264848088,-1.57751067377004,"gonad"
"10-121727859","ENSSSAG00000044360",-13.1514276318111,1.06344538903848e-06,0.00308391264848088,-1.57751067377004,"gonad"
"10-121907281","ENSSSAG00000044360",13.1514276318111,1.0634453890385e-06,0.00308391264848088,0.788755336885018,"gonad"
"10-121907704","ENSSSAG00000044360",13.1514276318111,1.0634453890385e-06,0.00308391264848088,0.788755336885018,"gonad"
"10-121907889","ENSSSAG00000044360",13.1514276318111,1.0634453890385e-06,0.00308391264848088,0.788755336885018,"gonad"
"10-121909118","ENSSSAG00000044360",13.1514276318111,1.0634453890385e-06,0.00308391264848088,0.788755336885018,"gonad"
"10-121909341","ENSSSAG00000044360",13.1514276318111,1.0634453890385e-06,0.00308391264848088,0.788755336885018,"gonad"
"10-121909754","ENSSSAG00000044360",13.1514276318111,1.0634453890385e-06,0.00308391264848088,0.788755336885018,"gonad"
"10-121910640","ENSSSAG00000044360",13.1514276318111,1.0634453890385e-06,0.00308391264848088,0.788755336885018,"gonad"
"10-121911272","ENSSSAG00000044360",13.1514276318111,1.0634453890385e-06,0.00308391264848088,0.788755336885018,"gonad"
"10-121911421","ENSSSAG00000044360",13.1514276318111,1.0634453890385e-06,0.00308391264848088,0.788755336885018,"gonad"
"10-121913654","ENSSSAG00000044360",13.1514276318111,1.0634453890385e-06,0.00308391264848088,0.788755336885018,"gonad"
"6-15762976","ENSSSAG00000086551",13.1124067266876,1.0879948651397e-06,0.00315180743623602,0.247765179149363,"gonad"
"15-4308068","ENSSSAG00000090231",13.0969952632522,1.09786508179021e-06,0.00317708058907553,0.061811224491031,"gonad"
"2-13996242","ENSSSAG00000046087",13.0690652114342,1.11600936398287e-06,0.00322285950420965,0.115445893810052,"gonad"
"2-13996872","ENSSSAG00000046087",13.0690652114342,1.11600936398287e-06,0.00322285950420965,0.115445893810052,"gonad"
"16-55634417","ENSSSAG00000049730",-13.0621264579567,1.12056891716101e-06,0.00322929907021214,-0.955157726675101,"gonad"
"16-55634476","ENSSSAG00000049730",-13.0621264579567,1.12056891716101e-06,0.00322929907021214,-0.955157726675101,"gonad"
"12-95761043","ENSSSAG00000114171",-13.0456847787168,1.13145648648082e-06,0.00325728933510787,-0.280449761291073,"gonad"
"21-35067020","ENSSSAG00000078786",12.9988137520249,1.16314994718579e-06,0.00333467872795413,0.948070639693041,"gonad"
"21-35067488","ENSSSAG00000078786",12.9988137520249,1.16314994718579e-06,0.00333467872795413,0.948070639693041,"gonad"
"21-35067714","ENSSSAG00000078786",12.9988137520249,1.16314994718579e-06,0.00333467872795413,0.948070639693041,"gonad"
"21-35067748","ENSSSAG00000078786",12.9988137520249,1.16314994718579e-06,0.00333467872795413,0.948070639693041,"gonad"
"11-97138200","ENSSSAG00000065075",-12.9731036371798,1.18095613795497e-06,0.00338223031919479,-1.00634554316175,"gonad"
"3-85975763","ENSSSAG00000103058",12.9380923776873,1.20569691960304e-06,0.00344952377236965,0.796337113889621,"gonad"
"11-47183032","ENSSSAG00000094543",12.9220136358585,1.21725303977107e-06,0.00347899577576853,0.563509872749863,"gonad"
"3-7476880","ENSSSAG00000091666",12.8867484359552,1.24303570483051e-06,0.00354537441619039,0.353935576541884,"gonad"
"3-7517941","ENSSSAG00000091666",12.8867484359552,1.24303570483051e-06,0.00354537441619039,0.353935576541884,"gonad"
"14-91626467","ENSSSAG00000121713",-12.7243322844412,1.36994759208329e-06,0.00390333549641591,-1.01558040748958,"gonad"
"8-23462711","ENSSSAG00000114213",-12.7046615126845,1.38627974425271e-06,0.00394581471981968,-0.0830284159676524,"gonad"
"6-33846386","ENSSSAG00000046174",-12.6476752740009,1.43483774359733e-06,0.00407983824294302,-0.722658241599434,"gonad"
"15-17744314","ENSSSAG00000094955",-12.6043165607633,1.47306015184254e-06,0.00418318965191983,-0.0973592834699584,"gonad"
"15-19720120","ENSSSAG00000121719",12.6030393664646,1.47420320240696e-06,0.00418318965191983,0.683375782956454,"gonad"
"20-94376003","ENSSSAG00000086586",-12.5922517685821,1.48389748636947e-06,0.004194993802921,-0.20193925671092,"gonad"
"20-94377317","ENSSSAG00000086586",-12.5922517685821,1.48389748636947e-06,0.004194993802921,-0.20193925671092,"gonad"
"20-94377791","ENSSSAG00000086586",-12.5922517685821,1.48389748636947e-06,0.004194993802921,-0.20193925671092,"gonad"
"7-39265502","ENSSSAG00000055342",12.5916772431215,1.48441578206104e-06,0.004194993802921,1.21104657711667,"gonad"
"10-46035188","ENSSSAG00000044960",-12.5211029335737,1.54965172808957e-06,0.00437489249051204,-0.21463325010133,"gonad"
"20-85678927","ENSSSAG00000088405",-12.5039977767696,1.56594213923178e-06,0.00441517974398029,-0.223337143169577,"gonad"
"6-90694620","ENSSSAG00000109866",12.5027820368692,1.56710724739979e-06,0.00441517974398029,0.234176899580494,"gonad"
"22-60263121","ENSSSAG00000108887",12.4945301136172,1.57504119655146e-06,0.00443302780243077,1.11827759138062,"gonad"
"9-139171506","ENSSSAG00000093097",12.4495395375343,1.61909682680376e-06,0.00454779036145495,0.291254603636223,"gonad"
"9-139172775","ENSSSAG00000093097",-12.4495395375343,1.61909682680376e-06,0.00454779036145495,-0.291254603636223,"gonad"
"17-66381189","ENSSSAG00000015477",-12.44745908028,1.6211671621358e-06,0.00454899669781052,-0.939417878871244,"gonad"
"18-26158684","ENSSSAG00000075019",12.4294246143985,1.6392385784432e-06,0.00459505424563888,1.19705691155189,"gonad"
"28-36330994","ENSSSAG00000064911",12.4193705189431,1.64941109052202e-06,0.00460031207160544,0.670450063281802,"gonad"
"28-36331788","ENSSSAG00000064911",12.4193705189431,1.64941109052202e-06,0.00460031207160544,0.670450063281802,"gonad"
"28-36437878","ENSSSAG00000064911",12.4193705189431,1.64941109052202e-06,0.00460031207160544,0.670450063281802,"gonad"
"28-36442742","ENSSSAG00000064911",12.4193705189431,1.64941109052202e-06,0.00460031207160544,0.670450063281802,"gonad"
"28-36443262","ENSSSAG00000064911",12.4193705189431,1.64941109052202e-06,0.00460031207160544,0.670450063281802,"gonad"
"15-54323409","ENSSSAG00000067988",12.3955321796392,1.6738137570997e-06,0.00465432539559324,1.06962239953916,"gonad"
"15-54354261","ENSSSAG00000067988",12.3955321796392,1.6738137570997e-06,0.00465432539559324,1.06962239953916,"gonad"
"15-54437268","ENSSSAG00000067988",12.3955321796392,1.6738137570997e-06,0.00465432539559324,1.06962239953916,"gonad"
"1-141492262","ENSSSAG00000042952",-12.3334688196929,1.73926385391405e-06,0.00482663825911681,-0.792550502465301,"gonad"
"1-141525138","ENSSSAG00000042952",-12.3334688196929,1.73926385391405e-06,0.00482663825911681,-0.792550502465301,"gonad"
"2-45010384","ENSSSAG00000121908",12.3269262645519,1.74632871183439e-06,0.00484059619226509,0.90334797123845,"gonad"
"10-29975233","ENSSSAG00000092413",12.3255807399155,1.74778563022547e-06,0.00484059619226509,0.36174208637625,"gonad"
"17-42533613","ENSSSAG00000116862",12.3000162848173,1.77572660455775e-06,0.00489923299413853,0.17708490108654,"gonad"
"18-70379395","ENSSSAG00000070401",12.2997445442551,1.77602627938792e-06,0.00489923299413853,0.823801550518174,"gonad"
"18-70379532","ENSSSAG00000070401",12.2997445442551,1.77602627938792e-06,0.00489923299413853,0.823801550518174,"gonad"
"18-70382333","ENSSSAG00000070401",12.2997445442551,1.77602627938792e-06,0.00489923299413853,0.823801550518174,"gonad"
"5-74385908","ENSSSAG00000050586",-12.2948381602579,1.78144677589188e-06,0.00490930075423613,-0.168655305897529,"gonad"
"9-122764951","ENSSSAG00000116459",-12.2549251873205,1.82623639100472e-06,0.00502274613852949,-0.0584231862465244,"gonad"
"9-122765006","ENSSSAG00000116459",-12.2549251873205,1.82623639100472e-06,0.00502274613852949,-0.0584231862465244,"gonad"
"18-44482112","ENSSSAG00000069043",12.2491332714335,1.83284007244736e-06,0.00503591247295136,0.33991366568703,"gonad"
"15-16035267","ENSSSAG00000096730",12.2453652462938,1.83715055091302e-06,0.00504275816798231,0.469213952507596,"gonad"
"4-88826402","ENSSSAG00000001263",12.2158100808151,1.87135674670775e-06,0.00513156931577007,1.82124761574133,"gonad"
"26-27214495","ENSSSAG00000118834",-12.1521608991001,1.94746938851243e-06,0.00532973925210814,-0.351731783540486,"gonad"
"26-27082378","ENSSSAG00000118834",-12.1521608991,1.94746938851253e-06,0.00532973925210814,-0.351731783540486,"gonad"
"5-79418005","ENSSSAG00000048967",12.1284488274285,1.97670532243248e-06,0.00539909112298907,0.950979955870395,"gonad"
"5-79418163","ENSSSAG00000048967",12.1284488274285,1.97670532243248e-06,0.00539909112298907,0.950979955870395,"gonad"
"1-11931088","ENSSSAG00000008511",-12.1217408544489,1.98506483826035e-06,0.00541618324976226,-1.15333501001274,"gonad"
"1-6957087","ENSSSAG00000083748",12.1202961767699,1.98687037685939e-06,0.00541618324976226,0.167492698769782,"gonad"
"5-24947076","ENSSSAG00000002027",-12.0486079405493,2.07881634725169e-06,0.00565349355557269,-1.53463292575417,"gonad"
"3-28265753","ENSSSAG00000076959",-12.0476757054749,2.08004296268017e-06,0.00565349355557269,-0.650413844860143,"gonad"
"3-28265761","ENSSSAG00000076959",-12.0476757054749,2.08004296268017e-06,0.00565349355557269,-0.650413844860143,"gonad"
"8-15814762","ENSSSAG00000118103",-12.023282070874,2.11242922414185e-06,0.00573589500346322,-0.317222451884804,"gonad"
"25-16851699","ENSSSAG00000081482",-12.0157294912976,2.12257051112225e-06,0.00575216401029241,-0.943315327277418,"gonad"
"25-16867723","ENSSSAG00000081482",-12.0157294912975,2.12257051112228e-06,0.00575216401029241,-0.943315327277418,"gonad"
"4-50542713","ENSSSAG00000045430",12.0100034373002,2.13029552437718e-06,0.00576746099687603,0.93746312551312,"gonad"
"6-18403108","ENSSSAG00000100708",-11.990411988319,2.15696522869078e-06,0.00583396805413765,-0.929657598565648,"gonad"
"8-14038367","ENSSSAG00000074461",-11.9559856578526,2.20473939601355e-06,0.00594578109436852,-0.926324156155927,"gonad"
"8-14038525","ENSSSAG00000074461",-11.9559856578526,2.20473939601355e-06,0.00594578109436852,-0.926324156155927,"gonad"
"8-14040907","ENSSSAG00000074461",-11.9559856578526,2.20473939601355e-06,0.00594578109436852,-0.926324156155927,"gonad"
"8-10938639","ENSSSAG00000108035",11.8813615963053,2.3124155459855e-06,0.00620597935932858,0.943730677180849,"gonad"
"8-10938925","ENSSSAG00000108035",11.8813615963053,2.3124155459855e-06,0.00620597935932858,0.943730677180849,"gonad"
"8-10939163","ENSSSAG00000108035",11.8813615963053,2.3124155459855e-06,0.00620597935932858,0.943730677180849,"gonad"
"8-10941576","ENSSSAG00000108035",11.8813615963053,2.3124155459855e-06,0.00620597935932858,0.943730677180849,"gonad"
"8-10977593","ENSSSAG00000108035",11.8813615963053,2.3124155459855e-06,0.00620597935932858,0.943730677180849,"gonad"
"18-38653030","ENSSSAG00000097725",-11.8144108365746,2.41404524782421e-06,0.00647246387606891,-0.123452459995544,"gonad"
"22-53112528","ENSSSAG00000116273",11.7738125291769,2.47810154723863e-06,0.00663779012981113,1.14528749797647,"gonad"
"9-88916392","ENSSSAG00000040583",11.7438464469575,2.52660221846934e-06,0.00676117046498733,0.809877259448802,"gonad"
"11-85023810","ENSSSAG00000004189",11.7404198348654,2.53221558133831e-06,0.00676965736778791,0.402824519308346,"gonad"
"18-29918660","ENSSSAG00000057174",-11.7386575890994,2.53510786508181e-06,0.0067708603588578,-0.916508945075676,"gonad"
"15-109590228","ENSSSAG00000039638",11.727600159686,2.55334041419505e-06,0.00680644199725477,0.256311374734641,"gonad"
"15-109590309","ENSSSAG00000039638",11.727600159686,2.55334041419505e-06,0.00680644199725477,0.256311374734641,"gonad"
"10-117512919","ENSSSAG00000007680",-11.7000688000754,2.59937736563377e-06,0.00692250648673401,-1.32336467188203,"gonad"
"6-23706050","ENSSSAG00000042687",11.6476072755041,2.68969465181022e-06,0.00714929864272136,1.16163802448483,"gonad"
"6-23706482","ENSSSAG00000042687",11.6476072755041,2.68969465181022e-06,0.00714929864272136,1.16163802448483,"gonad"
"14-33539339","ENSSSAG00000073788",-11.6424469040658,2.69876666545372e-06,0.00716654127478031,-1.28028126135155,"gonad"
"17-28109435","ENSSSAG00000093296",11.5771724037892,2.81652423859046e-06,0.0074649443841752,0.711198417606652,"gonad"
"17-28368833","ENSSSAG00000093296",11.5771724037892,2.81652423859046e-06,0.0074649443841752,0.711198417606652,"gonad"
"26-21458678","ENSSSAG00000101976",11.5451610179849,2.87636581465319e-06,0.00753587251304381,1.55192437521576,"gonad"
"28-36553190","ENSSSAG00000111146",11.5345595081549,2.89649650077576e-06,0.00753587251304381,0.736091007936948,"gonad"
"28-36557495","ENSSSAG00000111146",11.5345595081549,2.89649650077576e-06,0.00753587251304381,0.736091007936948,"gonad"
"28-36572141","ENSSSAG00000111146",11.5345595081549,2.89649650077576e-06,0.00753587251304381,0.736091007936948,"gonad"
"28-36573864","ENSSSAG00000111146",11.5345595081549,2.89649650077576e-06,0.00753587251304381,0.736091007936948,"gonad"
"28-36575422","ENSSSAG00000111146",11.5345595081549,2.89649650077576e-06,0.00753587251304381,0.736091007936948,"gonad"
"28-36581940","ENSSSAG00000111146",11.5345595081549,2.89649650077576e-06,0.00753587251304381,0.736091007936948,"gonad"
"28-36586473","ENSSSAG00000111146",11.5345595081549,2.89649650077576e-06,0.00753587251304381,0.736091007936948,"gonad"
"28-36599094","ENSSSAG00000111146",11.5345595081549,2.89649650077576e-06,0.00753587251304381,0.736091007936948,"gonad"
"28-36599167","ENSSSAG00000111146",11.5345595081549,2.89649650077576e-06,0.00753587251304381,0.736091007936948,"gonad"
"28-36599218","ENSSSAG00000111146",11.5345595081549,2.89649650077576e-06,0.00753587251304381,0.736091007936948,"gonad"
"28-36599350","ENSSSAG00000111146",11.5345595081549,2.89649650077576e-06,0.00753587251304381,0.736091007936948,"gonad"
"28-36603341","ENSSSAG00000111146",11.5345595081549,2.89649650077576e-06,0.00753587251304381,0.736091007936948,"gonad"
"28-36605156","ENSSSAG00000111146",11.5345595081549,2.89649650077576e-06,0.00753587251304381,0.736091007936948,"gonad"
"28-36618200","ENSSSAG00000111146",11.5345595081549,2.89649650077576e-06,0.00753587251304381,0.736091007936948,"gonad"
"28-36618251","ENSSSAG00000111146",11.5345595081549,2.89649650077576e-06,0.00753587251304381,0.736091007936948,"gonad"
"28-36646029","ENSSSAG00000111146",11.5345595081549,2.89649650077576e-06,0.00753587251304381,0.736091007936948,"gonad"
"28-36647624","ENSSSAG00000111146",11.5345595081549,2.89649650077576e-06,0.00753587251304381,0.736091007936948,"gonad"
"6-39898455","ENSSSAG00000020291",11.5339543499528,2.89765035062747e-06,0.00753587251304381,0.543875487033358,"gonad"
"6-39997257","ENSSSAG00000020291",-11.5339543499528,2.89765035062747e-06,0.00753587251304381,-1.08775097406672,"gonad"
"8-13574221","ENSSSAG00000095134",-11.5270056617384,2.91093625720256e-06,0.00756332989971331,-0.843469517061257,"gonad"
"17-28109435","ENSSSAG00000113483",11.5153420864985,2.93339046130796e-06,0.00761453506011933,0.985102771364535,"gonad"
"18-58175588","ENSSSAG00000082558",-11.5091898606749,2.94531244278335e-06,0.00763833030794117,-0.750251355938041,"gonad"
"6-61848746","ENSSSAG00000106869",-11.4559524252145,3.05077122978149e-06,0.00790443135765316,-1.00304961589336,"gonad"
"17-37120353","ENSSSAG00000104065",11.4134233871027,3.13805542005875e-06,0.00812298977090201,0.141733440271334,"gonad"
"12-14808169","ENSSSAG00000119227",-11.4051653589987,3.15532552387091e-06,0.00813730274815597,-0.333560208711435,"gonad"
"12-14808955","ENSSSAG00000119227",-11.4051653589987,3.15532552387091e-06,0.00813730274815597,-0.333560208711435,"gonad"
"12-14797643","ENSSSAG00000119227",11.4051653589986,3.15532552387096e-06,0.00813730274815597,0.333560208711435,"gonad"
"12-14798823","ENSSSAG00000119227",11.4051653589986,3.15532552387096e-06,0.00813730274815597,0.333560208711435,"gonad"
"26-51602928","ENSSSAG00000101840",-11.4020753947374,3.161814902033e-06,0.00814646017243331,-0.1049747211136,"gonad"
"12-90372281","ENSSSAG00000103195",11.3779559666191,3.21298522113283e-06,0.00825528462012785,0.386184419120485,"gonad"
"12-90372503","ENSSSAG00000103195",11.3779559666191,3.21298522113283e-06,0.00825528462012785,0.386184419120485,"gonad"
"12-90372599","ENSSSAG00000103195",11.3779559666191,3.21298522113283e-06,0.00825528462012785,0.386184419120485,"gonad"
"12-5423273","ENSSSAG00000116065",-11.3706356812378,3.22869816483751e-06,0.00828797551354241,-0.94122480931646,"gonad"
"14-84231290","ENSSSAG00000046920",-11.3659304146123,3.2388433454527e-06,0.00830632685759069,-0.3380805318062,"gonad"
"13-8925752","ENSSSAG00000040635",11.3628874968185,3.24542325855333e-06,0.00831550925782061,0.800015122583719,"gonad"
"5-79418005","ENSSSAG00000061558",11.3577925283342,3.25647395544019e-06,0.00832842913691103,1.00635303531488,"gonad"
"5-79418163","ENSSSAG00000061558",11.3577925283342,3.25647395544019e-06,0.00832842913691103,1.00635303531488,"gonad"
"6-84832190","ENSSSAG00000096185",11.3152826726052,3.35033303342128e-06,0.0085605764315316,0.592062362492507,"gonad"
"12-54645765","ENSSSAG00000121968",-11.2240202168715,3.56222725392484e-06,0.00909222118211899,-0.849787890651614,"gonad"
"25-19348583","ENSSSAG00000046636",-11.2215195714654,3.56824051046808e-06,0.00909222118211899,-0.208181443596188,"gonad"
"25-19349007","ENSSSAG00000046636",-11.2215195714654,3.56824051046808e-06,0.00909222118211899,-0.208181443596188,"gonad"
"13-100535413","ENSSSAG00000029317",11.2146450666757,3.58483007039825e-06,0.00912610501766494,0.845268876210349,"gonad"
"10-46160686","ENSSSAG00000090545",11.2111480278285,3.59330220219063e-06,0.00913928064302473,0.0579248952968301,"gonad"
"25-16797527","ENSSSAG00000081481",-11.1999975927714,3.62046573481319e-06,0.00918430477121051,-0.10336404514167,"gonad"
"25-16807383","ENSSSAG00000081481",-11.1999975927714,3.62046573481319e-06,0.00918430477121051,-0.10336404514167,"gonad"
"21-50003105","ENSSSAG00000066879",11.1998025410095,3.62094293820578e-06,0.00918430477121051,0.976048675724598,"gonad"
"22-45451855","ENSSSAG00000093192",11.1946026300465,3.63369072842302e-06,0.00919141075131229,0.00589226860846071,"gonad"
"22-45452862","ENSSSAG00000093192",11.1946026300465,3.63369072842302e-06,0.00919141075131229,0.00589226860846071,"gonad"
"22-45452976","ENSSSAG00000093192",11.1946026300465,3.63369072842302e-06,0.00919141075131229,0.00589226860846071,"gonad"
"2-70545342","ENSSSAG00000061426",-11.1911525102263,3.64217652158821e-06,0.0092044772961879,-0.554821163441028,"gonad"
"12-5186125","ENSSSAG00000102000",11.1859843748992,3.65492936454913e-06,0.0092282938709391,0.707977513464015,"gonad"
"2-44465688","ENSSSAG00000115468",11.1802855058881,3.66904974495812e-06,0.00925551684293905,1.13947725871128,"gonad"
"7-39265502","ENSSSAG00000055514",11.1661823066596,3.70425690712713e-06,0.00931889187575213,1.05317038659193,"gonad"
"7-39286441","ENSSSAG00000055514",11.1661823066596,3.70425690712713e-06,0.00931889187575213,1.05317038659193,"gonad"
"7-39306844","ENSSSAG00000055514",11.1661823066596,3.70425690712713e-06,0.00931889187575213,1.05317038659193,"gonad"
"5-89774315","ENSSSAG00000095147",11.1157921190567,3.83317119313352e-06,0.00963446206771411,0.347479069688182,"gonad"
"1-164527495","ENSSSAG00000069078",-11.1118007516689,3.84359482906547e-06,0.00965191069643861,-3.08273351883943,"gonad"
"5-17596030","ENSSSAG00000119511",-11.0878719582158,3.90675427956421e-06,0.00979277412758587,-0.296894166186048,"gonad"
"5-17596223","ENSSSAG00000119511",-11.0878719582158,3.90675427956421e-06,0.00979277412758587,-0.296894166186048,"gonad"
"18-55112608","ENSSSAG00000087227",-11.0690080943984,3.9573631580509e-06,0.00991067086413378,-1.13900673558963,"gonad"
"7-7676450","ENSSSAG00000114677",-11.0614699947909,3.97779131812798e-06,0.00994386494787594,-1.00552438872493,"gonad"
"7-7677784","ENSSSAG00000114677",-11.0614699947909,3.97779131812798e-06,0.00994386494787594,-1.00552438872493,"gonad"
"5-2371278","ENSSSAG00000095044",-11.0578923109396,3.98752802462221e-06,0.00995026064894047,-0.0816691711598024,"gonad"
"5-2377481","ENSSSAG00000095044",-11.0578923109396,3.98752802462221e-06,0.00995026064894047,-0.0816691711598024,"gonad"
"2-29855005","ENSSSAG00000043094",-11.0487066830345,4.01264904362682e-06,0.00999495355837278,-0.776137875780185,"gonad"
"2-29855096","ENSSSAG00000043094",-11.0487066830345,4.01264904362682e-06,0.00999495355837278,-0.776137875780185,"gonad"
"22-22425088","ENSSSAG00000079335",10.9969398333539,4.15757209516519e-06,0.010346640654414,2.24599782443835,"gonad"
"24-8082948","ENSSSAG00000115582",10.9615253160062,4.2600848411775e-06,0.0105922482041765,0.203351985974059,"gonad"
"21-628174","ENSSSAG00000031095",10.9316831109981,4.34866374728113e-06,0.0108028016288854,1.31729187541022,"gonad"
"4-12898116","ENSSSAG00000082362",-10.8900208810721,4.47579025433272e-06,0.0111086509579266,-0.760184623936954,"gonad"
"1-7067481","ENSSSAG00000087369",-10.8767687714522,4.51709376054776e-06,0.0111975413841338,-1.95013959029706,"gonad"
"27-25324448","ENSSSAG00000097946",-10.8720828777132,4.53180031410332e-06,0.0111975413841338,-0.136936655028548,"gonad"
"27-25324573","ENSSSAG00000097946",-10.8720828777132,4.53180031410332e-06,0.0111975413841338,-0.136936655028548,"gonad"
"27-25415934","ENSSSAG00000097946",10.8720828777132,4.53180031410338e-06,0.0111975413841338,0.273873310057096,"gonad"
"27-25334061","ENSSSAG00000097946",-10.8720828777131,4.53180031410345e-06,0.0111975413841338,-0.273873310057096,"gonad"
"10-29879369","ENSSSAG00000045028",-10.8477870746309,4.60891514167356e-06,0.0113678194891465,-1.30564850379327,"gonad"
"10-29879397","ENSSSAG00000045028",-10.8477870746309,4.60891514167356e-06,0.0113678194891465,-1.30564850379327,"gonad"
"4-87557379","ENSSSAG00000109378",-10.8351384469006,4.64964150140923e-06,0.0114402663926264,-0.4455543383083,"gonad"
"4-87739189","ENSSSAG00000109378",-10.8351384469006,4.64964150140923e-06,0.0114402663926264,-0.4455543383083,"gonad"
"27-40969573","ENSSSAG00000055132",10.8322738895078,4.65892062496016e-06,0.0114402663926264,1.81523999761479,"gonad"
"27-41004553","ENSSSAG00000055132",10.8322738895078,4.65892062496016e-06,0.0114402663926264,1.81523999761479,"gonad"
"27-41004639","ENSSSAG00000055132",10.8322738895078,4.65892062496016e-06,0.0114402663926264,1.81523999761479,"gonad"
"15-1084961","ENSSSAG00000045415",10.8164711026579,4.71048381703253e-06,0.0115057364669517,0.445598430595114,"gonad"
"15-1091446","ENSSSAG00000045415",-10.8164711026579,4.71048381703253e-06,0.0115057364669517,-0.445598430595114,"gonad"
"15-1092662","ENSSSAG00000045415",-10.8164711026579,4.71048381703253e-06,0.0115057364669517,-0.445598430595114,"gonad"
"15-1094305","ENSSSAG00000045415",10.8164711026579,4.71048381703253e-06,0.0115057364669517,0.445598430595114,"gonad"
"15-1121495","ENSSSAG00000045415",10.8164711026579,4.71048381703253e-06,0.0115057364669517,0.445598430595114,"gonad"
"15-1085112","ENSSSAG00000045415",-10.8164711026579,4.7104838170326e-06,0.0115057364669517,-0.445598430595114,"gonad"
"22-50326513","ENSSSAG00000090945",10.7980613185668,4.771359257301e-06,0.011641487982778,0.568964877286606,"gonad"
"4-85694223","ENSSSAG00000108848",-10.7895935561925,4.7996542850128e-06,0.011641487982778,-0.938599943116256,"gonad"
"4-85694740","ENSSSAG00000108848",-10.7895935561925,4.7996542850128e-06,0.011641487982778,-0.938599943116256,"gonad"
"4-85695187","ENSSSAG00000108848",-10.7895935561925,4.7996542850128e-06,0.011641487982778,-0.938599943116256,"gonad"
"4-85695883","ENSSSAG00000108848",-10.7895935561925,4.7996542850128e-06,0.011641487982778,-0.938599943116256,"gonad"
"4-85695933","ENSSSAG00000108848",-10.7895935561925,4.7996542850128e-06,0.011641487982778,-0.938599943116256,"gonad"
"4-85695935","ENSSSAG00000108848",-10.7895935561925,4.7996542850128e-06,0.011641487982778,-0.938599943116256,"gonad"
"4-85696053","ENSSSAG00000108848",-10.7895935561925,4.7996542850128e-06,0.011641487982778,-0.938599943116256,"gonad"
"24-16041854","ENSSSAG00000105519",-10.7605875007457,4.89800858667213e-06,0.0118296817924052,-1.23143735650932,"gonad"
"3-35814007","ENSSSAG00000111359",10.7591245715976,4.90302843951279e-06,0.0118296817924052,0.174403457111029,"gonad"
"3-35816955","ENSSSAG00000111359",10.7591245715976,4.90302843951279e-06,0.0118296817924052,0.174403457111029,"gonad"
"1-166709120","ENSSSAG00000087826",-10.7554542575358,4.91564797138104e-06,0.0118296817924052,-0.0983078554110998,"gonad"
"1-166709177","ENSSSAG00000087826",-10.7554542575358,4.91564797138104e-06,0.0118296817924052,-0.0983078554110998,"gonad"
"1-166710717","ENSSSAG00000087826",-10.7554542575358,4.91564797138104e-06,0.0118296817924052,-0.0983078554110998,"gonad"
"1-166713648","ENSSSAG00000087826",-10.7554542575358,4.91564797138104e-06,0.0118296817924052,-0.0983078554110998,"gonad"
"1-166714209","ENSSSAG00000087826",-10.7554542575358,4.91564797138104e-06,0.0118296817924052,-0.0983078554110998,"gonad"
"1-166719595","ENSSSAG00000087826",-10.7554542575358,4.91564797138104e-06,0.0118296817924052,-0.0983078554110998,"gonad"
"12-96932531","ENSSSAG00000066894",-10.7485761677346,4.93939455373193e-06,0.0118677075190466,-1.94748121875559,"gonad"
"4-89898105","ENSSSAG00000001369",-10.7459278312737,4.94857208217982e-06,0.0118677075190466,-0.3411537610974,"gonad"
"4-89979301","ENSSSAG00000001369",10.7459278312737,4.94857208217995e-06,0.0118677075190466,0.3411537610974,"gonad"
"4-89979853","ENSSSAG00000001369",10.7459278312737,4.94857208217995e-06,0.0118677075190466,0.3411537610974,"gonad"
"12-92792038","ENSSSAG00000055016",-10.7412979849201,4.96466212806719e-06,0.011896004142474,-0.0842580679111122,"gonad"
"4-83274658","ENSSSAG00000067353",-10.7396864378606,4.97027642470934e-06,0.0118991722540915,-0.704151486787174,"gonad"
"1-2391637","ENSSSAG00000000041",10.7340289243633,4.99004227019891e-06,0.011936185415788,0.685936693814633,"gonad"
"12-101149876","ENSSSAG00000116651",10.7202491931644,5.03855348717207e-06,0.0120418344401192,0.160646963649983,"gonad"
"17-76434626","ENSSSAG00000084048",-10.6938415062621,5.13300072490081e-06,0.0122569911857567,-0.863764682262417,"gonad"
"11-89935143","ENSSSAG00000038024",10.6891786468651,5.14988208805391e-06,0.0122867189839005,0.221280369254265,"gonad"
"13-13906940","ENSSSAG00000072601",-10.6672836909464,5.22998428356022e-06,0.0123925103409046,-0.666231419239163,"gonad"
"13-13960400","ENSSSAG00000072601",-10.6672836909464,5.2299842835603e-06,0.0123925103409046,-0.666231419239163,"gonad"
"13-14074043","ENSSSAG00000072601",-10.6672836909464,5.2299842835603e-06,0.0123925103409046,-0.666231419239163,"gonad"
"13-14074523","ENSSSAG00000072601",-10.6672836909464,5.2299842835603e-06,0.0123925103409046,-0.666231419239163,"gonad"
"13-14074824","ENSSSAG00000072601",-10.6672836909464,5.2299842835603e-06,0.0123925103409046,-0.666231419239163,"gonad"
"13-14075451","ENSSSAG00000072601",-10.6672836909464,5.2299842835603e-06,0.0123925103409046,-0.666231419239163,"gonad"
"13-14075909","ENSSSAG00000072601",-10.6672836909464,5.2299842835603e-06,0.0123925103409046,-0.666231419239163,"gonad"
"13-14076021","ENSSSAG00000072601",-10.6672836909464,5.2299842835603e-06,0.0123925103409046,-0.666231419239163,"gonad"
"14-101133229","ENSSSAG00000045188",-10.6531793235906,5.2823216217811e-06,0.0124507871914414,-0.213190450044898,"gonad"
"14-101134261","ENSSSAG00000045188",-10.6531793235906,5.2823216217811e-06,0.0124507871914414,-0.213190450044898,"gonad"
"8-23352007","ENSSSAG00000112535",10.643546595859,5.31840219631655e-06,0.0124507871914414,0.436389650566822,"gonad"
"27-24081578","ENSSSAG00000094794",10.6429963952844,5.32047133759025e-06,0.0124507871914414,2.05212794007232,"gonad"
"27-24175328","ENSSSAG00000094794",10.6429963952844,5.32047133759025e-06,0.0124507871914414,2.05212794007232,"gonad"
"21-46479917","ENSSSAG00000121595",-10.6411546114379,5.32740428758743e-06,0.0124507871914414,-0.0750787425562625,"gonad"
"28-36553190","ENSSSAG00000078579",10.6280810983576,5.37690744852406e-06,0.0124507871914414,1.34615284271083,"gonad"
"28-36557495","ENSSSAG00000078579",10.6280810983576,5.37690744852406e-06,0.0124507871914414,1.34615284271083,"gonad"
"28-36572141","ENSSSAG00000078579",10.6280810983576,5.37690744852406e-06,0.0124507871914414,1.34615284271083,"gonad"
"28-36573864","ENSSSAG00000078579",10.6280810983576,5.37690744852406e-06,0.0124507871914414,1.34615284271083,"gonad"
"28-36575422","ENSSSAG00000078579",10.6280810983576,5.37690744852406e-06,0.0124507871914414,1.34615284271083,"gonad"
"28-36581940","ENSSSAG00000078579",10.6280810983576,5.37690744852406e-06,0.0124507871914414,1.34615284271083,"gonad"
"28-36586473","ENSSSAG00000078579",10.6280810983576,5.37690744852406e-06,0.0124507871914414,1.34615284271083,"gonad"
"28-36599094","ENSSSAG00000078579",10.6280810983576,5.37690744852406e-06,0.0124507871914414,1.34615284271083,"gonad"
"28-36599167","ENSSSAG00000078579",10.6280810983576,5.37690744852406e-06,0.0124507871914414,1.34615284271083,"gonad"
"28-36599218","ENSSSAG00000078579",10.6280810983576,5.37690744852406e-06,0.0124507871914414,1.34615284271083,"gonad"
"28-36599350","ENSSSAG00000078579",10.6280810983576,5.37690744852406e-06,0.0124507871914414,1.34615284271083,"gonad"
"28-36603341","ENSSSAG00000078579",10.6280810983576,5.37690744852406e-06,0.0124507871914414,1.34615284271083,"gonad"
"28-36605156","ENSSSAG00000078579",10.6280810983576,5.37690744852406e-06,0.0124507871914414,1.34615284271083,"gonad"
"28-36618200","ENSSSAG00000078579",10.6280810983576,5.37690744852406e-06,0.0124507871914414,1.34615284271083,"gonad"
"28-36618251","ENSSSAG00000078579",10.6280810983576,5.37690744852406e-06,0.0124507871914414,1.34615284271083,"gonad"
"28-36646029","ENSSSAG00000078579",10.6280810983576,5.37690744852406e-06,0.0124507871914414,1.34615284271083,"gonad"
"28-36647624","ENSSSAG00000078579",10.6280810983576,5.37690744852406e-06,0.0124507871914414,1.34615284271083,"gonad"
"15-107697223","ENSSSAG00000083682",-10.627182369194,5.38032933874253e-06,0.0124507871914414,-1.03698961803588,"gonad"
"15-107697247","ENSSSAG00000083682",10.627182369194,5.38032933874253e-06,0.0124507871914414,1.03698961803588,"gonad"
"15-107697298","ENSSSAG00000083682",10.627182369194,5.38032933874253e-06,0.0124507871914414,1.03698961803588,"gonad"
"15-107702209","ENSSSAG00000083682",-10.627182369194,5.38032933874253e-06,0.0124507871914414,-0.518494809017941,"gonad"
"15-107702620","ENSSSAG00000083682",-10.627182369194,5.38032933874253e-06,0.0124507871914414,-1.03698961803588,"gonad"
"28-27681677","ENSSSAG00000095517",10.6174292413314,5.41762101871284e-06,0.0125266287416073,0.123291481623306,"gonad"
"2-27118629","ENSSSAG00000096643",10.6109661112567,5.44249224349948e-06,0.0125736492324405,0.461734955804887,"gonad"
"18-20113537","ENSSSAG00000121671",10.6031897250894,5.47258632160046e-06,0.0126326475973158,0.762507519668859,"gonad"
"9-41486172","ENSSSAG00000107587",-10.6000314219558,5.48486178135095e-06,0.0126504503971971,-0.0378856524359747,"gonad"
"20-80192438","ENSSSAG00000096349",10.5908380592873,5.52076930513137e-06,0.0127226839957818,0.126992078581332,"gonad"
"14-50812072","ENSSSAG00000004575",10.5894865617925,5.52607010340182e-06,0.0127243225944301,0.719537958639342,"gonad"
"27-26908914","ENSSSAG00000088142",10.5798954756872,5.56385169809956e-06,0.0128006866509051,0.237667875132155,"gonad"
"3-72975048","ENSSSAG00000001023",10.5710429946642,5.59897998227929e-06,0.0128708246892971,1.43531968136325,"gonad"
"5-14896237","ENSSSAG00000068581",10.5580881607655,5.65083460990518e-06,0.0129792648411299,0.264396728431787,"gonad"
"1-3577810","ENSSSAG00000094436",10.5413549420895,5.71860879931342e-06,0.0131132051397781,1.19199052691829,"gonad"
"1-3578312","ENSSSAG00000094436",10.5413549420895,5.71860879931342e-06,0.0131132051397781,1.19199052691829,"gonad"
"26-37421360","ENSSSAG00000059601",10.5367562873354,5.73739334520473e-06,0.0131384960641384,0.602489705480184,"gonad"
"9-59623366","ENSSSAG00000018761",-10.5363353161983,5.73911636521913e-06,0.0131384960641384,-1.82210962911767,"gonad"
"14-96406694","ENSSSAG00000050802",-10.5325712089187,5.7545484396094e-06,0.0131521034798301,-0.999392896865464,"gonad"
"14-96406729","ENSSSAG00000050802",-10.5325712089187,5.7545484396094e-06,0.0131521034798301,-0.999392896865464,"gonad"
"2-27212675","ENSSSAG00000052059",10.478702562737,5.98055441676057e-06,0.0136349214191315,1.2609446333946,"gonad"
"2-27246728","ENSSSAG00000052059",10.478702562737,5.98055441676057e-06,0.0136349214191315,1.2609446333946,"gonad"
"2-27468662","ENSSSAG00000052059",-10.478702562737,5.98055441676072e-06,0.0136349214191315,-1.2609446333946,"gonad"
"15-101198919","ENSSSAG00000118666",-10.4741747666979,5.99999795464369e-06,0.0136680101311416,-0.536583393969765,"gonad"
"13-45896450","ENSSSAG00000063998",-10.4657142380032,6.03651919314634e-06,0.013739915614299,-0.716008494063357,"gonad"
"19-84378274","ENSSSAG00000100444",-10.4557681394366,6.07977101683471e-06,0.0137930650600085,-0.865539725270373,"gonad"
"19-84378507","ENSSSAG00000100444",-10.4557681394366,6.07977101683471e-06,0.0137930650600085,-0.865539725270373,"gonad"
"19-84388922","ENSSSAG00000100444",-10.4557681394366,6.07977101683471e-06,0.0137930650600085,-0.865539725270373,"gonad"
"19-84391070","ENSSSAG00000100444",-10.4557681394366,6.07977101683471e-06,0.0137930650600085,-0.865539725270373,"gonad"
"25-38838496","ENSSSAG00000110574",-10.4320332517414,6.18439052130417e-06,0.0140189412833497,-0.401904156927009,"gonad"
"7-46289508","ENSSSAG00000081749",10.4258462105753,6.21199131201908e-06,0.0140700029918779,1.71356190510829,"gonad"
"6-10158451","ENSSSAG00000094086",10.4182013007705,6.24628595404176e-06,0.0141361303613736,0.176700300340513,"gonad"
"18-70274888","ENSSSAG00000054283",10.4078288780732,6.29315463631711e-06,0.0142305832787491,1.04669594318059,"gonad"
"14-93434024","ENSSSAG00000044536",10.4027422545683,6.31628241671361e-06,0.014271241170371,0.365490898713106,"gonad"
"22-30570136","ENSSSAG00000104391",10.3593801336879,6.51734027747844e-06,0.01471352724277,0.304142881282337,"gonad"
"17-59029178","ENSSSAG00000076734",-10.3537355053322,6.54403460636318e-06,0.0147617712906625,-1.09535247072253,"gonad"
"5-77360794","ENSSSAG00000046932",10.3479486449155,6.57152839571866e-06,0.0148103272721953,1.1254566970691,"gonad"
"15-25072578","ENSSSAG00000040963",10.34695875713,6.5762443317775e-06,0.0148103272721953,0.232756171659054,"gonad"
"15-63484875","ENSSSAG00000105685",-10.336805668822,6.62483357726479e-06,0.0149076446805397,-1.62819901406053,"gonad"
"9-81541534","ENSSSAG00000063870",-10.3172173514065,6.71971369294323e-06,0.0151088865714871,-0.72172308258532,"gonad"
"12-91186778","ENSSSAG00000104549",10.3142461470144,6.73423744750065e-06,0.0151292720977245,0.485199681055417,"gonad"
"8-16526445","ENSSSAG00000113881",10.3056152807102,6.77662579195109e-06,0.0151998674799142,1.4593975205011,"gonad"
"8-16588211","ENSSSAG00000113881",10.3056152807102,6.77662579195109e-06,0.0151998674799142,1.4593975205011,"gonad"
"23-50190979","ENSSSAG00000106122",-10.3001334248232,6.80370324139717e-06,0.015248264998803,-1.02997261088262,"gonad"
"6-90211281","ENSSSAG00000121115",-10.2973420912949,6.81753734954527e-06,0.0152669277081805,-0.946700642744815,"gonad"
"9-147157521","ENSSSAG00000087232",10.2923853895341,6.8421807048931e-06,0.0153097465628859,0.188520332092643,"gonad"
"3-85975763","ENSSSAG00000087954",10.2721983939701,6.9435775116585e-06,0.0155240978220312,0.586602424273806,"gonad"
"2-18415982","ENSSSAG00000007592",-10.2428815772954,7.09383345030506e-06,0.0158472289254968,-2.26145110770895,"gonad"
"9-22955731","ENSSSAG00000090652",-10.240681428883,7.10525538433301e-06,0.0158472289254968,-0.642682721736674,"gonad"
"9-23016975","ENSSSAG00000090652",-10.240681428883,7.10525538433301e-06,0.0158472289254968,-0.642682721736674,"gonad"
"5-75048259","ENSSSAG00000098643",10.2291499851831,7.16545702519735e-06,0.0159656576602014,0.995218766551313,"gonad"
"22-22863160","ENSSSAG00000092769",10.2262725037798,7.18056799756315e-06,0.0159656576602014,0.0193189054436107,"gonad"
"22-22864879","ENSSSAG00000092769",10.2262725037798,7.18056799756315e-06,0.0159656576602014,0.0193189054436107,"gonad"
"7-2795154","ENSSSAG00000097950",-10.2228209801265,7.19874048489868e-06,0.0159656576602014,-0.633678667532085,"gonad"
"1-20359690","ENSSSAG00000071348",10.2223461259894,7.20124463749342e-06,0.0159656576602014,0.627292148432482,"gonad"
"27-40969573","ENSSSAG00000089749",10.2217432159884,7.20442549672565e-06,0.0159656576602014,0.250595752726889,"gonad"
"27-41004553","ENSSSAG00000089749",10.2217432159884,7.20442549672565e-06,0.0159656576602014,0.250595752726889,"gonad"
"27-41004639","ENSSSAG00000089749",10.2217432159884,7.20442549672565e-06,0.0159656576602014,0.250595752726889,"gonad"
"12-67490128","ENSSSAG00000077415",10.2141001165272,7.24488559333664e-06,0.0160424971502311,0.159156939722034,"gonad"
"6-34167480","ENSSSAG00000122078",10.200253826438,7.3188311310679e-06,0.0161919834991226,3.18124381763218,"gonad"
"6-91464506","ENSSSAG00000093590",-10.1981916145404,7.329916215355e-06,0.0161919834991226,-0.972554837191234,"gonad"
"6-91496110","ENSSSAG00000093590",10.1981916145404,7.329916215355e-06,0.0161919834991226,0.972554837191234,"gonad"
"18-18041210","ENSSSAG00000078126",10.193855514238,7.35328541501982e-06,0.0162306738864144,0.895672477127613,"gonad"
"5-78443196","ENSSSAG00000037255",-10.1910553897903,7.36842074854117e-06,0.0162511428205111,-0.652829758550278,"gonad"
"9-22016528","ENSSSAG00000007790",10.1714074766156,7.47560587917295e-06,0.0164744347944369,1.15901619914384,"gonad"
"11-104396350","ENSSSAG00000008829",10.1679885908536,7.49443413914386e-06,0.0164897119861417,0.77375337472925,"gonad"
"11-104734229","ENSSSAG00000008829",10.1679885908536,7.49443413914386e-06,0.0164897119861417,0.77375337472925,"gonad"
"6-83330138","ENSSSAG00000084506",-10.1475149071751,7.60829934484583e-06,0.0167137154630726,-0.566209734687616,"gonad"
"6-83326397","ENSSSAG00000084506",10.1475149071751,7.60829934484602e-06,0.0167137154630726,0.566209734687616,"gonad"
"3-76185927","ENSSSAG00000097626",10.1421578152328,7.63841092620521e-06,0.0167665780875974,0.81232323906619,"gonad"
"10-83910361","ENSSSAG00000116750",10.1247655111312,7.73709195128449e-06,0.0169697503102948,0.0497048511465004,"gonad"
"13-44354741","ENSSSAG00000091829",10.1006640773569,7.87620048050089e-06,0.017255317312299,1.3146641581926,"gonad"
"29-8059791","ENSSSAG00000086575",-10.0997845943012,7.88132921542163e-06,0.017255317312299,-1.3902146132812,"gonad"
"26-37294969","ENSSSAG00000060635",-10.0979245780204,7.892188247497e-06,0.017255317312299,-0.270613605036484,"gonad"
"26-37303071","ENSSSAG00000060635",-10.0979245780204,7.892188247497e-06,0.017255317312299,-0.270613605036484,"gonad"
"15-11786098","ENSSSAG00000047601",10.0692914971434,8.06147732000307e-06,0.0175337998726205,0.570383860525757,"gonad"
"12-14897284","ENSSSAG00000101547",10.0688980081442,8.06383183150019e-06,0.0175337998726205,0.934698284076136,"gonad"
"12-14897323","ENSSSAG00000101547",10.0688980081442,8.06383183150019e-06,0.0175337998726205,0.934698284076136,"gonad"
"12-14966351","ENSSSAG00000101547",10.0688980081442,8.06383183150019e-06,0.0175337998726205,0.934698284076136,"gonad"
"12-14968426","ENSSSAG00000101547",10.0688980081442,8.06383183150019e-06,0.0175337998726205,0.934698284076136,"gonad"
"12-14969595","ENSSSAG00000101547",10.0688980081442,8.06383183150019e-06,0.0175337998726205,0.934698284076136,"gonad"
"12-14972457","ENSSSAG00000101547",10.0688980081442,8.06383183150019e-06,0.0175337998726205,0.934698284076136,"gonad"
"2-21955096","ENSSSAG00000121918",10.0170801312321,8.38070670945881e-06,0.01820852370778,0.383361382915764,"gonad"
"6-39669203","ENSSSAG00000109646",10.0073480375073,8.44175739929257e-06,0.0182838506632995,0.504780194215807,"gonad"
"6-39669232","ENSSSAG00000109646",10.0073480375073,8.44175739929257e-06,0.0182838506632995,0.504780194215807,"gonad"
"6-39669482","ENSSSAG00000109646",10.0073480375073,8.44175739929257e-06,0.0182838506632995,0.504780194215807,"gonad"
"6-39747910","ENSSSAG00000109646",10.0073480375073,8.44175739929257e-06,0.0182838506632995,0.504780194215807,"gonad"
"1-1308716","ENSSSAG00000085657",-9.99969160045313,8.49013618503608e-06,0.0183742785009562,-0.0776081956805229,"gonad"
"3-17115409","ENSSSAG00000093931",9.98995908297959,8.5520804065596e-06,0.0184939005627433,1.14203575130509,"gonad"
"6-36725956","ENSSSAG00000045187",-9.9819623310651,8.60335469602219e-06,0.018590280374956,-2.54574994049677,"gonad"
"26-55151888","ENSSSAG00000045172",-9.96491304525922,8.71382243302644e-06,0.0188143166915341,-0.0452989314039284,"gonad"
"2-17144666","ENSSSAG00000036475",9.93759823710913,8.89411904791362e-06,0.0191886569385084,0.11337092670423,"gonad"
"10-122096402","ENSSSAG00000089093",9.92517531443868,8.97749327719636e-06,0.019338434312103,0.237216846271961,"gonad"
"10-122129888","ENSSSAG00000089093",9.92517531443868,8.97749327719636e-06,0.019338434312103,0.11860842313598,"gonad"
"9-41616517","ENSSSAG00000094077",-9.92202268988971,8.99879007340908e-06,0.0193483885360246,-0.991324055577567,"gonad"
"8-16526445","ENSSSAG00000082787",9.92139283479179,9.00305166214822e-06,0.0193483885360246,1.1399764156999,"gonad"
"8-16588211","ENSSSAG00000082787",9.92139283479179,9.00305166214822e-06,0.0193483885360246,1.1399764156999,"gonad"
"15-18365447","ENSSSAG00000086648",9.91603289784032,9.03940817890707e-06,0.0194114743897918,0.181372185739985,"gonad"
"26-30107698","ENSSSAG00000113825",-9.90538774539159,9.11210125710041e-06,0.0195524323266222,-0.0718264098668062,"gonad"
"9-92295429","ENSSSAG00000056011",9.89444623893549,9.18749865561232e-06,0.0196989705803674,0.568274219316061,"gonad"
"11-25414702","ENSSSAG00000084063",9.88365982862768,9.26250941424844e-06,0.0198444539890989,0.12403758117944,"gonad"
"2-63625771","ENSSSAG00000102154",-9.88158325625768,9.2770286106827e-06,0.0198602127036489,-1.08953346159619,"gonad"
"26-16293412","ENSSSAG00000070391",9.87273064443488,9.33921081348729e-06,0.0199779050735682,0.69886913555482,"gonad"
"11-15650888","ENSSSAG00000073269",-9.86707496942373,9.37918065203944e-06,0.0200328684957926,-0.53765111448558,"gonad"
"2-25035868","ENSSSAG00000015570",9.86471717304795,9.39590004248598e-06,0.0200328684957926,1.1248194773336,"gonad"
"2-25035879","ENSSSAG00000015570",9.86471717304795,9.39590004248598e-06,0.0200328684957926,1.1248194773336,"gonad"
"13-112482001","ENSSSAG00000121708",9.86439838072971,9.39816318486922e-06,0.0200328684957926,0.736761165989937,"gonad"
"4-13252533","ENSSSAG00000000376",9.86094572232517,9.42271300358421e-06,0.0200328684957926,1.21245506269125,"gonad"
"4-13252696","ENSSSAG00000000376",9.86094572232517,9.42271300358421e-06,0.0200328684957926,1.21245506269125,"gonad"
"4-13264464","ENSSSAG00000000376",9.86094572232517,9.42271300358421e-06,0.0200328684957926,1.21245506269125,"gonad"
"4-13269973","ENSSSAG00000000376",9.86094572232517,9.42271300358421e-06,0.0200328684957926,1.21245506269125,"gonad"
"9-157484397","ENSSSAG00000101390",-9.83772445614554,9.58969695748699e-06,0.0203722566869371,-0.809724113845029,"gonad"
"14-33539339","ENSSSAG00000073756",-9.83595701504233,9.60254122105544e-06,0.0203839230481067,-1.56881218495928,"gonad"
"26-33720733","ENSSSAG00000089327",-9.81689745767655,9.74227639310291e-06,0.0206647248436225,-0.439418167602245,"gonad"
"4-67492208","ENSSSAG00000101243",9.81496876560047,9.75654255983276e-06,0.0206791635155647,0.266814489612729,"gonad"
"7-2257253","ENSSSAG00000084811",-9.81168572359258,9.78088023780785e-06,0.0207149105644015,-0.14733943628203,"gonad"
"6-9286701","ENSSSAG00000105607",9.80994943994881,9.79377894823039e-06,0.0207236995015505,0.854854459762329,"gonad"
"12-72580755","ENSSSAG00000092088",-9.80811121500312,9.80745566129929e-06,0.0207236995015505,-0.697686584130742,"gonad"
"12-72590443","ENSSSAG00000092088",-9.80811121500312,9.80745566129929e-06,0.0207236995015505,-0.697686584130742,"gonad"
"3-56093000","ENSSSAG00000093352",9.80514376876556,9.82957897004088e-06,0.0207546282074901,0.355277380914366,"gonad"
"26-44209575","ENSSSAG00000042232",-9.77688498557801,1.00430706399349e-05,0.0211731528396502,-0.744979471901024,"gonad"
"26-44243591","ENSSSAG00000042232",-9.77688498557801,1.00430706399349e-05,0.0211731528396502,-0.744979471901024,"gonad"
"19-14843997","ENSSSAG00000068661",9.7661242582831,1.01257227463537e-05,0.0213311814708785,2.46137088034671,"gonad"
"21-33946461","ENSSSAG00000092052",-9.75284618886226,1.02287581689867e-05,0.0215318776809938,-1.7858293064033,"gonad"
"15-30016186","ENSSSAG00000041056",9.74350252210505,1.03019645107214e-05,0.021669525773933,2.27934510371544,"gonad"
"10-23868478","ENSSSAG00000110999",9.7420400542048,1.03134755662045e-05,0.0216772914351631,0.571534667039185,"gonad"
"18-80170715","ENSSSAG00000086050",-9.73428796122811,1.03747322744719e-05,0.0217730288809654,-0.304170543543887,"gonad"
"18-80017864","ENSSSAG00000086050",9.73428796122806,1.03747322744722e-05,0.0217730288809654,0.304170543543887,"gonad"
"24-48265727","ENSSSAG00000110245",-9.7291178712928,1.04158117162036e-05,0.0218261956760174,-1.01922719182494,"gonad"
"24-48265760","ENSSSAG00000110245",-9.7291178712928,1.04158117162036e-05,0.0218261956760174,-1.01922719182494,"gonad"
"22-23543228","ENSSSAG00000081369",9.67873300061949,1.08257921714842e-05,0.0226681703814039,0.580687438232328,"gonad"
"2-42217000","ENSSSAG00000076694",-9.67049592400692,1.08945141604111e-05,0.0227948509794855,-1.22538309107675,"gonad"
"12-11263095","ENSSSAG00000089149",-9.6641397162826,1.09478767574956e-05,0.0228685398603722,-0.0317971627625767,"gonad"
"4-13252533","ENSSSAG00000083598",9.66139886205136,1.0970977115016e-05,0.0228685398603722,0.956639161061762,"gonad"
"4-13252696","ENSSSAG00000083598",9.66139886205136,1.0970977115016e-05,0.0228685398603722,0.956639161061762,"gonad"
"4-13264464","ENSSSAG00000083598",9.66139886205136,1.0970977115016e-05,0.0228685398603722,0.956639161061762,"gonad"
"4-13269973","ENSSSAG00000083598",9.66139886205136,1.0970977115016e-05,0.0228685398603722,0.956639161061762,"gonad"
"17-26833136","ENSSSAG00000114830",9.64996417419163,1.10679388737915e-05,0.0230533192412016,0.691875531799815,"gonad"
"22-32843387","ENSSSAG00000080784",9.643556184308,1.11226938957672e-05,0.0231499751091279,1.30338230786377,"gonad"
"16-3289644","ENSSSAG00000056495",-9.64042531659895,1.11495563852058e-05,0.0231884759968802,-3.70416292497423,"gonad"
"13-108753034","ENSSSAG00000095905",-9.62592284809615,1.12749335926575e-05,0.0233395474901083,-1.95434987911259,"gonad"
"13-109313592","ENSSSAG00000095905",-9.62592284809615,1.12749335926575e-05,0.0233395474901083,-1.95434987911259,"gonad"
"13-109478303","ENSSSAG00000095905",-9.62592284809615,1.12749335926575e-05,0.0233395474901083,-1.95434987911259,"gonad"
"13-108771499","ENSSSAG00000095905",-9.62592284809612,1.12749335926578e-05,0.0233395474901083,-1.95434987911259,"gonad"
"13-108771501","ENSSSAG00000095905",-9.62592284809612,1.12749335926578e-05,0.0233395474901083,-1.95434987911259,"gonad"
"6-64775060","ENSSSAG00000112099",-9.62327848707516,1.12979638173267e-05,0.0233395474901083,-0.828301262132724,"gonad"
"6-64775762","ENSSSAG00000112099",-9.62327848707516,1.12979638173267e-05,0.0233395474901083,-0.828301262132724,"gonad"
"6-64781758","ENSSSAG00000112099",-9.62327848707516,1.12979638173267e-05,0.0233395474901083,-0.828301262132724,"gonad"
"6-64790550","ENSSSAG00000112099",-9.62327848707516,1.12979638173267e-05,0.0233395474901083,-0.828301262132724,"gonad"
"7-5617621","ENSSSAG00000004049",-9.6185958698065,1.13388744350756e-05,0.0233892041843145,-0.810422345615317,"gonad"
"7-5617797","ENSSSAG00000004049",-9.6185958698065,1.13388744350756e-05,0.0233892041843145,-0.810422345615317,"gonad"
"12-92906878","ENSSSAG00000087361",9.61614257238513,1.1360374104006e-05,0.0234161297987992,1.43113392793768,"gonad"
"9-39512360","ENSSSAG00000113883",-9.61396365501882,1.13795073549502e-05,0.0234381413416357,-0.45980638246289,"gonad"
"26-50130331","ENSSSAG00000112080",9.61210935957112,1.13958183882997e-05,0.0234543116530189,0.715494292475722,"gonad"
"17-34496089","ENSSSAG00000080935",-9.60340205441665,1.14727604702387e-05,0.0235951532356799,-0.63104859972895,"gonad"
"2-1756995","ENSSSAG00000099067",-9.59306050137679,1.15648973727933e-05,0.0237494076804582,-0.715182712736895,"gonad"
"2-1757895","ENSSSAG00000099067",-9.59306050137679,1.15648973727933e-05,0.0237494076804582,-0.715182712736895,"gonad"
"6-12249335","ENSSSAG00000088372",9.58362837244439,1.16496519971358e-05,0.0239057498679256,1.17186395966906,"gonad"
"20-92573748","ENSSSAG00000064607",9.56219945566761,1.18447936514438e-05,0.0242882137122142,0.535283524419024,"gonad"
"1-76836058","ENSSSAG00000000967",-9.55969892100025,1.18678012483384e-05,0.0243174054449407,-0.652050100060816,"gonad"
"15-41050270","ENSSSAG00000088565",9.55002847426067,1.19572500367371e-05,0.0244645247506254,0.775945173614076,"gonad"
"15-41050303","ENSSSAG00000088565",9.55002847426067,1.19572500367371e-05,0.0244645247506254,0.775945173614076,"gonad"
"14-14305430","ENSSSAG00000103244",9.54634257330392,1.19915412536821e-05,0.0244804842211186,2.16941688582554,"gonad"
"14-14315700","ENSSSAG00000103244",9.54634257330392,1.19915412536821e-05,0.0244804842211186,2.16941688582554,"gonad"
"14-14317272","ENSSSAG00000103244",9.54634257330392,1.19915412536821e-05,0.0244804842211186,2.16941688582554,"gonad"
"1-151486258","ENSSSAG00000110223",-9.54381881136964,1.20150839465149e-05,0.0245104971761278,-0.283036417662601,"gonad"
"5-52186687","ENSSSAG00000039109",9.53292692478616,1.21172810009815e-05,0.0246826521088686,1.49069387538312,"gonad"
"5-52257536","ENSSSAG00000039109",9.53292692478616,1.21172810009815e-05,0.0246826521088686,1.49069387538312,"gonad"
"16-36317619","ENSSSAG00000102723",-9.50708873474425,1.23636174116686e-05,0.0251659435354432,-0.081727417018885,"gonad"
"1-156968858","ENSSSAG00000113808",-9.49679746765127,1.24632835513171e-05,0.0253501998712688,-0.0685858971781676,"gonad"
"27-14435875","ENSSSAG00000107463",9.48793089953244,1.2549871022377e-05,0.0254906938101298,0.546923696526085,"gonad"
"6-92552853","ENSSSAG00000053635",-9.48784165231919,1.25507459795815e-05,0.0254906938101298,-0.559788957645367,"gonad"
"10-122713968","ENSSSAG00000043096",9.48598668548612,1.25689470173299e-05,0.0255089724125968,0.859269898283722,"gonad"
"20-78125920","ENSSSAG00000104728",9.47145891631427,1.27125166472845e-05,0.0257814766380757,0.334499694525083,"gonad"
"9-86450234","ENSSSAG00000099978",-9.46585519143486,1.27683830590026e-05,0.0258758469572965,-0.605730262286439,"gonad"
"3-88143022","ENSSSAG00000040981",-9.46397131291285,1.27872258622391e-05,0.0258951037892151,-0.550940796975043,"gonad"
"4-40725165","ENSSSAG00000091889",-9.45951895648651,1.28318822935962e-05,0.0259476290351016,-0.177415384942359,"gonad"
"4-40774499","ENSSSAG00000091889",9.45951895648647,1.28318822935966e-05,0.0259476290351016,0.177415384942358,"gonad"
"5-77955120","ENSSSAG00000041447",9.45424655941143,1.28849886612109e-05,0.0260360260423807,1.32118450219694,"gonad"
"23-44832027","ENSSSAG00000009450",9.44450888187381,1.29837172833578e-05,0.0262164136580145,0.892371397718132,"gonad"
"9-148329531","ENSSSAG00000108778",-9.4400573049523,1.30291317892955e-05,0.0262316920147325,-0.323074276259443,"gonad"
"9-148328814","ENSSSAG00000108778",-9.44005730495228,1.30291317892958e-05,0.0262316920147325,-0.323074276259442,"gonad"
"9-148356274","ENSSSAG00000108778",-9.44005730495228,1.30291317892958e-05,0.0262316920147325,-0.323074276259442,"gonad"
"9-148373252","ENSSSAG00000108778",-9.44005730495228,1.30291317892958e-05,0.0262316920147325,-0.323074276259442,"gonad"
"26-52454467","ENSSSAG00000111805",9.43412519218778,1.30899261093733e-05,0.0263349649933764,0.429179681058554,"gonad"
"2-64494349","ENSSSAG00000090900",9.42711314792138,1.31621962385946e-05,0.0264419843014107,0.168222070891068,"gonad"
"2-64494438","ENSSSAG00000090900",9.42711314792138,1.31621962385946e-05,0.0264419843014107,0.168222070891068,"gonad"
"20-81450547","ENSSSAG00000051457",-9.4211870287912,1.32236212118622e-05,0.0265097351312306,-0.0974447275532265,"gonad"
"20-81450775","ENSSSAG00000051457",-9.4211870287912,1.32236212118622e-05,0.0265097351312306,-0.0974447275532265,"gonad"
"28-22365345","ENSSSAG00000108844",-9.42109209708071,1.32246077887913e-05,0.0265097351312306,-1.59810970110676,"gonad"
"3-19671731","ENSSSAG00000001831",9.4171917857362,1.32652127852305e-05,0.0265719176991801,0.419950114280728,"gonad"
"5-39340268","ENSSSAG00000046722",9.41552255131719,1.32826331595974e-05,0.0265876022416704,1.89250793016978,"gonad"
"5-2569734","ENSSSAG00000097365",-9.41230148943666,1.33163207852713e-05,0.0266358025153754,-1.56178395403448,"gonad"
"26-51286338","ENSSSAG00000109011",-9.39832698275361,1.34635812381364e-05,0.0269002197187789,-0.588712789202556,"gonad"
"16-72813706","ENSSSAG00000075364",9.39791784496357,1.34679199220818e-05,0.0269002197187789,1.1545607454098,"gonad"
"5-88902341","ENSSSAG00000103459",-9.38541917651277,1.36012157342922e-05,0.0271469005150717,-0.517940395632384,"gonad"
"15-109318008","ENSSSAG00000060439",-9.36699822380803,1.3800361369072e-05,0.0274850158289929,-1.32080085773106,"gonad"
"15-109321954","ENSSSAG00000060439",-9.36699822380803,1.3800361369072e-05,0.0274850158289929,-1.32080085773106,"gonad"
"15-109323459","ENSSSAG00000060439",-9.36699822380803,1.3800361369072e-05,0.0274850158289929,-1.32080085773106,"gonad"
"2-58234803","ENSSSAG00000040178",9.35055639314942,1.39808598264677e-05,0.0278245105110204,0.58523434556084,"gonad"
"2-18738553","ENSSSAG00000102744",-9.34437652881313,1.40493817294109e-05,0.0279408238167259,-1.11670157909745,"gonad"
"4-42853374","ENSSSAG00000071217",9.32362292963899,1.42822508392936e-05,0.0283835829297836,0.645254850593272,"gonad"
"18-15405780","ENSSSAG00000101324",-9.32250203661404,1.42949499359798e-05,0.0283884701010493,-1.26922374768893,"gonad"
"25-49938269","ENSSSAG00000039898",9.31032133274761,1.44337652595394e-05,0.0285366707190665,0.450260346422438,"gonad"
"15-96575287","ENSSSAG00000012488",9.30660670699729,1.44763969033197e-05,0.0285366707190665,0.837399954623545,"gonad"
"1-10121700","ENSSSAG00000119276",-9.30604954867769,1.44828033403417e-05,0.0285366707190665,-0.0584194295225585,"gonad"
"1-10122868","ENSSSAG00000119276",-9.30604954867769,1.44828033403417e-05,0.0285366707190665,-0.0584194295225585,"gonad"
"1-10068885","ENSSSAG00000119276",-9.30604954867768,1.44828033403419e-05,0.0285366707190665,-0.116838859045117,"gonad"
"1-10075202","ENSSSAG00000119276",-9.30604954867768,1.44828033403419e-05,0.0285366707190665,-0.116838859045117,"gonad"
"1-10079093","ENSSSAG00000119276",-9.30604954867768,1.44828033403419e-05,0.0285366707190665,-0.116838859045117,"gonad"
"1-10084885","ENSSSAG00000119276",-9.30604954867768,1.44828033403419e-05,0.0285366707190665,-0.116838859045117,"gonad"
"1-10098073","ENSSSAG00000119276",-9.30604954867768,1.44828033403419e-05,0.0285366707190665,-0.116838859045117,"gonad"
"1-10099770","ENSSSAG00000119276",-9.30604954867768,1.44828033403419e-05,0.0285366707190665,-0.116838859045117,"gonad"
"1-10120112","ENSSSAG00000119276",-9.30604954867768,1.44828033403419e-05,0.0285366707190665,-0.116838859045117,"gonad"
"28-27681677","ENSSSAG00000079299",9.29587236952158,1.46003826919847e-05,0.0287479150199482,0.19738995263582,"gonad"
"5-10496377","ENSSSAG00000116463",-9.27139166372944,1.4887597226449e-05,0.0292926313209398,-0.524991073593718,"gonad"
"15-100802850","ENSSSAG00000100244",-9.26391934397139,1.49765150853661e-05,0.0294466858795021,-0.67804816238479,"gonad"
"3-18595347","ENSSSAG00000074789",9.25350029593788,1.51014877956733e-05,0.029671362550738,1.23135673676463,"gonad"
"29-26992988","ENSSSAG00000099188",9.25012531660968,1.51422183825276e-05,0.0297303195086504,1.47531477202955,"gonad"
"1-169429675","ENSSSAG00000101383",-9.246310610425,1.51884032640568e-05,0.0297577744400278,-0.228939879386855,"gonad"
"1-169429788","ENSSSAG00000101383",-9.246310610425,1.51884032640568e-05,0.0297577744400278,-0.228939879386855,"gonad"
"1-169429821","ENSSSAG00000101383",-9.246310610425,1.51884032640568e-05,0.0297577744400278,-0.228939879386855,"gonad"
"9-53319965","ENSSSAG00000044650",9.24002059647138,1.52649001689359e-05,0.0298865292517273,0.647551450022018,"gonad"
"20-41137158","ENSSSAG00000118794",9.23639451638248,1.53091943575214e-05,0.0299520984361278,1.32523688140548,"gonad"
"9-154645866","ENSSSAG00000119622",-9.22733003116613,1.54205491395803e-05,0.0301486851731901,-0.678621013813943,"gonad"
"9-123362595","ENSSSAG00000084390",-9.20819973981772,1.56585353204398e-05,0.0305923971574204,-1.46176458861562,"gonad"
"11-99830282","ENSSSAG00000115112",-9.20218471985026,1.57342076718298e-05,0.0306969741172668,-1.70205191549565,"gonad"
"11-99831440","ENSSSAG00000115112",-9.20218471985026,1.57342076718298e-05,0.0306969741172668,-1.70205191549565,"gonad"
"9-40308429","ENSSSAG00000110982",9.1948399323254,1.58271625417345e-05,0.0308566116048974,0.272209003770499,"gonad"
"18-68088078","ENSSSAG00000084415",-9.18412266275618,1.59638993561953e-05,0.0310794811364197,-1.01394944136046,"gonad"
"18-68094488","ENSSSAG00000084415",-9.18412266275618,1.59638993561953e-05,0.0310794811364197,-1.01394944136046,"gonad"
"23-44832027","ENSSSAG00000071342",9.17350817777811,1.610062381889e-05,0.0313236676008418,1.07902271726166,"gonad"
"4-42954490","ENSSSAG00000076753",-9.14518961490554,1.64718228549776e-05,0.0320233605776417,-0.249965501683622,"gonad"
"20-19057443","ENSSSAG00000075313",-9.14246967402399,1.65079748870468e-05,0.0320711545274223,-0.195259760191108,"gonad"
"27-36518483","ENSSSAG00000113777",9.13279936704753,1.66372254668346e-05,0.0321940585926954,0.678944670225139,"gonad"
"24-46230851","ENSSSAG00000057996",-9.13252469461051,1.66409130962926e-05,0.0321940585926954,-1.01807356535605,"gonad"
"24-46231150","ENSSSAG00000057996",-9.13252469461051,1.66409130962926e-05,0.0321940585926954,-1.01807356535605,"gonad"
"24-46231745","ENSSSAG00000057996",-9.13252469461051,1.66409130962926e-05,0.0321940585926954,-1.01807356535605,"gonad"
"24-46359084","ENSSSAG00000057996",9.13252469461049,1.66409130962929e-05,0.0321940585926954,1.01807356535605,"gonad"
"24-46392100","ENSSSAG00000057996",-9.13252469461049,1.66409130962929e-05,0.0321940585926954,-1.01807356535605,"gonad"
"11-101391669","ENSSSAG00000115884",9.12658384157183,1.67208956763015e-05,0.0323009453168982,1.07755589469901,"gonad"
"11-101392888","ENSSSAG00000115884",9.12658384157183,1.67208956763015e-05,0.0323009453168982,1.07755589469901,"gonad"
"29-36407955","ENSSSAG00000010589",-9.12582700725404,1.67311157784901e-05,0.0323009453168982,-1.62941967013262,"gonad"
"9-37004938","ENSSSAG00000095393",9.10131510423884,1.70659122866326e-05,0.0328831137615836,0.0605614201867748,"gonad"
"6-11956027","ENSSSAG00000090094",-9.10067302201731,1.70747819631444e-05,0.0328831137615836,-0.633417014857966,"gonad"
"9-60176864","ENSSSAG00000111481",-9.1002161155461,1.70810967639412e-05,0.0328831137615836,-0.701001035460631,"gonad"
"4-85389381","ENSSSAG00000093965",9.0987898878784,1.71008250805614e-05,0.0328831137615836,0.122436388074496,"gonad"
"16-24405328","ENSSSAG00000007625",-9.09857265329947,1.71038322090212e-05,0.0328831137615836,-1.19645338648366,"gonad"
"16-24405364","ENSSSAG00000007625",-9.09857265329947,1.71038322090212e-05,0.0328831137615836,-1.19645338648366,"gonad"
"3-59330937","ENSSSAG00000083769",9.08128949492969,1.73449782016011e-05,0.0333236216719797,0.151309992999376,"gonad"
"28-7909350","ENSSSAG00000073569",-9.07848870453932,1.73844122601416e-05,0.0333762536404058,-0.429665648402834,"gonad"
"2-74963749","ENSSSAG00000107217",-9.07759524677212,1.73970128144372e-05,0.0333773308919279,-0.394435512613692,"gonad"
"3-91817794","ENSSSAG00000001605",-9.07620925889195,1.74165797310459e-05,0.033391762841764,-0.412111979717937,"gonad"
"18-82967358","ENSSSAG00000084342",9.06375189512342,1.75935536374889e-05,0.0336612277172298,0.25948357460421,"gonad"
"18-82967741","ENSSSAG00000084342",9.06375189512342,1.75935536374889e-05,0.0336612277172298,0.25948357460421,"gonad"
"18-82967877","ENSSSAG00000084342",9.06375189512342,1.75935536374889e-05,0.0336612277172298,0.25948357460421,"gonad"
"4-82798179","ENSSSAG00000090840",9.058901341051,1.76630036731747e-05,0.033770798144999,0.650991708823687,"gonad"
"10-46160686","ENSSSAG00000045103",9.05554114390762,1.77112939432683e-05,0.0338206154768398,0.459730067942428,"gonad"
"20-94028885","ENSSSAG00000109919",-9.05539079149542,1.7713458132989e-05,0.0338206154768398,-0.0168005756331981,"gonad"
"18-79565067","ENSSSAG00000112910",9.05247201488207,1.77555297750351e-05,0.0338643850064092,0.327896269438916,"gonad"
"3-42559082","ENSSSAG00000081554",9.05126033933005,1.77730277266246e-05,0.0338643850064092,0.689909727951209,"gonad"
"3-42561499","ENSSSAG00000081554",9.05126033933005,1.77730277266246e-05,0.0338643850064092,0.689909727951209,"gonad"
"21-50250583","ENSSSAG00000107578",9.04883800540047,1.78080665739911e-05,0.0339078429924494,0.280319004776093,"gonad"
"27-41093080","ENSSSAG00000102987",-9.04500229079242,1.78637073981329e-05,0.033990442050349,-0.371932739241806,"gonad"
"19-81777989","ENSSSAG00000116932",-9.03151210068523,1.8060940099208e-05,0.0343272744624934,-0.340257882007538,"gonad"
"2-72984815","ENSSSAG00000089213",-9.03060013323665,1.80743607795652e-05,0.0343272744624934,-0.182590191447355,"gonad"
"14-28007554","ENSSSAG00000116326",-9.03036137012385,1.80778762965147e-05,0.0343272744624934,-0.166090164860931,"gonad"
"12-21117356","ENSSSAG00000004778",9.02616645051289,1.81397661957803e-05,0.0344212182599461,0.206073519175655,"gonad"
"12-5934651","ENSSSAG00000107952",9.01979834475662,1.82341699936399e-05,0.0345530541792875,1.23362786013547,"gonad"
"12-5934770","ENSSSAG00000107952",9.01979834475662,1.82341699936399e-05,0.0345530541792875,1.23362786013547,"gonad"
"6-18246634","ENSSSAG00000082982",-9.01056666301616,1.8371998282998e-05,0.0347904532977497,-0.265640763151391,"gonad"
"4-81891023","ENSSSAG00000088803",9.00848390178731,1.84032539834949e-05,0.0348020973484369,2.93655150035471,"gonad"
"4-81971303","ENSSSAG00000088803",9.00848390178731,1.84032539834949e-05,0.0348020973484369,2.93655150035471,"gonad"
"15-11590293","ENSSSAG00000119310",-8.99584299139008,1.85942300455658e-05,0.0350675667945532,-1.00945880724793,"gonad"
"15-11590516","ENSSSAG00000119310",-8.99584299139008,1.85942300455658e-05,0.0350675667945532,-1.00945880724793,"gonad"
"15-11590609","ENSSSAG00000119310",-8.99584299139008,1.85942300455658e-05,0.0350675667945532,-1.00945880724793,"gonad"
"15-11593989","ENSSSAG00000119310",-8.99584299139008,1.85942300455658e-05,0.0350675667945532,-1.00945880724793,"gonad"
"5-4983977","ENSSSAG00000037953",-8.98832753775565,1.87088179016191e-05,0.0352596862164362,-2.34641880083861,"gonad"
"8-12973807","ENSSSAG00000069572",-8.98439213083188,1.87691346057523e-05,0.0353493316388794,-0.707549310578073,"gonad"
"28-6730387","ENSSSAG00000068271",8.97665111447245,1.88884118942342e-05,0.0355498248868502,0.195137906165055,"gonad"
"23-44234520","ENSSSAG00000108598",8.97537602470869,1.89081399797083e-05,0.0355628119415229,0.0233902635766829,"gonad"
"10-118191853","ENSSSAG00000043708",-8.96607930915856,1.90526738061655e-05,0.0358103594036426,-0.719769704192722,"gonad"
"14-14305430","ENSSSAG00000114496",8.95380165853572,1.9245441172545e-05,0.0360992521518542,0.714154405593042,"gonad"
"14-14315700","ENSSSAG00000114496",8.95380165853572,1.9245441172545e-05,0.0360992521518542,0.714154405593042,"gonad"
"14-14317272","ENSSSAG00000114496",8.95380165853572,1.9245441172545e-05,0.0360992521518542,0.714154405593042,"gonad"
"14-92650743","ENSSSAG00000117832",-8.9509829881957,1.92900022392739e-05,0.0361583722907396,-0.0769970429226665,"gonad"
"18-22898045","ENSSSAG00000055133",-8.94806088464421,1.9336319891302e-05,0.036191255644657,-1.07984783896031,"gonad"
"29-34319509","ENSSSAG00000093541",-8.94740655892029,1.93467084409465e-05,0.036191255644657,-0.516913976554822,"gonad"
"29-34156677","ENSSSAG00000093541",8.94740655892027,1.93467084409468e-05,0.036191255644657,0.516913976554822,"gonad"
"6-89310562","ENSSSAG00000050640",8.93714308733547,1.95104750986996e-05,0.0364729979230632,0.394931403209422,"gonad"
"27-37445401","ENSSSAG00000044477",8.93516490216225,1.95422167283302e-05,0.0365077184368159,0.640405678994934,"gonad"
"26-31120877","ENSSSAG00000096462",8.92543167532338,1.96992346794646e-05,0.0367762690772292,1.47735115868878,"gonad"
"9-152481708","ENSSSAG00000120376",-8.92196637159554,1.97554763542063e-05,0.0368316610662955,-0.771355542059705,"gonad"
"9-152376889","ENSSSAG00000120376",8.92196637159551,1.97554763542067e-05,0.0368316610662955,0.771355542059705,"gonad"
"4-20599058","ENSSSAG00000083168",-8.90811826854747,1.99820227515331e-05,0.0372289927101714,-0.07342086578894,"gonad"
"9-114803646","ENSSSAG00000093904",8.90102218069759,2.00992306623262e-05,0.0372969745936119,1.4546874756062,"gonad"
"9-114803684","ENSSSAG00000093904",8.90102218069759,2.00992306623262e-05,0.0372969745936119,1.4546874756062,"gonad"
"9-114804570","ENSSSAG00000093904",8.90102218069759,2.00992306623262e-05,0.0372969745936119,1.4546874756062,"gonad"
"9-114804648","ENSSSAG00000093904",8.90102218069759,2.00992306623262e-05,0.0372969745936119,1.4546874756062,"gonad"
"9-114806189","ENSSSAG00000093904",8.90102218069759,2.00992306623262e-05,0.0372969745936119,1.4546874756062,"gonad"
"9-114806559","ENSSSAG00000093904",8.90102218069759,2.00992306623262e-05,0.0372969745936119,1.4546874756062,"gonad"
"20-4199959","ENSSSAG00000068054",-8.88834924448849,2.03104627973541e-05,0.0376637357970073,-0.73833911667177,"gonad"
"1-150419624","ENSSSAG00000096626",-8.87573455641679,2.05231826810722e-05,0.038032763715932,-1.23600568156301,"gonad"
"3-4260640","ENSSSAG00000107761",-8.86472838200752,2.07108068123759e-05,0.0383548232059767,-0.224415163357413,"gonad"
"4-82789461","ENSSSAG00000100879",8.85380477244238,2.08989144334181e-05,0.0386257777015224,0.274027135430893,"gonad"
"4-82790581","ENSSSAG00000100879",8.85380477244238,2.08989144334181e-05,0.0386257777015224,0.274027135430893,"gonad"
"4-82797085","ENSSSAG00000100879",8.85380477244238,2.08989144334181e-05,0.0386257777015224,0.274027135430893,"gonad"
"5-38159738","ENSSSAG00000002350",-8.84870625096645,2.09873631579622e-05,0.0387634080721854,-0.119878669277831,"gonad"
"3-7476880","ENSSSAG00000087567",8.84439298209624,2.10625150097924e-05,0.0388763123665665,0.967704025305723,"gonad"
"10-117512919","ENSSSAG00000008364",-8.84336761230772,2.10804245117461e-05,0.0388834811751328,-0.848394138392691,"gonad"
"4-86599912","ENSSSAG00000105768",-8.8368302458736,2.11950082358958e-05,0.0390688404172957,-0.413448470073459,"gonad"
"3-29381879","ENSSSAG00000000242",-8.83204230701697,2.12793689391023e-05,0.0391982801405798,-0.841611316062517,"gonad"
"19-50186825","ENSSSAG00000049332",8.82830256447459,2.13455211802234e-05,0.0392940288101246,0.717634723235965,"gonad"
"6-8736142","ENSSSAG00000097802",8.8245450398619,2.1412218728417e-05,0.0393906535734132,0.154293729149915,"gonad"
"5-77955120","ENSSSAG00000101331",8.82051915065675,2.14839375366376e-05,0.0394963813441704,0.554274862529664,"gonad"
"5-88643331","ENSSSAG00000103459",-8.79250934195244,2.19903848590648e-05,0.0404006505407198,-0.30192225610872,"gonad"
"5-77288316","ENSSSAG00000117317",8.78240158750368,2.21763972715681e-05,0.0406346789633108,0.598074984491427,"gonad"
"5-77288384","ENSSSAG00000117317",8.78240158750368,2.21763972715681e-05,0.0406346789633108,0.598074984491427,"gonad"
"5-77302645","ENSSSAG00000117317",-8.78240158750368,2.21763972715681e-05,0.0406346789633108,-0.598074984491427,"gonad"
"5-77360794","ENSSSAG00000117317",8.78240158750368,2.21763972715681e-05,0.0406346789633108,0.598074984491427,"gonad"
"18-58175588","ENSSSAG00000080678",-8.76328807111941,2.25329510632648e-05,0.0412607355933089,-1.28904019928135,"gonad"
"9-119663778","ENSSSAG00000058821",8.75916993243686,2.26106061626189e-05,0.0413756034139981,0.444897738747063,"gonad"
"22-63120476","ENSSSAG00000091562",8.7580853234882,2.26311080131531e-05,0.041385802801449,0.0226561728183158,"gonad"
"25-26978225","ENSSSAG00000097702",8.75183605156609,2.27496390516412e-05,0.0415477497249002,0.734616241457477,"gonad"
"25-27031605","ENSSSAG00000097702",-8.75183605156606,2.27496390516416e-05,0.0415477497249002,-0.734616241457477,"gonad"
"6-34747945","ENSSSAG00000059970",-8.74824899793272,2.28179875127031e-05,0.0416451405550393,-1.12682711961661,"gonad"
"13-22596836","ENSSSAG00000007436",8.737148052805,2.30309602240447e-05,0.0419556870789817,0.805353972407378,"gonad"
"3-17025538","ENSSSAG00000106852",8.73701419656236,2.30335417384474e-05,0.0419556870789817,0.424446348977421,"gonad"
"3-17115409","ENSSSAG00000106852",8.73701419656232,2.30335417384481e-05,0.0419556870789817,0.42444634897742,"gonad"
"12-24681467","ENSSSAG00000110007",-8.732415652382,2.31224239589019e-05,0.0420899320364797,-0.16420743404464,"gonad"
"4-40267053","ENSSSAG00000100031",-8.73027378870493,2.31639529396754e-05,0.0421378599011138,-0.246567600512396,"gonad"
"20-82501399","ENSSSAG00000085353",8.7276573427188,2.3214796419115e-05,0.0421565253461183,0.405582676929722,"gonad"
"20-82789048","ENSSSAG00000085353",-8.7276573427188,2.3214796419115e-05,0.0421565253461183,-0.405582676929722,"gonad"
"16-52814365","ENSSSAG00000119717",8.72542727653529,2.32582297665423e-05,0.0421565253461183,0.22722156428773,"gonad"
"16-52815468","ENSSSAG00000119717",8.72542727653529,2.32582297665423e-05,0.0421565253461183,0.22722156428773,"gonad"
"20-89393883","ENSSSAG00000116447",-8.72349875629323,2.32958630920976e-05,0.0421565253461183,-0.505532361326508,"gonad"
"20-89394112","ENSSSAG00000116447",8.72349875629321,2.32958630920979e-05,0.0421565253461183,0.505532361326508,"gonad"
"20-89396358","ENSSSAG00000116447",8.72349875629321,2.32958630920979e-05,0.0421565253461183,0.505532361326508,"gonad"
"20-89434009","ENSSSAG00000116447",-8.7234987562932,2.32958630920981e-05,0.0421565253461183,-0.505532361326507,"gonad"
"29-38168038","ENSSSAG00000099690",-8.72143316066308,2.33362465401294e-05,0.042202056773875,-1.26731735317458,"gonad"
"28-29395760","ENSSSAG00000061040",8.71798387274817,2.34038557549629e-05,0.0422967327387878,0.458337179142908,"gonad"
"5-62897109","ENSSSAG00000094248",8.71720558648905,2.34191410212118e-05,0.0422967842398665,0.841560261322442,"gonad"
"1-136117620","ENSSSAG00000091520",-8.70556448597709,2.36490996875033e-05,0.0426843000570029,-0.930137310167729,"gonad"
"4-86637767","ENSSSAG00000100962",-8.69120751423282,2.39361772476446e-05,0.0430064538773723,-0.642091859338557,"gonad"
"4-86637837","ENSSSAG00000100962",-8.69120751423282,2.39361772476446e-05,0.0430064538773723,-0.642091859338557,"gonad"
"4-86638534","ENSSSAG00000100962",-8.69120751423282,2.39361772476446e-05,0.0430064538773723,-0.642091859338557,"gonad"
"4-86639627","ENSSSAG00000100962",-8.69120751423282,2.39361772476446e-05,0.0430064538773723,-0.642091859338557,"gonad"
"4-86639834","ENSSSAG00000100962",-8.69120751423282,2.39361772476446e-05,0.0430064538773723,-0.642091859338557,"gonad"
"4-86639982","ENSSSAG00000100962",-8.69120751423282,2.39361772476446e-05,0.0430064538773723,-0.642091859338557,"gonad"
"4-86640007","ENSSSAG00000100962",-8.69120751423282,2.39361772476446e-05,0.0430064538773723,-0.642091859338557,"gonad"
"4-87119444","ENSSSAG00000001178",-8.68783981024938,2.40040772711579e-05,0.0431005178348911,-0.116208770452942,"gonad"
"20-18898014","ENSSSAG00000085026",-8.68613100296271,2.40386124282549e-05,0.0431089758182833,-1.36884357076729,"gonad"
"2-52398255","ENSSSAG00000052501",-8.68529950947959,2.40554369957114e-05,0.0431089758182833,-0.534890730464607,"gonad"
"2-52393361","ENSSSAG00000052501",8.68529950947958,2.40554369957116e-05,0.0431089758182833,0.534890730464607,"gonad"
"5-64539600","ENSSSAG00000101201",8.68339280160983,2.40940671410492e-05,0.0431503107642622,0.75698028379206,"gonad"
"24-6931188","ENSSSAG00000065953",-8.68081228221103,2.41464588327535e-05,0.0432162221235304,-0.832652969985083,"gonad"
"19-11407116","ENSSSAG00000083926",8.679202962791,2.41791966855961e-05,0.0432468955923754,1.03515918164577,"gonad"
"26-39219806","ENSSSAG00000092465",8.6779079791551,2.42055759928961e-05,0.043266163950232,0.355263785226081,"gonad"
"26-48890056","ENSSSAG00000011427",8.66566493652359,2.44565610333711e-05,0.0435743145199778,0.203114946534767,"gonad"
"26-48914330","ENSSSAG00000011427",-8.66566493652357,2.44565610333714e-05,0.0435743145199778,-0.203114946534767,"gonad"
"26-48931784","ENSSSAG00000011427",-8.66566493652357,2.44565610333714e-05,0.0435743145199778,-0.203114946534767,"gonad"
"26-48934504","ENSSSAG00000011427",-8.66566493652357,2.44565610333714e-05,0.0435743145199778,-0.203114946534767,"gonad"
"26-48934583","ENSSSAG00000011427",-8.66566493652357,2.44565610333714e-05,0.0435743145199778,-0.203114946534767,"gonad"
"12-67460608","ENSSSAG00000077415",8.6625936308589,2.45199771499054e-05,0.0435752844436027,0.26033850845481,"gonad"
"12-67487767","ENSSSAG00000077415",8.6625936308589,2.45199771499054e-05,0.0435752844436027,0.26033850845481,"gonad"
"12-67487953","ENSSSAG00000077415",8.6625936308589,2.45199771499054e-05,0.0435752844436027,0.26033850845481,"gonad"
"12-67490903","ENSSSAG00000077415",8.6625936308589,2.45199771499054e-05,0.0435752844436027,0.26033850845481,"gonad"
"26-50275855","ENSSSAG00000015583",-8.65592399586528,2.46583227472686e-05,0.0437930706237106,-0.170468308401271,"gonad"
"4-88698285","ENSSSAG00000119639",8.64907408879218,2.48013128449357e-05,0.0439447559428159,0.4176554363536,"gonad"
"4-88679563","ENSSSAG00000119639",-8.64907408879217,2.48013128449359e-05,0.0439447559428159,-0.4176554363536,"gonad"
"4-88826402","ENSSSAG00000119639",8.64907408879215,2.48013128449364e-05,0.0439447559428159,0.417655436353599,"gonad"
"9-39512580","ENSSSAG00000113883",-8.64759665588368,2.48322747656292e-05,0.0439447559428159,-0.377717581134524,"gonad"
"21-31240163","ENSSSAG00000086456",8.64757886434835,2.48326478772392e-05,0.0439447559428159,0.435339673748206,"gonad"
"18-25859343","ENSSSAG00000074891",-8.64728370825367,2.48388385946951e-05,0.0439447559428159,-0.37602130996441,"gonad"
"2-22136821","ENSSSAG00000115333",8.644742903429,2.48922015251057e-05,0.0440110791848819,3.21734148446669,"gonad"
"29-16269287","ENSSSAG00000110642",-8.62747820209163,2.52581993050561e-05,0.044534191506841,-1.63695094883102,"gonad"
"10-51497158","ENSSSAG00000099416",8.62493010548455,2.53127224935106e-05,0.044534191506841,1.04280172971575,"gonad"
"10-51543454","ENSSSAG00000099416",8.62493010548455,2.53127224935106e-05,0.044534191506841,1.04280172971575,"gonad"
"10-51571254","ENSSSAG00000099416",8.62493010548455,2.53127224935106e-05,0.044534191506841,1.04280172971575,"gonad"
"10-51590153","ENSSSAG00000099416",8.62493010548455,2.53127224935106e-05,0.044534191506841,1.04280172971575,"gonad"
"4-5082872","ENSSSAG00000098044",8.62325176602766,2.53487065199675e-05,0.044534191506841,0.731986821900004,"gonad"
"4-5084049","ENSSSAG00000098044",8.62325176602766,2.53487065199675e-05,0.044534191506841,0.731986821900004,"gonad"
"4-5088851","ENSSSAG00000098044",8.62325176602766,2.53487065199675e-05,0.044534191506841,0.731986821900004,"gonad"
"4-5088948","ENSSSAG00000098044",8.62325176602766,2.53487065199675e-05,0.044534191506841,0.731986821900004,"gonad"
"4-5089694","ENSSSAG00000098044",8.62325176602766,2.53487065199675e-05,0.044534191506841,0.731986821900004,"gonad"
"2-62247607","ENSSSAG00000113129",8.61673803348941,2.54889029741289e-05,0.0447521373612184,0.437908144401624,"gonad"
"1-110293897","ENSSSAG00000095658",-8.61092661548558,2.5614712215141e-05,0.044887743047213,-0.316720844086775,"gonad"
"1-110293994","ENSSSAG00000095658",-8.61092661548558,2.5614712215141e-05,0.044887743047213,-0.316720844086775,"gonad"
"1-110282352","ENSSSAG00000095658",-8.61092661548556,2.56147122151415e-05,0.044887743047213,-0.316720844086775,"gonad"
"26-48617241","ENSSSAG00000100357",-8.59588615655266,2.59435392298979e-05,0.0454352660579177,-0.180460234306545,"gonad"
"3-87103693","ENSSSAG00000115686",8.5901776939389,2.60695703325806e-05,0.0455983759309482,0.883047446485481,"gonad"
"3-87103695","ENSSSAG00000115686",8.5901776939389,2.60695703325806e-05,0.0455983759309482,0.883047446485481,"gonad"
"7-10705479","ENSSSAG00000114796",-8.58263145684719,2.62372228806307e-05,0.0457552381113519,-0.896817739342654,"gonad"
"7-10705507","ENSSSAG00000114796",-8.58263145684719,2.62372228806307e-05,0.0457552381113519,-0.896817739342654,"gonad"
"7-48083731","ENSSSAG00000082371",8.58038554098176,2.62873512211137e-05,0.0457552381113519,0.539047280790548,"gonad"
"7-48083918","ENSSSAG00000082371",8.58038554098175,2.6287351221114e-05,0.0457552381113519,0.539047280790548,"gonad"
"1-145986410","ENSSSAG00000006668",8.5802094567248,2.62912858868423e-05,0.0457552381113519,0.598831851455308,"gonad"
"1-145986772","ENSSSAG00000006668",8.5802094567248,2.62912858868423e-05,0.0457552381113519,0.598831851455308,"gonad"
"1-145986820","ENSSSAG00000006668",8.5802094567248,2.62912858868423e-05,0.0457552381113519,0.598831851455308,"gonad"
"1-145986962","ENSSSAG00000006668",8.5802094567248,2.62912858868423e-05,0.0457552381113519,0.598831851455308,"gonad"
"23-44848161","ENSSSAG00000009450",8.57460501797274,2.64168622026363e-05,0.0459449392555662,0.533460209217016,"gonad"
"13-3788923","ENSSSAG00000104261",8.57191507772852,2.6477371573813e-05,0.0460213072463056,0.616755992648709,"gonad"
"14-84807780","ENSSSAG00000054789",8.56196398440703,2.67025630559218e-05,0.0463545960765569,1.36108695198254,"gonad"
"14-84665716","ENSSSAG00000054789",8.56196398440702,2.67025630559221e-05,0.0463545960765569,1.36108695198254,"gonad"
"14-86826065","ENSSSAG00000065080",8.55511582440373,2.68587738826053e-05,0.0465576339862141,1.20778499453804,"gonad"
"6-63131694","ENSSSAG00000039793",-8.55493495743817,2.68629133351631e-05,0.0465576339862141,-0.70797956982861,"gonad"
"1-16624450","ENSSSAG00000094310",8.55462957699561,2.68699041051558e-05,0.0465576339862141,0.112497109867915,"gonad"
"7-20953155","ENSSSAG00000079625",8.55270898898262,2.691391665238e-05,0.046604766795113,0.156640844917977,"gonad"
"9-39057819","ENSSSAG00000069411",-8.54912209887257,2.69963295118235e-05,0.0467182941318252,-1.7317705736541,"gonad"
"10-117797977","ENSSSAG00000009590",8.54774795664338,2.7027976366272e-05,0.0467438819036372,1.52718990421523,"gonad"
"1-106316443","ENSSSAG00000103788",-8.54258158902362,2.71473291504258e-05,0.0468812950573393,-1.72245825335697,"gonad"
"1-106397740","ENSSSAG00000103788",8.54258158902361,2.71473291504261e-05,0.0468812950573393,1.72245825335697,"gonad"
"18-37651769","ENSSSAG00000095639",-8.54211392813231,2.71581619144362e-05,0.0468812950573393,-2.04676715794253,"gonad"
"25-49085439","ENSSSAG00000085822",-8.53868946056164,2.72376320648826e-05,0.0469892204510291,-0.0501615144089447,"gonad"
"13-34176134","ENSSSAG00000091810",-8.53211793355742,2.73908605989895e-05,0.047221431438203,-2.16924659891114,"gonad"
"26-26639713","ENSSSAG00000103962",8.53145800759315,2.74063010501526e-05,0.047221431438203,0.0232039020969104,"gonad"
"5-73463771","ENSSSAG00000005097",-8.52764566159912,2.74956892982364e-05,0.0473311639540733,-0.405583061875623,"gonad"
"14-38138213","ENSSSAG00000079589",8.52655994119121,2.75212055618096e-05,0.0473311639540733,0.110554832062004,"gonad"
"14-38211824","ENSSSAG00000079589",8.52655994119121,2.75212055618096e-05,0.0473311639540733,0.110554832062004,"gonad"
"1-134996736","ENSSSAG00000116417",-8.5251490847923,2.75544024526885e-05,0.0473588772456661,-0.399648516118531,"gonad"
"20-76061201","ENSSSAG00000093853",8.52374009873545,2.75875998183312e-05,0.0473865570116198,0.751501839836092,"gonad"
"1-143500803","ENSSSAG00000120932",-8.52123796553926,2.76466627832444e-05,0.0473999041355653,-0.122928489736455,"gonad"
"1-143544882","ENSSSAG00000120932",-8.52123796553926,2.76466627832444e-05,0.0473999041355653,-0.122928489736455,"gonad"
"1-143576656","ENSSSAG00000120932",-8.52123796553926,2.76466627832444e-05,0.0473999041355653,-0.122928489736455,"gonad"
"22-60600392","ENSSSAG00000091890",8.51894330787636,2.77009520096691e-05,0.0474178698390444,0.915231875976837,"gonad"
"22-60623857","ENSSSAG00000091890",8.51894330787636,2.77009520096691e-05,0.0474178698390444,0.915231875976837,"gonad"
"4-81838877","ENSSSAG00000088803",-8.51862663459615,2.77084534841471e-05,0.0474178698390444,-1.52548744772926,"gonad"
"4-14390028","ENSSSAG00000099769",8.51785896265195,2.77266477678293e-05,0.0474197345339534,0.063845053504236,"gonad"
"15-25070169","ENSSSAG00000040963",-8.51435185399571,2.78099376362641e-05,0.0475285258528678,-0.29830203066367,"gonad"
"1-174426626","ENSSSAG00000047804",-8.51301790429803,2.78416905010399e-05,0.0475285258528678,-0.63669476071327,"gonad"
"1-174428255","ENSSSAG00000047804",-8.51301790429803,2.78416905010399e-05,0.0475285258528678,-0.63669476071327,"gonad"
"2-79540478","ENSSSAG00000111305",8.50828802217616,2.7954604535867e-05,0.0476346366929463,0.85683933715123,"gonad"
"2-79618955","ENSSSAG00000111305",8.50828802217616,2.7954604535867e-05,0.0476346366929463,0.85683933715123,"gonad"
"15-92437165","ENSSSAG00000054267",8.50825496058834,2.79553955895652e-05,0.0476346366929463,1.44562986575546,"gonad"
"1-117461250","ENSSSAG00000113687",-8.50641812557538,2.79993840996557e-05,0.0476802853326869,-0.0759285356580417,"gonad"
"2-89539251","ENSSSAG00000119934",-8.49924472710795,2.81719119275229e-05,0.0479446337766222,-0.541368198237234,"gonad"
"12-13510283","ENSSSAG00000107285",8.48968651776952,2.84036382379625e-05,0.0483093435537499,0.812085623440859,"gonad"
"12-20250947","ENSSSAG00000094601",-8.48504049503427,2.85170404888045e-05,0.048472482122187,-0.288893688147546,"gonad"
"3-5200757","ENSSSAG00000111502",-8.4826376327049,2.85758882639496e-05,0.0485427473865853,-0.350280336188123,"gonad"
"11-22698247","ENSSSAG00000050004",8.47502448920599,2.8763233686897e-05,0.0488310758628056,1.35512868621524,"gonad"
"20-91321104","ENSSSAG00000063202",8.46707905560948,2.89602149937425e-05,0.0490154114001143,0.595482104283508,"gonad"
"20-91321914","ENSSSAG00000063202",8.46707905560948,2.89602149937425e-05,0.0490154114001143,0.595482104283508,"gonad"
"20-91322364","ENSSSAG00000063202",8.46707905560948,2.89602149937425e-05,0.0490154114001143,0.595482104283508,"gonad"
"20-91322779","ENSSSAG00000063202",8.46707905560948,2.89602149937425e-05,0.0490154114001143,0.595482104283508,"gonad"
"20-91348535","ENSSSAG00000063202",8.46707905560948,2.89602149937425e-05,0.0490154114001143,0.595482104283508,"gonad"
"4-81838877","ENSSSAG00000090322",8.45907166309003,2.91602523282813e-05,0.0493238640494276,0.666487306803146,"gonad"
"3-58766520","ENSSSAG00000040423",-8.44398378017438,2.95413631223061e-05,0.0499380351728656,-0.791869189102647,"gonad"
"8-16526445","ENSSSAG00000046631",8.44124000897285,2.96112630071568e-05,0.0499952272602729,1.34716950306431,"gonad"
"8-16588211","ENSSSAG00000046631",8.44124000897285,2.96112630071568e-05,0.0499952272602729,1.34716950306431,"gonad"
"1-113961350","ENSSSAG00000086150",189812531.248503,6.64689742203201e-64,2.94367196216048e-60,0.00994934075366803,"headkidney"
"1-147664008","ENSSSAG00000095713",-189812531.248503,6.64689742203201e-64,2.94367196216048e-60,-0.0695894934726539,"headkidney"
"1-147775570","ENSSSAG00000095713",-189812531.248503,6.64689742203201e-64,2.94367196216048e-60,-0.0695894934726539,"headkidney"
"1-150662139","ENSSSAG00000074465",-189812531.248503,6.64689742203201e-64,2.94367196216048e-60,-0.0956583010212838,"headkidney"
"1-151553050","ENSSSAG00000076766",-189812531.248503,6.64689742203201e-64,2.94367196216048e-60,-0.00965223200888475,"headkidney"
"1-151667373","ENSSSAG00000077278",-189812531.248503,6.64689742203201e-64,2.94367196216048e-60,-0.0293442161127917,"headkidney"
"1-164592183","ENSSSAG00000073854",-189812531.248503,6.64689742203201e-64,2.94367196216048e-60,-0.324249991209219,"headkidney"
"3-1917331","ENSSSAG00000086791",189812531.248503,6.64689742203201e-64,2.94367196216048e-60,0.0347858938631686,"headkidney"
"3-7709157","ENSSSAG00000083566",-189812531.248503,6.64689742203201e-64,2.94367196216048e-60,-0.0295898697201103,"headkidney"
"3-85602366","ENSSSAG00000109352",-189812531.248503,6.64689742203201e-64,2.94367196216048e-60,-0.152400864077951,"headkidney"
"3-94603083","ENSSSAG00000109711",-189812531.248503,6.64689742203201e-64,2.94367196216048e-60,-0.021648504571567,"headkidney"
"3-97209914","ENSSSAG00000094297",-189812531.248503,6.64689742203201e-64,2.94367196216048e-60,-0.0793369202026069,"headkidney"
"4-11184330","ENSSSAG00000093609",189812531.248503,6.64689742203201e-64,2.94367196216048e-60,0.891338395558497,"headkidney"
"4-77643029","ENSSSAG00000079060",189812531.248503,6.64689742203201e-64,2.94367196216048e-60,0.0408597538073643,"headkidney"
"4-77643306","ENSSSAG00000079060",189812531.248503,6.64689742203201e-64,2.94367196216048e-60,0.0408597538073643,"headkidney"
"4-77643557","ENSSSAG00000079060",189812531.248503,6.64689742203201e-64,2.94367196216048e-60,0.0408597538073643,"headkidney"
"4-77643682","ENSSSAG00000079060",189812531.248503,6.64689742203201e-64,2.94367196216048e-60,0.0408597538073643,"headkidney"
"5-75013229","ENSSSAG00000087453",-189812531.248503,6.64689742203201e-64,2.94367196216048e-60,-0.141183540121737,"headkidney"
"5-75013791","ENSSSAG00000087453",-189812531.248503,6.64689742203201e-64,2.94367196216048e-60,-0.141183540121737,"headkidney"
"5-75014207","ENSSSAG00000087453",-189812531.248503,6.64689742203201e-64,2.94367196216048e-60,-0.141183540121737,"headkidney"
"5-75014849","ENSSSAG00000087453",-189812531.248503,6.64689742203201e-64,2.94367196216048e-60,-0.141183540121737,"headkidney"
"5-75014934","ENSSSAG00000087453",-189812531.248503,6.64689742203201e-64,2.94367196216048e-60,-0.141183540121737,"headkidney"
"5-75063370","ENSSSAG00000087453",-189812531.248503,6.64689742203201e-64,2.94367196216048e-60,-0.141183540121737,"headkidney"
"6-10325459","ENSSSAG00000097948",189812531.248503,6.64689742203201e-64,2.94367196216048e-60,0.0944852942251978,"headkidney"
"6-10330058","ENSSSAG00000097948",189812531.248503,6.64689742203201e-64,2.94367196216048e-60,0.0944852942251978,"headkidney"
"6-10334847","ENSSSAG00000097948",189812531.248503,6.64689742203201e-64,2.94367196216048e-60,0.0944852942251978,"headkidney"
"6-10335393","ENSSSAG00000097948",189812531.248503,6.64689742203201e-64,2.94367196216048e-60,0.0944852942251978,"headkidney"
"6-10338421","ENSSSAG00000097948",189812531.248503,6.64689742203201e-64,2.94367196216048e-60,0.0944852942251978,"headkidney"
"6-25734872","ENSSSAG00000115653",189812531.248503,6.64689742203201e-64,2.94367196216048e-60,4.20007196057024,"headkidney"
"6-36734213","ENSSSAG00000045054",-189812531.248503,6.64689742203201e-64,2.94367196216048e-60,-0.0529605038212216,"headkidney"
"6-36734333","ENSSSAG00000045054",-189812531.248503,6.64689742203201e-64,2.94367196216048e-60,-0.0529605038212216,"headkidney"
"6-83338783","ENSSSAG00000105220",-189812531.248503,6.64689742203201e-64,2.94367196216048e-60,-0.0287681985346432,"headkidney"
"6-89085617","ENSSSAG00000106493",-189812531.248503,6.64689742203201e-64,2.94367196216048e-60,-0.0090489346186112,"headkidney"
"6-90683317","ENSSSAG00000094917",-189812531.248503,6.64689742203201e-64,2.94367196216048e-60,-0.0566005360328364,"headkidney"
"6-90683466","ENSSSAG00000094917",-189812531.248503,6.64689742203201e-64,2.94367196216048e-60,-0.0566005360328364,"headkidney"
"6-90768691","ENSSSAG00000094917",-189812531.248503,6.64689742203201e-64,2.94367196216048e-60,-0.0566005360328364,"headkidney"
"6-90768771","ENSSSAG00000094917",-189812531.248503,6.64689742203201e-64,2.94367196216048e-60,-0.0566005360328364,"headkidney"
"6-90683317","ENSSSAG00000110605",-189812531.248503,6.64689742203201e-64,2.94367196216048e-60,-0.071098519719571,"headkidney"
"6-90683466","ENSSSAG00000110605",-189812531.248503,6.64689742203201e-64,2.94367196216048e-60,-0.071098519719571,"headkidney"
"6-90768691","ENSSSAG00000110605",-189812531.248503,6.64689742203201e-64,2.94367196216048e-60,-0.071098519719571,"headkidney"
"6-90768771","ENSSSAG00000110605",-189812531.248503,6.64689742203201e-64,2.94367196216048e-60,-0.071098519719571,"headkidney"
"7-394010","ENSSSAG00000115610",-189812531.248503,6.64689742203201e-64,2.94367196216048e-60,-0.0392639814479644,"headkidney"
"7-395940","ENSSSAG00000115610",-189812531.248503,6.64689742203201e-64,2.94367196216048e-60,-0.0392639814479644,"headkidney"
"7-396180","ENSSSAG00000115610",-189812531.248503,6.64689742203201e-64,2.94367196216048e-60,-0.0392639814479644,"headkidney"
"7-396254","ENSSSAG00000115610",-189812531.248503,6.64689742203201e-64,2.94367196216048e-60,-0.0392639814479644,"headkidney"
"7-397001","ENSSSAG00000115610",-189812531.248503,6.64689742203201e-64,2.94367196216048e-60,-0.0392639814479644,"headkidney"
"7-397254","ENSSSAG00000115610",-189812531.248503,6.64689742203201e-64,2.94367196216048e-60,-0.0392639814479644,"headkidney"
"7-397437","ENSSSAG00000115610",-189812531.248503,6.64689742203201e-64,2.94367196216048e-60,-0.0392639814479644,"headkidney"
"7-397520","ENSSSAG00000115610",-189812531.248503,6.64689742203201e-64,2.94367196216048e-60,-0.0392639814479644,"headkidney"
"7-397689","ENSSSAG00000115610",-189812531.248503,6.64689742203201e-64,2.94367196216048e-60,-0.0392639814479644,"headkidney"
"7-398450","ENSSSAG00000115610",-189812531.248503,6.64689742203201e-64,2.94367196216048e-60,-0.0392639814479644,"headkidney"
"7-401598","ENSSSAG00000115610",-189812531.248503,6.64689742203201e-64,2.94367196216048e-60,-0.0392639814479644,"headkidney"
"7-401610","ENSSSAG00000115610",-189812531.248503,6.64689742203201e-64,2.94367196216048e-60,-0.0392639814479644,"headkidney"
"7-464334","ENSSSAG00000115610",-189812531.248503,6.64689742203201e-64,2.94367196216048e-60,-0.0392639814479644,"headkidney"
"7-464458","ENSSSAG00000115610",-189812531.248503,6.64689742203201e-64,2.94367196216048e-60,-0.0392639814479644,"headkidney"
"7-536047","ENSSSAG00000115610",-189812531.248503,6.64689742203201e-64,2.94367196216048e-60,-0.0196319907239822,"headkidney"
"7-578362","ENSSSAG00000115610",-189812531.248503,6.64689742203201e-64,2.94367196216048e-60,-0.0196319907239822,"headkidney"
"7-581990","ENSSSAG00000115610",-189812531.248503,6.64689742203201e-64,2.94367196216048e-60,-0.0392639814479644,"headkidney"
"7-2257253","ENSSSAG00000112206",-189812531.248503,6.64689742203201e-64,2.94367196216048e-60,-0.202308807569047,"headkidney"
"7-10702177","ENSSSAG00000056676",-189812531.248503,6.64689742203201e-64,2.94367196216048e-60,-0.0368477074934651,"headkidney"
"7-10714384","ENSSSAG00000056676",-189812531.248503,6.64689742203201e-64,2.94367196216048e-60,-0.0368477074934651,"headkidney"
"7-10714402","ENSSSAG00000056676",-189812531.248503,6.64689742203201e-64,2.94367196216048e-60,-0.0368477074934651,"headkidney"
"7-67556386","ENSSSAG00000109543",189812531.248503,6.64689742203201e-64,2.94367196216048e-60,0.195598033055704,"headkidney"
"8-19197539","ENSSSAG00000093760",-189812531.248503,6.64689742203201e-64,2.94367196216048e-60,-0.0600983657209245,"headkidney"
"9-26046502","ENSSSAG00000096856",-189812531.248503,6.64689742203201e-64,2.94367196216048e-60,-0.345154578589319,"headkidney"
"9-26049407","ENSSSAG00000096856",-189812531.248503,6.64689742203201e-64,2.94367196216048e-60,-0.345154578589319,"headkidney"
"9-26055115","ENSSSAG00000096856",-189812531.248503,6.64689742203201e-64,2.94367196216048e-60,-0.345154578589319,"headkidney"
"9-26068520","ENSSSAG00000096856",-189812531.248503,6.64689742203201e-64,2.94367196216048e-60,-0.345154578589319,"headkidney"
"9-86562914","ENSSSAG00000099761",-189812531.248503,6.64689742203201e-64,2.94367196216048e-60,-0.0939956798640739,"headkidney"
"9-89534860","ENSSSAG00000037917",-189812531.248503,6.64689742203201e-64,2.94367196216048e-60,-1.09693221146178,"headkidney"
"9-89535690","ENSSSAG00000037917",-189812531.248503,6.64689742203201e-64,2.94367196216048e-60,-1.09693221146178,"headkidney"
"9-112121386","ENSSSAG00000104692",-189812531.248503,6.64689742203201e-64,2.94367196216048e-60,-0.0571805802609383,"headkidney"
"10-38281216","ENSSSAG00000093863",-189812531.248503,6.64689742203201e-64,2.94367196216048e-60,-0.0391101301161257,"headkidney"
"11-10542923","ENSSSAG00000106107",-189812531.248503,6.64689742203201e-64,2.94367196216048e-60,-0.113991858216374,"headkidney"
"11-99098817","ENSSSAG00000004755",189812531.248503,6.64689742203201e-64,2.94367196216048e-60,0.0603224585226457,"headkidney"
"11-105352700","ENSSSAG00000106916",-189812531.248503,6.64689742203201e-64,2.94367196216048e-60,-0.0592957987854835,"headkidney"
"11-105354680","ENSSSAG00000106916",-189812531.248503,6.64689742203201e-64,2.94367196216048e-60,-0.0592957987854835,"headkidney"
"12-100995337","ENSSSAG00000082414",189812531.248503,6.64689742203201e-64,2.94367196216048e-60,0.0876912291710887,"headkidney"
"13-8613609","ENSSSAG00000100997",189812531.248503,6.64689742203201e-64,2.94367196216048e-60,0.0203436573835922,"headkidney"
"13-8613644","ENSSSAG00000100997",189812531.248503,6.64689742203201e-64,2.94367196216048e-60,0.0203436573835922,"headkidney"
"13-8614946","ENSSSAG00000100997",189812531.248503,6.64689742203201e-64,2.94367196216048e-60,0.0203436573835922,"headkidney"
"13-8615311","ENSSSAG00000100997",189812531.248503,6.64689742203201e-64,2.94367196216048e-60,0.0203436573835922,"headkidney"
"14-5766176","ENSSSAG00000071227",-189812531.248503,6.64689742203201e-64,2.94367196216048e-60,-0.0255595537614247,"headkidney"
"14-73683594","ENSSSAG00000096065",-189812531.248503,6.64689742203201e-64,2.94367196216048e-60,-0.0939565367701169,"headkidney"
"15-12761336","ENSSSAG00000104997",-189812531.248503,6.64689742203201e-64,2.94367196216048e-60,-0.0490726240533597,"headkidney"
"15-96719814","ENSSSAG00000112875",-189812531.248503,6.64689742203201e-64,2.94367196216048e-60,-0.14711398022513,"headkidney"
"17-32827997","ENSSSAG00000102830",-189812531.248503,6.64689742203201e-64,2.94367196216048e-60,-0.0226984304082053,"headkidney"
"17-35075802","ENSSSAG00000117534",-189812531.248503,6.64689742203201e-64,2.94367196216048e-60,-0.0150974576791506,"headkidney"
"17-43425645","ENSSSAG00000090189",-189812531.248503,6.64689742203201e-64,2.94367196216048e-60,-0.0216307881596078,"headkidney"
"17-81305077","ENSSSAG00000086760",-189812531.248503,6.64689742203201e-64,2.94367196216048e-60,-0.061002903200186,"headkidney"
"18-11977692","ENSSSAG00000040016",-189812531.248503,6.64689742203201e-64,2.94367196216048e-60,-0.179637123591736,"headkidney"
"18-29059482","ENSSSAG00000102246",-189812531.248503,6.64689742203201e-64,2.94367196216048e-60,-0.0950046785981286,"headkidney"
"18-29061822","ENSSSAG00000102246",-189812531.248503,6.64689742203201e-64,2.94367196216048e-60,-0.0950046785981286,"headkidney"
"18-29136890","ENSSSAG00000102246",-189812531.248503,6.64689742203201e-64,2.94367196216048e-60,-0.0950046785981286,"headkidney"
"18-29143346","ENSSSAG00000102246",-189812531.248503,6.64689742203201e-64,2.94367196216048e-60,-0.0950046785981286,"headkidney"
"18-29146066","ENSSSAG00000102246",-189812531.248503,6.64689742203201e-64,2.94367196216048e-60,-0.0950046785981286,"headkidney"
"18-29163247","ENSSSAG00000102246",-189812531.248503,6.64689742203201e-64,2.94367196216048e-60,-0.0950046785981286,"headkidney"
"18-38394473","ENSSSAG00000061255",-189812531.248503,6.64689742203201e-64,2.94367196216048e-60,-0.048888254596504,"headkidney"
"18-79649632","ENSSSAG00000121210",-189812531.248503,6.64689742203201e-64,2.94367196216048e-60,-0.0532630032367838,"headkidney"
"20-91535071","ENSSSAG00000100462",-189812531.248503,6.64689742203201e-64,2.94367196216048e-60,-0.108046006497236,"headkidney"
"20-91537320","ENSSSAG00000100462",-189812531.248503,6.64689742203201e-64,2.94367196216048e-60,-0.054023003248618,"headkidney"
"20-91550531","ENSSSAG00000100462",-189812531.248503,6.64689742203201e-64,2.94367196216048e-60,-0.054023003248618,"headkidney"
"20-91550602","ENSSSAG00000100462",-189812531.248503,6.64689742203201e-64,2.94367196216048e-60,-0.054023003248618,"headkidney"
"20-91561190","ENSSSAG00000100462",-189812531.248503,6.64689742203201e-64,2.94367196216048e-60,-0.108046006497236,"headkidney"
"20-94059797","ENSSSAG00000109919",-189812531.248503,6.64689742203201e-64,2.94367196216048e-60,-0.00933529026932946,"headkidney"
"25-16113831","ENSSSAG00000122059",189812531.248503,6.64689742203201e-64,2.94367196216048e-60,0.0279137605817781,"headkidney"
"25-54348764","ENSSSAG00000109175",189812531.248503,6.64689742203201e-64,2.94367196216048e-60,0.0483176716100202,"headkidney"
"26-32657983","ENSSSAG00000077238",189812531.248503,6.64689742203201e-64,2.94367196216048e-60,0.0316381922090055,"headkidney"
"26-52802397","ENSSSAG00000088424",-189812531.248503,6.64689742203201e-64,2.94367196216048e-60,-0.0227562086345101,"headkidney"
"26-52802641","ENSSSAG00000088424",-189812531.248503,6.64689742203201e-64,2.94367196216048e-60,-0.0227562086345101,"headkidney"
"26-52803318","ENSSSAG00000088424",-189812531.248503,6.64689742203201e-64,2.94367196216048e-60,-0.0227562086345101,"headkidney"
"27-7927597","ENSSSAG00000078304",-189812531.248503,6.64689742203201e-64,2.94367196216048e-60,-0.080630669531153,"headkidney"
"27-36958336","ENSSSAG00000117623",-189812531.248503,6.64689742203201e-64,2.94367196216048e-60,-0.0669714965511489,"headkidney"
"28-35439351","ENSSSAG00000117251",189812531.248503,6.64689742203201e-64,2.94367196216048e-60,0.0191857704124198,"headkidney"
"28-35439415","ENSSSAG00000117251",189812531.248503,6.64689742203201e-64,2.94367196216048e-60,0.0191857704124198,"headkidney"
"29-35745002","ENSSSAG00000108512",189812531.248503,6.64689742203201e-64,2.94367196216048e-60,0.0818886950975407,"headkidney"
"1-113089020","ENSSSAG00000119863",-134217728,1.0635035875251e-62,4.19399976856312e-59,-0.0746528236951594,"headkidney"
"2-1815491","ENSSSAG00000084163",-134217728,1.0635035875251e-62,4.19399976856312e-59,-0.0385050725282185,"headkidney"
"3-10433218","ENSSSAG00000004851",-134217728,1.0635035875251e-62,4.19399976856312e-59,-0.64902443203987,"headkidney"
"3-10433225","ENSSSAG00000004851",-134217728,1.0635035875251e-62,4.19399976856312e-59,-0.64902443203987,"headkidney"
"3-10433256","ENSSSAG00000004851",-134217728,1.0635035875251e-62,4.19399976856312e-59,-0.64902443203987,"headkidney"
"3-10433506","ENSSSAG00000004851",-134217728,1.0635035875251e-62,4.19399976856312e-59,-0.64902443203987,"headkidney"
"3-10433535","ENSSSAG00000004851",-134217728,1.0635035875251e-62,4.19399976856312e-59,-0.64902443203987,"headkidney"
"3-10433559","ENSSSAG00000004851",-134217728,1.0635035875251e-62,4.19399976856312e-59,-0.64902443203987,"headkidney"
"3-10434199","ENSSSAG00000004851",-134217728,1.0635035875251e-62,4.19399976856312e-59,-0.64902443203987,"headkidney"
"3-10434238","ENSSSAG00000004851",-134217728,1.0635035875251e-62,4.19399976856312e-59,-0.64902443203987,"headkidney"
"3-14125910","ENSSSAG00000088058",-134217728,1.0635035875251e-62,4.19399976856312e-59,-0.0937953967358924,"headkidney"
"3-72444915","ENSSSAG00000002739",-134217728,1.0635035875251e-62,4.19399976856312e-59,-0.610332802019657,"headkidney"
"3-72444915","ENSSSAG00000115160",-134217728,1.0635035875251e-62,4.19399976856312e-59,-0.610332802019657,"headkidney"
"5-87023355","ENSSSAG00000109630",-134217728,1.0635035875251e-62,4.19399976856312e-59,-0.0419410481461194,"headkidney"
"5-87027940","ENSSSAG00000109630",-134217728,1.0635035875251e-62,4.19399976856312e-59,-0.0419410481461194,"headkidney"
"5-87066729","ENSSSAG00000109630",-134217728,1.0635035875251e-62,4.19399976856312e-59,-0.0419410481461194,"headkidney"
"6-29411444","ENSSSAG00000090955",-134217728,1.0635035875251e-62,4.19399976856312e-59,-0.610332802019657,"headkidney"
"6-88965979","ENSSSAG00000115566",134217728,1.0635035875251e-62,4.19399976856312e-59,0.0288177510318806,"headkidney"
"7-3230666","ENSSSAG00000115340",-134217728,1.0635035875251e-62,4.19399976856312e-59,-0.0533208375320629,"headkidney"
"7-3230935","ENSSSAG00000115340",-134217728,1.0635035875251e-62,4.19399976856312e-59,-0.0533208375320629,"headkidney"
"7-3231111","ENSSSAG00000115340",-134217728,1.0635035875251e-62,4.19399976856312e-59,-0.0533208375320629,"headkidney"
"8-24872372","ENSSSAG00000081949",-134217728,1.0635035875251e-62,4.19399976856312e-59,-0.0249618446368542,"headkidney"
"9-48743112","ENSSSAG00000082585",-134217728,1.0635035875251e-62,4.19399976856312e-59,-0.379090331472852,"headkidney"
"9-48743670","ENSSSAG00000082585",-134217728,1.0635035875251e-62,4.19399976856312e-59,-0.379090331472852,"headkidney"
"9-160928699","ENSSSAG00000041351",-134217728,1.0635035875251e-62,4.19399976856312e-59,-0.0175451792157488,"headkidney"
"9-160928857","ENSSSAG00000041351",-134217728,1.0635035875251e-62,4.19399976856312e-59,-0.0175451792157488,"headkidney"
"9-160928923","ENSSSAG00000041351",-134217728,1.0635035875251e-62,4.19399976856312e-59,-0.0175451792157488,"headkidney"
"9-160929028","ENSSSAG00000041351",-134217728,1.0635035875251e-62,4.19399976856312e-59,-0.0175451792157488,"headkidney"
"10-113874048","ENSSSAG00000051829",-134217728,1.0635035875251e-62,4.19399976856312e-59,-0.0620899007119624,"headkidney"
"10-124109565","ENSSSAG00000086595",-134217728,1.0635035875251e-62,4.19399976856312e-59,-0.0246311472867843,"headkidney"
"10-124109565","ENSSSAG00000104754",-134217728,1.0635035875251e-62,4.19399976856312e-59,-0.0246311472867843,"headkidney"
"12-14861651","ENSSSAG00000119227",-134217728,1.0635035875251e-62,4.19399976856312e-59,-0.0166132328551432,"headkidney"
"12-14866223","ENSSSAG00000119227",-134217728,1.0635035875251e-62,4.19399976856312e-59,-0.0166132328551432,"headkidney"
"12-14866242","ENSSSAG00000119227",-134217728,1.0635035875251e-62,4.19399976856312e-59,-0.0166132328551432,"headkidney"
"12-14821001","ENSSSAG00000005987",-134217728,1.0635035875251e-62,4.19399976856312e-59,-0.1347039549046,"headkidney"
"13-478097","ENSSSAG00000093666",-134217728,1.0635035875251e-62,4.19399976856312e-59,-0.0176768151162347,"headkidney"
"13-107182993","ENSSSAG00000087990",-134217728,1.0635035875251e-62,4.19399976856312e-59,-0.216027089259126,"headkidney"
"13-110338717","ENSSSAG00000087039",-134217728,1.0635035875251e-62,4.19399976856312e-59,-0.0412878060132343,"headkidney"
"14-85900245","ENSSSAG00000113896",-134217728,1.0635035875251e-62,4.19399976856312e-59,-0.0490910712733005,"headkidney"
"14-85900374","ENSSSAG00000113896",-134217728,1.0635035875251e-62,4.19399976856312e-59,-0.0490910712733005,"headkidney"
"15-9232727","ENSSSAG00000108845",134217728,1.0635035875251e-62,4.19399976856312e-59,0.0849200249700411,"headkidney"
"16-51663272","ENSSSAG00000114389",-134217728,1.0635035875251e-62,4.19399976856312e-59,-0.0263057126356048,"headkidney"
"16-57755821","ENSSSAG00000015551",-134217728,1.0635035875251e-62,4.19399976856312e-59,-0.0758428235712479,"headkidney"
"16-57756665","ENSSSAG00000015551",-134217728,1.0635035875251e-62,4.19399976856312e-59,-0.0758428235712479,"headkidney"
"16-57757049","ENSSSAG00000015551",-134217728,1.0635035875251e-62,4.19399976856312e-59,-0.0758428235712479,"headkidney"
"16-57757329","ENSSSAG00000015551",-134217728,1.0635035875251e-62,4.19399976856312e-59,-0.0758428235712479,"headkidney"
"16-57757542","ENSSSAG00000015551",-134217728,1.0635035875251e-62,4.19399976856312e-59,-0.0758428235712479,"headkidney"
"16-59569582","ENSSSAG00000111723",-134217728,1.0635035875251e-62,4.19399976856312e-59,-0.0648800253183798,"headkidney"
"16-96449076","ENSSSAG00000122055",134217728,1.0635035875251e-62,4.19399976856312e-59,0.0243413313861581,"headkidney"
"16-96449490","ENSSSAG00000122055",134217728,1.0635035875251e-62,4.19399976856312e-59,0.0243413313861581,"headkidney"
"16-96449754","ENSSSAG00000122055",134217728,1.0635035875251e-62,4.19399976856312e-59,0.0243413313861581,"headkidney"
"17-15276979","ENSSSAG00000106812",-134217728,1.0635035875251e-62,4.19399976856312e-59,-0.104922964262437,"headkidney"
"18-960292","ENSSSAG00000094644",-134217728,1.0635035875251e-62,4.19399976856312e-59,-0.0403008141856678,"headkidney"
"18-80694513","ENSSSAG00000000803",-134217728,1.0635035875251e-62,4.19399976856312e-59,-0.104103882853913,"headkidney"
"19-47930274","ENSSSAG00000066344",-134217728,1.0635035875251e-62,4.19399976856312e-59,-0.124435525363342,"headkidney"
"19-78423625","ENSSSAG00000090679",-134217728,1.0635035875251e-62,4.19399976856312e-59,-0.151526382225704,"headkidney"
"19-82832103","ENSSSAG00000116156",-134217728,1.0635035875251e-62,4.19399976856312e-59,-0.0453537904039859,"headkidney"
"19-82945094","ENSSSAG00000043733",-134217728,1.0635035875251e-62,4.19399976856312e-59,-0.0365845492167031,"headkidney"
"19-82946835","ENSSSAG00000043733",-134217728,1.0635035875251e-62,4.19399976856312e-59,-0.0365845492167031,"headkidney"
"21-24667953","ENSSSAG00000088638",-134217728,1.0635035875251e-62,4.19399976856312e-59,-0.178707534073963,"headkidney"
"21-53791319","ENSSSAG00000075388",134217728,1.0635035875251e-62,4.19399976856312e-59,0.208589350898507,"headkidney"
"23-37217490","ENSSSAG00000055298",-134217728,1.0635035875251e-62,4.19399976856312e-59,-0.0332935668903826,"headkidney"
"25-38675833","ENSSSAG00000091751",-134217728,1.0635035875251e-62,4.19399976856312e-59,-0.0449255633529924,"headkidney"
"25-41606992","ENSSSAG00000101239",-134217728,1.0635035875251e-62,4.19399976856312e-59,-0.0462459780900345,"headkidney"
"26-26639713","ENSSSAG00000103118",134217728,1.0635035875251e-62,4.19399976856312e-59,0.0428180810134277,"headkidney"
"26-31037278","ENSSSAG00000107175",-134217728,1.0635035875251e-62,4.19399976856312e-59,-0.0484672548969869,"headkidney"
"26-31037330","ENSSSAG00000107175",-134217728,1.0635035875251e-62,4.19399976856312e-59,-0.0484672548969869,"headkidney"
"26-31037443","ENSSSAG00000107175",-134217728,1.0635035875251e-62,4.19399976856312e-59,-0.0484672548969869,"headkidney"
"26-31037505","ENSSSAG00000107175",-134217728,1.0635035875251e-62,4.19399976856312e-59,-0.0484672548969869,"headkidney"
"26-31038469","ENSSSAG00000107175",-134217728,1.0635035875251e-62,4.19399976856312e-59,-0.0484672548969869,"headkidney"
"26-31038474","ENSSSAG00000107175",-134217728,1.0635035875251e-62,4.19399976856312e-59,-0.0484672548969869,"headkidney"
"26-31038528","ENSSSAG00000107175",-134217728,1.0635035875251e-62,4.19399976856312e-59,-0.0484672548969869,"headkidney"
"26-31038746","ENSSSAG00000107175",-134217728,1.0635035875251e-62,4.19399976856312e-59,-0.0484672548969869,"headkidney"
"26-31119392","ENSSSAG00000107175",-134217728,1.0635035875251e-62,4.19399976856312e-59,-0.0484672548969869,"headkidney"
"26-36130130","ENSSSAG00000099119",134217728,1.0635035875251e-62,4.19399976856312e-59,0.0302896031026984,"headkidney"
"26-36130229","ENSSSAG00000099119",134217728,1.0635035875251e-62,4.19399976856312e-59,0.0302896031026984,"headkidney"
"29-40921365","ENSSSAG00000102294",-134217728,1.0635035875251e-62,4.19399976856312e-59,-0.0355450686766378,"headkidney"
"1-19387423","ENSSSAG00000056427",109588316.011887,5.38398691184588e-62,2.08757804913717e-58,0.0871826956470838,"headkidney"
"3-11437630","ENSSSAG00000118482",109588316.011887,5.38398691184588e-62,2.08757804913717e-58,0.125140789762999,"headkidney"
"9-74232298","ENSSSAG00000003001",109588316.011887,5.38398691184588e-62,2.08757804913717e-58,0.0228577595449051,"headkidney"
"9-143813823","ENSSSAG00000092826",109588316.011887,5.38398691184588e-62,2.08757804913717e-58,0.160142407805812,"headkidney"
"13-110179614","ENSSSAG00000087039",109588316.011887,5.38398691184588e-62,2.08757804913717e-58,0.0412878060132343,"headkidney"
"16-81807519","ENSSSAG00000112406",109588316.011887,5.38398691184588e-62,2.08757804913717e-58,0.085626168030537,"headkidney"
"17-82231813","ENSSSAG00000096364",-109588316.011887,5.38398691184588e-62,2.08757804913717e-58,-0.194213071636694,"headkidney"
"18-1020197","ENSSSAG00000094644",109588316.011887,5.38398691184588e-62,2.08757804913717e-58,0.0806016283713356,"headkidney"
"21-53791319","ENSSSAG00000101128",109588316.011887,5.38398691184588e-62,2.08757804913717e-58,0.036364715595158,"headkidney"
"29-25760167","ENSSSAG00000108054",109588316.011887,5.38398691184588e-62,2.08757804913717e-58,0.0825702799006389,"headkidney"
"29-33609342","ENSSSAG00000107191",-109588316.011887,5.38398691184588e-62,2.08757804913717e-58,-0.0330236664471812,"headkidney"
"29-33625396","ENSSSAG00000107191",-109588316.011887,5.38398691184588e-62,2.08757804913717e-58,-0.0330236664471812,"headkidney"
"6-90880","ENSSSAG00000110645",94906265.6242515,1.70160574004017e-61,6.57937369550883e-58,0.0530771523664004,"headkidney"
"21-51888179","ENSSSAG00000073023",94906265.6242515,1.70160574004017e-61,6.57937369550883e-58,0.0141218161174838,"headkidney"
"1-65942274","ENSSSAG00000080152",6406.80255163991,3.94536328682358e-28,1.5233767486903e-24,0.12314905603852,"headkidney"
"18-82913966","ENSSSAG00000091239",-2149.71309907553,2.45567728903109e-24,9.45547967086427e-21,-0.338804791570226,"headkidney"
"18-82914101","ENSSSAG00000091239",-2149.71309907553,2.45567728903109e-24,9.45547967086427e-21,-0.338804791570226,"headkidney"
"6-46858693","ENSSSAG00000085945",1764.59970605641,1.19136376073516e-23,4.57458767788802e-20,0.0440522894942179,"headkidney"
"6-46866815","ENSSSAG00000085945",1764.59970605641,1.19136376073516e-23,4.57458767788802e-20,0.0440522894942179,"headkidney"
"22-43836368","ENSSSAG00000065951",1253.02464048749,1.84303322815946e-22,7.06707395074702e-19,1.46113562064424,"headkidney"
"11-101181679","ENSSSAG00000120139",583.987963128157,8.27847196255469e-20,3.16560660654859e-16,0.0683830837544294,"headkidney"
"11-101181822","ENSSSAG00000120139",583.987963128157,8.27847196255469e-20,3.16560660654859e-16,0.0683830837544294,"headkidney"
"13-1577893","ENSSSAG00000041270",556.147704089999,1.22364769097755e-19,4.67266388358141e-16,0.077322025207129,"headkidney"
"12-12705323","ENSSSAG00000000426",-440.750904148657,7.86335609180025e-19,2.98627536035952e-15,-0.0289420934716831,"headkidney"
"12-12707677","ENSSSAG00000000426",-440.750904148657,7.86335609180025e-19,2.98627536035952e-15,-0.0289420934716831,"headkidney"
"12-12709718","ENSSSAG00000000426",-440.750904148657,7.86335609180025e-19,2.98627536035952e-15,-0.0289420934716831,"headkidney"
"12-12762728","ENSSSAG00000000426",-440.750904148657,7.86335609180025e-19,2.98627536035952e-15,-0.0289420934716831,"headkidney"
"5-14577696","ENSSSAG00000111817",387.651753400064,2.19584039837434e-18,8.32775925551948e-15,0.0823568786369225,"headkidney"
"1-16261364","ENSSSAG00000090250",316.696461797085,1.1064903476827e-17,4.17923062547798e-14,0.0213137308335597,"headkidney"
"1-16270114","ENSSSAG00000090250",316.696461797085,1.1064903476827e-17,4.17923062547798e-14,0.0213137308335597,"headkidney"
"1-16271440","ENSSSAG00000090250",316.696461797085,1.1064903476827e-17,4.17923062547798e-14,0.0213137308335597,"headkidney"
"9-58741758","ENSSSAG00000089265",235.911582603681,1.1668074331788e-16,4.36541711797187e-13,0.397847804768835,"headkidney"
"9-58743808","ENSSSAG00000089265",235.911582603681,1.1668074331788e-16,4.36541711797187e-13,0.397847804768835,"headkidney"
"9-58800762","ENSSSAG00000089265",235.911582603681,1.1668074331788e-16,4.36541711797187e-13,0.397847804768835,"headkidney"
"9-58820086","ENSSSAG00000089265",235.911582603681,1.1668074331788e-16,4.36541711797187e-13,0.397847804768835,"headkidney"
"9-58831082","ENSSSAG00000089265",235.911582603681,1.1668074331788e-16,4.36541711797187e-13,0.397847804768835,"headkidney"
"9-58833968","ENSSSAG00000089265",235.911582603681,1.1668074331788e-16,4.36541711797187e-13,0.397847804768835,"headkidney"
"9-58861493","ENSSSAG00000089265",235.911582603681,1.1668074331788e-16,4.36541711797187e-13,0.397847804768835,"headkidney"
"15-28170163","ENSSSAG00000098724",223.083026643013,1.82488074260726e-16,6.81828814591864e-13,0.0604314272003622,"headkidney"
"7-56101324","ENSSSAG00000110105",214.451827386959,2.50211961692718e-16,9.3235198595109e-13,0.0987268376677832,"headkidney"
"7-56101645","ENSSSAG00000110105",214.451827386959,2.50211961692718e-16,9.3235198595109e-13,0.0987268376677832,"headkidney"
"13-36639902","ENSSSAG00000113637",-212.809434904955,2.66081596041788e-16,9.88828049695621e-13,-0.0361452235718199,"headkidney"
"13-36640122","ENSSSAG00000113637",-212.809434904955,2.66081596041788e-16,9.88828049695621e-13,-0.0361452235718199,"headkidney"
"24-6739918","ENSSSAG00000092077",-143.709423847431,6.14795278561713e-15,2.2816797587948e-11,-0.0588865759282139,"headkidney"
"4-39756608","ENSSSAG00000117516",142.708407102459,6.50140944408234e-15,2.40963181052184e-11,0.107026160781443,"headkidney"
"26-51050606","ENSSSAG00000097225",139.710534857141,7.70449389705786e-15,2.85172120976456e-11,0.02873551263684,"headkidney"
"17-82219652","ENSSSAG00000116075",133.492202859126,1.10884054105085e-14,4.09876105110796e-11,0.07917135740962,"headkidney"
"1-3380995","ENSSSAG00000084748",122.160774098367,2.25385463062639e-14,8.32014188318219e-11,0.012918163814333,"headkidney"
"2-22650371","ENSSSAG00000116844",-78.6330665953908,7.62701748741602e-13,2.81178214945087e-09,-0.0533706769656976,"headkidney"
"9-23957933","ENSSSAG00000097614",77.5182238912907,8.548844358555e-13,3.14743813170099e-09,0.0419440653144059,"headkidney"
"19-84580967","ENSSSAG00000098967",-76.5982210399492,9.40455427918545e-13,3.45789370825728e-09,-0.0572009300761992,"headkidney"
"10-123984067","ENSSSAG00000103355",70.5566098723828,1.81303375052775e-12,6.65738548949251e-09,0.208527641263095,"headkidney"
"6-28334152","ENSSSAG00000110990",68.8089249928893,2.21523757285377e-12,8.12350180570387e-09,0.0299034292660538,"headkidney"
"22-35981328","ENSSSAG00000064614",63.1273225059141,4.40903469856877e-12,1.61470208148593e-08,0.03828159664564,"headkidney"
"12-72588454","ENSSSAG00000106703",-58.2008484905317,8.43519825637361e-12,3.08511144418127e-08,-0.0176957225187826,"headkidney"
"14-96073110","ENSSSAG00000055077",56.1012622060803,1.13101375767803e-11,4.12029203654373e-08,0.0317413145551808,"headkidney"
"14-96073416","ENSSSAG00000055077",56.1012622060803,1.13101375767803e-11,4.12029203654373e-08,0.0317413145551808,"headkidney"
"14-96073799","ENSSSAG00000055077",56.1012622060803,1.13101375767803e-11,4.12029203654373e-08,0.0317413145551808,"headkidney"
"6-35754700","ENSSSAG00000067422",55.7557109150064,1.18818700487178e-11,4.32289408271545e-08,0.0290299651976558,"headkidney"
"15-20714731","ENSSSAG00000119832",-53.2966474133238,1.7030276302666e-11,6.17978126595469e-08,-0.040794995756402,"headkidney"
"15-20714824","ENSSSAG00000119832",-53.2966474133238,1.7030276302666e-11,6.17978126595469e-08,-0.040794995756402,"headkidney"
"2-53847607","ENSSSAG00000007671",52.7396563851628,1.85194982632246e-11,6.71139112425978e-08,0.0549784560618425,"headkidney"
"10-123663035","ENSSSAG00000104361",47.7700551441668,4.07849972827072e-11,1.47610222887429e-07,0.00951099865565619,"headkidney"
"2-57727929","ENSSSAG00000007443",-47.1825073150249,4.50154267235775e-11,1.62708700069295e-07,-0.191262381936323,"headkidney"
"1-123124270","ENSSSAG00000081791",42.9940051472951,9.44501593387258e-11,3.40946504934076e-07,0.00785093258120596,"headkidney"
"7-25003437","ENSSSAG00000103693",-40.5931863073901,1.49286468580007e-10,5.38194026205386e-07,-0.0700164175775894,"headkidney"
"29-37428721","ENSSSAG00000044183",40.3968399699869,1.55164661115543e-10,5.54339548693032e-07,0.0195734185723542,"headkidney"
"29-37444891","ENSSSAG00000044183",40.3968399699869,1.55164661115543e-10,5.54339548693032e-07,0.0195734185723542,"headkidney"
"29-37510890","ENSSSAG00000044183",40.3968399699869,1.55164661115543e-10,5.54339548693032e-07,0.0195734185723542,"headkidney"
"29-37521165","ENSSSAG00000044183",40.3968399699869,1.55164661115543e-10,5.54339548693032e-07,0.0195734185723542,"headkidney"
"29-37528178","ENSSSAG00000044183",40.3968399699869,1.55164661115543e-10,5.54339548693032e-07,0.0195734185723542,"headkidney"
"29-37537095","ENSSSAG00000044183",40.3968399699869,1.55164661115543e-10,5.54339548693032e-07,0.0195734185723542,"headkidney"
"29-37557241","ENSSSAG00000044183",40.3968399699869,1.55164661115543e-10,5.54339548693032e-07,0.0195734185723542,"headkidney"
"6-10002091","ENSSSAG00000073375",-40.3741997966541,1.55859037014834e-10,5.56103639933458e-07,-0.239269804810846,"headkidney"
"7-26923327","ENSSSAG00000088202",38.3730473030836,2.33634021793748e-10,8.3253261440288e-07,0.0259747124922423,"headkidney"
"2-77225689","ENSSSAG00000003582",-38.1851817968725,2.42942869871347e-10,8.64592507686214e-07,-0.0476698484643451,"headkidney"
"21-42511019","ENSSSAG00000102028",37.8438770709388,2.60941702215273e-10,9.2745672866765e-07,0.0762098286094379,"headkidney"
"3-16374402","ENSSSAG00000111328",-37.3744903267405,2.88195185217656e-10,1.02301135677245e-06,-0.633526019609834,"headkidney"
"4-77579007","ENSSSAG00000114419",37.2210762134721,2.97785806226593e-10,1.05570361430993e-06,0.749406223887154,"headkidney"
"15-7038453","ENSSSAG00000015549",35.6912114243681,4.15852386039255e-10,1.47050973155079e-06,0.0707831005292474,"headkidney"
"15-7041203","ENSSSAG00000015549",35.6912114243681,4.15852386039255e-10,1.47050973155079e-06,0.0707831005292474,"headkidney"
"22-10507014","ENSSSAG00000114697",-33.1545531061547,7.47367957318833e-10,2.63942657547231e-06,-0.0505182588090092,"headkidney"
"16-75118042","ENSSSAG00000104180",-33.1175592104995,7.5402904505612e-10,2.65956308963281e-06,-1.38230376095,"headkidney"
"26-54700128","ENSSSAG00000109182",32.5699016186341,8.60873092053438e-10,3.02487127809847e-06,0.0736393217969911,"headkidney"
"26-54805040","ENSSSAG00000109182",32.5699016186336,8.60873092053539e-10,3.02487127809847e-06,0.0736393217969911,"headkidney"
"26-54806310","ENSSSAG00000109182",32.5699016186336,8.60873092053539e-10,3.02487127809847e-06,0.0736393217969911,"headkidney"
"22-58763926","ENSSSAG00000092640",30.8883424698192,1.31161204062726e-09,4.60281024934192e-06,0.026963973186225,"headkidney"
"27-43571603","ENSSSAG00000086143",30.549794229196,1.4315488090332e-09,5.01735054133779e-06,0.085374420707823,"headkidney"
"2-72115668","ENSSSAG00000042177",28.807608784322,2.28118031255521e-09,7.98507870546196e-06,1.58928305174013,"headkidney"
"1-171609412","ENSSSAG00000048226",28.3868122533179,2.56353019657316e-09,8.96210479991864e-06,0.0432293907967068,"headkidney"
"23-20190309","ENSSSAG00000040343",27.6641393121793,3.14500063093115e-09,1.0981078657618e-05,0.026360505638516,"headkidney"
"1-72753544","ENSSSAG00000082532",-27.5383932495317,3.2606275583898e-09,1.13704809287085e-05,-0.314263108327851,"headkidney"
"23-36891384","ENSSSAG00000055203",-27.042554407179,3.76551426801968e-09,1.31146286496793e-05,-0.935134395896355,"headkidney"
"23-50971171","ENSSSAG00000098188",-26.4868222129933,4.43863860753630e-09,1.54009593644498e-05,-0.457095968458981,"headkidney"
"23-50997986","ENSSSAG00000098188",-26.4868222129925,4.43863860753735e-09,1.54009593644498e-05,-0.457095968458981,"headkidney"
"23-50999398","ENSSSAG00000098188",-26.4868222129925,4.43863860753735e-09,1.54009593644498e-05,-0.457095968458981,"headkidney"
"25-15072598","ENSSSAG00000085408",26.0170205443801,5.11429529023604e-09,1.7723136434606e-05,0.0380511733095258,"headkidney"
"19-65853558","ENSSSAG00000108821",25.4222664927883,6.14140464422558e-09,2.12559228413499e-05,0.016549029614217,"headkidney"
"26-54854752","ENSSSAG00000089249",-24.654063404821,7.82823990805602e-09,2.70267204434135e-05,-0.177693310447537,"headkidney"
"26-54856129","ENSSSAG00000089249",-24.654063404821,7.82823990805602e-09,2.70267204434135e-05,-0.177693310447537,"headkidney"
"14-49959191","ENSSSAG00000119948",-24.5230862126596,8.16495184728005e-09,2.81541452609677e-05,-0.0212172838112606,"headkidney"
"26-41526310","ENSSSAG00000112266",23.7257960952127,1.06019545121256e-08,3.65119328579462e-05,0.69879033995377,"headkidney"
"26-22649545","ENSSSAG00000102883",-22.2079715160334,1.78643173736604e-08,6.09923215766042e-05,-0.0841517038419951,"headkidney"
"26-22674989","ENSSSAG00000102883",-22.2079715160334,1.78643173736604e-08,6.09923215766042e-05,-0.0841517038419951,"headkidney"
"26-22675500","ENSSSAG00000102883",-22.2079715160334,1.78643173736604e-08,6.09923215766042e-05,-0.0841517038419951,"headkidney"
"26-22679189","ENSSSAG00000102883",-22.2079715160334,1.78643173736604e-08,6.09923215766042e-05,-0.0841517038419951,"headkidney"
"26-22680750","ENSSSAG00000102883",-22.2079715160334,1.78643173736604e-08,6.09923215766042e-05,-0.0841517038419951,"headkidney"
"26-22684373","ENSSSAG00000102883",-22.2079715160334,1.78643173736604e-08,6.09923215766042e-05,-0.0841517038419951,"headkidney"
"26-22685138","ENSSSAG00000102883",-22.2079715160334,1.78643173736604e-08,6.09923215766042e-05,-0.0841517038419951,"headkidney"
"15-101433739","ENSSSAG00000086349",21.1995633260407,2.57639715753122e-08,8.78551113818128e-05,0.0122599917733824,"headkidney"
"16-72827696","ENSSSAG00000116278",-21.1443788587454,2.62981821341028e-08,8.94567030400674e-05,-0.0787412634841052,"headkidney"
"16-72827775","ENSSSAG00000116278",-21.1443788587454,2.62981821341028e-08,8.94567030400674e-05,-0.0787412634841052,"headkidney"
"26-45293694","ENSSSAG00000069709",-20.8685291443765,2.91621144914723e-08,9.90771761103295e-05,-0.166906357745961,"headkidney"
"28-20176108","ENSSSAG00000072621",20.2568778335176,3.68506562781036e-08,0.000124892595438654,0.0353899965167647,"headkidney"
"28-20191508","ENSSSAG00000072621",20.2568778335176,3.68506562781036e-08,0.000124892595438654,0.0353899965167647,"headkidney"
"11-14082815","ENSSSAG00000098768",-20.1536870180867,3.83603177949203e-08,0.000129115807737081,-0.0467436101259309,"headkidney"
"11-13999834","ENSSSAG00000098768",20.1536870180865,3.83603177949221e-08,0.000129115807737081,0.0467436101259308,"headkidney"
"11-14106838","ENSSSAG00000098768",20.1536870180865,3.83603177949221e-08,0.000129115807737081,0.0467436101259308,"headkidney"
"11-14115822","ENSSSAG00000098768",20.1536870180865,3.83603177949221e-08,0.000129115807737081,0.0467436101259308,"headkidney"
"5-75013610","ENSSSAG00000098643",20.1495173000575,3.84227634537917e-08,0.000129115807737081,0.026175744611152,"headkidney"
"5-75014820","ENSSSAG00000098643",-20.1495173000574,3.84227634537935e-08,0.000129115807737081,-0.0261757446111519,"headkidney"
"5-75014924","ENSSSAG00000098643",-20.1495173000574,3.84227634537935e-08,0.000129115807737081,-0.0261757446111519,"headkidney"
"27-43537360","ENSSSAG00000094308",20.1404798845557,3.85584998634245e-08,0.000129415069452624,0.0263728564279054,"headkidney"
"6-91477795","ENSSSAG00000086495",20.1164319920655,3.8922314310759e-08,0.000130478187074767,0.00868309120829347,"headkidney"
"15-32946537","ENSSSAG00000072056",19.8259963228881,4.3634655953641e-08,0.000146098577421862,0.10449475329045,"headkidney"
"3-78872836","ENSSSAG00000041703",-19.6744939236853,4.63447921367755e-08,0.000154985538286797,-0.194941780738583,"headkidney"
"18-37376136","ENSSSAG00000095639",18.4041828816632,7.82313718054788e-08,0.000259740240438456,0.0972784359806016,"headkidney"
"18-37566035","ENSSSAG00000095639",18.4041828816632,7.82313718054788e-08,0.000259740240438456,0.0972784359806016,"headkidney"
"18-37566117","ENSSSAG00000095639",18.4041828816632,7.82313718054788e-08,0.000259740240438456,0.0972784359806016,"headkidney"
"18-37566180","ENSSSAG00000095639",18.4041828816632,7.82313718054788e-08,0.000259740240438456,0.0972784359806016,"headkidney"
"18-37566195","ENSSSAG00000095639",18.4041828816632,7.82313718054788e-08,0.000259740240438456,0.0972784359806016,"headkidney"
"18-37573923","ENSSSAG00000095639",18.4041828816632,7.82313718054788e-08,0.000259740240438456,0.0972784359806016,"headkidney"
"19-83672289","ENSSSAG00000121477",-18.3563273830045,7.9843304934078e-08,0.000264143090363469,-0.280234224695057,"headkidney"
"19-83674220","ENSSSAG00000121477",-18.3563273830045,7.9843304934078e-08,0.000264143090363469,-0.280234224695057,"headkidney"
"19-83674774","ENSSSAG00000121477",-18.3563273830045,7.9843304934078e-08,0.000264143090363469,-0.280234224695057,"headkidney"
"14-7809293","ENSSSAG00000116659",18.0813393454225,8.98604881264369e-08,0.000296928292237279,0.0592980369842381,"headkidney"
"4-13252533","ENSSSAG00000002088",17.8598595623584,9.89594312465274e-08,0.000325442587269578,0.0228119788088503,"headkidney"
"4-13252696","ENSSSAG00000002088",17.8598595623584,9.89594312465274e-08,0.000325442587269578,0.0228119788088503,"headkidney"
"4-13264464","ENSSSAG00000002088",17.8598595623584,9.89594312465274e-08,0.000325442587269578,0.0228119788088503,"headkidney"
"4-13269973","ENSSSAG00000002088",17.8598595623584,9.89594312465274e-08,0.000325442587269578,0.0228119788088503,"headkidney"
"28-30339059","ENSSSAG00000066409",17.8517178627926,9.93130861069455e-08,0.000326057603130969,0.0171575837574943,"headkidney"
"21-28918153","ENSSSAG00000044373",17.8501428112198,9.93816659731472e-08,0.000326057603130969,0.0161113564597334,"headkidney"
"11-108696214","ENSSSAG00000090753",17.7777867612923,1.02590193341266e-07,0.000336186487134278,0.0153422828456201,"headkidney"
"29-29171643","ENSSSAG00000047055",-17.6222741687643,1.09887268189446e-07,0.000359673743013435,-0.100904018377818,"headkidney"
"6-10948448","ENSSSAG00000052860",-17.4404895444413,1.19165544954333e-07,0.000389582660468989,-0.0102950632274765,"headkidney"
"4-81092013","ENSSSAG00000014948",-17.0264196674513,1.43767685942699e-07,0.000469459746763058,-1.77339248424943,"headkidney"
"18-39410982","ENSSSAG00000112828",16.8845737187941,1.53468260895263e-07,0.000500546482658239,0.526935862058885,"headkidney"
"25-52451496","ENSSSAG00000107570",16.8014822772222,1.59490678813175e-07,0.000509401652192933,0.00584743363575213,"headkidney"
"25-52453522","ENSSSAG00000107570",16.8014822772222,1.59490678813175e-07,0.000509401652192933,0.00584743363575213,"headkidney"
"25-52454818","ENSSSAG00000107570",16.8014822772222,1.59490678813175e-07,0.000509401652192933,0.00584743363575213,"headkidney"
"25-52456058","ENSSSAG00000107570",16.8014822772222,1.59490678813175e-07,0.000509401652192933,0.00584743363575213,"headkidney"
"25-52456143","ENSSSAG00000107570",16.8014822772222,1.59490678813175e-07,0.000509401652192933,0.00584743363575213,"headkidney"
"25-52457784","ENSSSAG00000107570",16.8014822772222,1.59490678813175e-07,0.000509401652192933,0.00584743363575213,"headkidney"
"25-52457839","ENSSSAG00000107570",16.8014822772222,1.59490678813175e-07,0.000509401652192933,0.00584743363575213,"headkidney"
"25-52458804","ENSSSAG00000107570",16.8014822772222,1.59490678813175e-07,0.000509401652192933,0.00584743363575213,"headkidney"
"25-52458888","ENSSSAG00000107570",16.8014822772222,1.59490678813175e-07,0.000509401652192933,0.00584743363575213,"headkidney"
"25-52459401","ENSSSAG00000107570",16.8014822772222,1.59490678813175e-07,0.000509401652192933,0.00584743363575213,"headkidney"
"25-52459885","ENSSSAG00000107570",16.8014822772222,1.59490678813175e-07,0.000509401652192933,0.00584743363575213,"headkidney"
"25-52461202","ENSSSAG00000107570",16.8014822772222,1.59490678813175e-07,0.000509401652192933,0.00584743363575213,"headkidney"
"25-52522246","ENSSSAG00000107570",-16.8014822772222,1.59490678813175e-07,0.000509401652192933,-0.0116948672715043,"headkidney"
"25-52537804","ENSSSAG00000107570",16.8014822772222,1.59490678813175e-07,0.000509401652192933,0.0116948672715043,"headkidney"
"25-52538107","ENSSSAG00000107570",16.8014822772222,1.59490678813175e-07,0.000509401652192933,0.0116948672715043,"headkidney"
"25-52538338","ENSSSAG00000107570",16.8014822772222,1.59490678813175e-07,0.000509401652192933,0.0116948672715043,"headkidney"
"25-52592344","ENSSSAG00000107570",-16.8014822772222,1.59490678813175e-07,0.000509401652192933,-0.0116948672715043,"headkidney"
"25-52451149","ENSSSAG00000107570",-16.8014822772221,1.59490678813181e-07,0.000509401652192933,-0.00584743363575212,"headkidney"
"12-22277132","ENSSSAG00000007161",16.7860898890597,1.60635173353134e-07,0.000512466685278388,0.0149535255959777,"headkidney"
"7-53225368","ENSSSAG00000081982",-16.6946158014288,1.67629755688135e-07,0.000533553195128738,-0.155952612090737,"headkidney"
"7-53226987","ENSSSAG00000081982",-16.6946158014288,1.67629755688135e-07,0.000533553195128738,-0.155952612090737,"headkidney"
"1-3999176","ENSSSAG00000000069",16.6458123939239,1.71500858353617e-07,0.000544624058578034,0.0200315668260435,"headkidney"
"1-4000186","ENSSSAG00000000069",16.6458123939239,1.71500858353617e-07,0.000544624058578034,0.0200315668260435,"headkidney"
"5-13107573","ENSSSAG00000109347",16.5910265960414,1.75966437697519e-07,0.000557527838006314,0.0552399306078345,"headkidney"
"5-13107574","ENSSSAG00000109347",16.5910265960414,1.75966437697519e-07,0.000557527838006314,0.0552399306078345,"headkidney"
"19-87226325","ENSSSAG00000116575",-16.0382129472087,2.29125383786146e-07,0.000724299824522763,-0.151583531081222,"headkidney"
"19-87226443","ENSSSAG00000116575",-16.0382129472087,2.29125383786146e-07,0.000724299824522763,-0.151583531081222,"headkidney"
"19-86853073","ENSSSAG00000097262",15.8685199283622,2.48894581530673e-07,0.00078589711426008,0.0829853693038402,"headkidney"
"17-59685205","ENSSSAG00000103335",-15.5600176408097,2.89933499316529e-07,0.000914438052590095,-0.162756569542636,"headkidney"
"16-90004881","ENSSSAG00000121144",15.1182305565757,3.6258274512982e-07,0.00114227120366251,0.332834342118564,"headkidney"
"27-14529102","ENSSSAG00000097730",14.9961792633843,3.86105017557554e-07,0.00121361693562394,0.50506086199743,"headkidney"
"27-14635728","ENSSSAG00000097730",14.9961792633843,3.86105017557554e-07,0.00121361693562394,0.50506086199743,"headkidney"
"5-13108206","ENSSSAG00000109347",14.8770919134974,4.10716850023478e-07,0.00128805682591486,0.0881243078967245,"headkidney"
"5-13108521","ENSSSAG00000109347",14.8770919134974,4.10716850023478e-07,0.00128805682591486,0.0881243078967245,"headkidney"
"5-77478101","ENSSSAG00000048764",-14.8671410230845,4.12851745937092e-07,0.00129182942207904,-0.0862360875174318,"headkidney"
"5-77478219","ENSSSAG00000048764",-14.8671410230845,4.12851745937092e-07,0.00129182942207904,-0.0862360875174318,"headkidney"
"3-12170008","ENSSSAG00000050207",-14.6919062653507,4.52561793058561e-07,0.00141448724147491,-0.849617482668568,"headkidney"
"28-25724463","ENSSSAG00000099101",14.5863049244832,4.78551316804458e-07,0.00149403343869953,0.0339103087570328,"headkidney"
"4-3897916","ENSSSAG00000096973",14.5766655193511,4.81005796807482e-07,0.00150000710872609,0.0179050428538821,"headkidney"
"15-100682854","ENSSSAG00000117294",-14.4441967864752,5.16205976438715e-07,0.00160256752346518,-0.034894495623677,"headkidney"
"15-100683105","ENSSSAG00000117294",-14.4441967864752,5.16205976438715e-07,0.00160256752346518,-0.034894495623677,"headkidney"
"15-100696018","ENSSSAG00000117294",-14.4441967864752,5.16205976438715e-07,0.00160256752346518,-0.0697889912473539,"headkidney"
"15-100736388","ENSSSAG00000117294",14.4441967864751,5.16205976438728e-07,0.00160256752346518,0.0697889912473539,"headkidney"
"3-57401855","ENSSSAG00000109719",-14.271721219964,5.6644164161515e-07,0.00175655770677549,-0.0692695535597813,"headkidney"
"18-79976661","ENSSSAG00000086050",-14.1234020310667,6.14049764878725e-07,0.00189782382454467,-0.009469499285411,"headkidney"
"18-79959607","ENSSSAG00000086050",-14.1234020310666,6.14049764878753e-07,0.00189782382454467,-0.018938998570822,"headkidney"
"18-80014978","ENSSSAG00000086050",14.1234020310666,6.14049764878759e-07,0.00189782382454467,0.018938998570822,"headkidney"
"15-106917807","ENSSSAG00000091930",14.0757848648086,6.30272537789401e-07,0.00194579380224627,0.0204799327422084,"headkidney"
"17-74397896","ENSSSAG00000051726",13.9768875094708,6.65523669956264e-07,0.00205233656329942,1.633398269315,"headkidney"
"24-46262653","ENSSSAG00000102107",13.9718902603491,6.67362659199136e-07,0.00205572094846098,0.0633666133853014,"headkidney"
"9-157334120","ENSSSAG00000101390",13.8813639638086,7.01682043562186e-07,0.0021566446542647,0.248257290796238,"headkidney"
"9-157476022","ENSSSAG00000101390",-13.8813639638086,7.01682043562202e-07,0.0021566446542647,-0.248257290796238,"headkidney"
"9-76575079","ENSSSAG00000102268",13.6534612291324,7.97181876358532e-07,0.00244204467856704,0.0150925625447801,"headkidney"
"9-76779488","ENSSSAG00000102268",13.6534612291324,7.97181876358532e-07,0.00244204467856704,0.0150925625447801,"headkidney"
"9-76779735","ENSSSAG00000102268",13.6534612291324,7.97181876358532e-07,0.00244204467856704,0.0150925625447801,"headkidney"
"4-75305125","ENSSSAG00000075742",13.5346903538696,8.52665042646863e-07,0.0026091258554262,0.110460534274848,"headkidney"
"12-90239397","ENSSSAG00000015735",13.2122996823844,1.02637742982098e-06,0.0031337620194253,0.0914294630867815,"headkidney"
"12-90243843","ENSSSAG00000015735",13.2122996823844,1.02637742982098e-06,0.0031337620194253,0.0914294630867815,"headkidney"
"22-62871568","ENSSSAG00000121382",-13.1815554395828,1.04491501276931e-06,0.00318685169684897,-0.368688524547972,"headkidney"
"28-39839988","ENSSSAG00000112035",13.0708021478627,1.11487125212881e-06,0.00338902401704278,0.127175524102357,"headkidney"
"28-39840391","ENSSSAG00000112035",13.0708021478627,1.11487125212881e-06,0.00338902401704278,0.127175524102357,"headkidney"
"28-39860667","ENSSSAG00000112035",13.0708021478627,1.11487125212881e-06,0.00338902401704278,0.127175524102357,"headkidney"
"5-89775809","ENSSSAG00000084697",12.7576804995609,1.34274919501436e-06,0.00407726454881157,0.0447265564333997,"headkidney"
"12-66717719","ENSSSAG00000067394",-12.7181459284974,1.37506063324202e-06,0.00417081014255495,-0.0267559934304035,"headkidney"
"9-152380161","ENSSSAG00000120376",-12.6643408916752,1.42044277081287e-06,0.00430375375559002,-0.122678405910091,"headkidney"
"10-98532644","ENSSSAG00000094766",12.3572523806815,1.71384979206544e-06,0.00517576849693573,0.0124154518211567,"headkidney"
"10-98538923","ENSSSAG00000094766",12.3572523806815,1.71384979206544e-06,0.00517576849693573,0.0124154518211567,"headkidney"
"10-98583579","ENSSSAG00000094766",12.3572523806815,1.71384979206544e-06,0.00517576849693573,0.0124154518211567,"headkidney"
"20-88208622","ENSSSAG00000068753",-12.0877724028886,2.02800850861672e-06,0.00611785288431433,-0.622748471918967,"headkidney"
"15-3404056","ENSSSAG00000042731",-12.0282965618596,2.10572592490445e-06,0.00634539679093959,-0.087781672584712,"headkidney"
"14-101761368","ENSSSAG00000041621",11.9363485853156,2.2325197373372e-06,0.00668388683681674,0.0253759551376073,"headkidney"
"14-101764438","ENSSSAG00000041621",11.9363485853156,2.2325197373372e-06,0.00668388683681674,0.0253759551376073,"headkidney"
"14-101765194","ENSSSAG00000041621",11.9363485853156,2.2325197373372e-06,0.00668388683681674,0.0253759551376073,"headkidney"
"14-101790619","ENSSSAG00000041621",11.9363485853156,2.2325197373372e-06,0.00668388683681674,0.0253759551376073,"headkidney"
"14-101822038","ENSSSAG00000041621",11.9363485853156,2.2325197373372e-06,0.00668388683681674,0.0253759551376073,"headkidney"
"14-101827410","ENSSSAG00000041621",11.9363485853156,2.2325197373372e-06,0.00668388683681674,0.0253759551376073,"headkidney"
"14-91647977","ENSSSAG00000091528",-11.8878490250711,2.302824916061e-06,0.00687951325077423,-0.00644076824853978,"headkidney"
"14-91648054","ENSSSAG00000091528",-11.8878490250711,2.302824916061e-06,0.00687951325077423,-0.00644076824853978,"headkidney"
"26-52652024","ENSSSAG00000101869",-11.8759193201056,2.32049555756459e-06,0.00690262323934202,-0.195208531181332,"headkidney"
"26-52652062","ENSSSAG00000101869",-11.8759193201056,2.32049555756459e-06,0.00690262323934202,-0.195208531181332,"headkidney"
"26-52652227","ENSSSAG00000101869",-11.8759193201056,2.32049555756459e-06,0.00690262323934202,-0.195208531181332,"headkidney"
"23-11822698","ENSSSAG00000111841",11.8759028968912,2.32051998845258e-06,0.00690262323934202,0.0232265233125372,"headkidney"
"21-25052549","ENSSSAG00000007316",-11.8330563714491,2.38524855841291e-06,0.00708756029013537,-1.43587816132202,"headkidney"
"17-75390321","ENSSSAG00000006509",-11.7387493712354,2.53495713657783e-06,0.00752434173821379,-0.494800712025171,"headkidney"
"14-33630527","ENSSSAG00000073788",-11.6775176217079,2.63777888838562e-06,0.00782116674637348,-0.272377214442217,"headkidney"
"4-89149815","ENSSSAG00000116690",11.5770087163554,2.81682666963053e-06,0.00832848597745059,0.129655721033277,"headkidney"
"4-89153032","ENSSSAG00000116690",11.5770087163554,2.81682666963053e-06,0.00832848597745059,0.129655721033277,"headkidney"
"27-43501250","ENSSSAG00000090991",-11.5748088193331,2.82089475413131e-06,0.00832848597745059,-0.0620472001560804,"headkidney"
"27-43501444","ENSSSAG00000090991",-11.5748088193331,2.82089475413131e-06,0.00832848597745059,-0.0620472001560804,"headkidney"
"15-68072212","ENSSSAG00000067253",-11.5156717723606,2.93275311057905e-06,0.00864033634250638,-1.29991113588536,"headkidney"
"15-68072299","ENSSSAG00000067253",-11.5156717723606,2.93275311057905e-06,0.00864033634250638,-1.29991113588536,"headkidney"
"7-53537921","ENSSSAG00000054988",11.4795168284455,3.00357998978472e-06,0.00883023532290551,0.485209342005713,"headkidney"
"7-53538400","ENSSSAG00000054988",11.4795168284455,3.00357998978472e-06,0.00883023532290551,0.485209342005713,"headkidney"
"13-67652283","ENSSSAG00000050998",-11.4632351054626,3.03609862822647e-06,0.00891638164607251,-0.725379931895587,"headkidney"
"3-101437477","ENSSSAG00000094404",11.3852238785345,3.19746923836015e-06,0.00938035629218388,0.0515125437368888,"headkidney"
"1-59699425","ENSSSAG00000092815",-11.3341143143949,3.30838581857626e-06,0.00968525232104297,-0.0366691472728738,"headkidney"
"1-59699425","ENSSSAG00000094828",-11.3341143143949,3.30838581857626e-06,0.00968525232104297,-0.0366691472728738,"headkidney"
"16-43479869","ENSSSAG00000072933",-11.2723242687556,3.44826603736236e-06,0.0100101863194709,-0.124923209528722,"headkidney"
"16-43490982","ENSSSAG00000072933",-11.2723242687556,3.44826603736236e-06,0.0100101863194709,-0.124923209528722,"headkidney"
"16-43503881","ENSSSAG00000072933",-11.2723242687556,3.44826603736236e-06,0.0100101863194709,-0.124923209528722,"headkidney"
"16-43509863","ENSSSAG00000072933",-11.2723242687556,3.44826603736236e-06,0.0100101863194709,-0.124923209528722,"headkidney"
"16-43514033","ENSSSAG00000072933",-11.2723242687556,3.44826603736236e-06,0.0100101863194709,-0.124923209528722,"headkidney"
"16-43526843","ENSSSAG00000072933",-11.2723242687556,3.44826603736236e-06,0.0100101863194709,-0.124923209528722,"headkidney"
"16-43538744","ENSSSAG00000072933",-11.2723242687556,3.44826603736236e-06,0.0100101863194709,-0.124923209528722,"headkidney"
"16-43584330","ENSSSAG00000072933",-11.2723242687556,3.44826603736236e-06,0.0100101863194709,-0.124923209528722,"headkidney"
"11-33496625","ENSSSAG00000065917",-11.2322880116406,3.54242634299779e-06,0.0102727733065447,-0.189836067200041,"headkidney"
"2-22192520","ENSSSAG00000044705",11.2142193012791,3.5858603597804e-06,0.0103878627642316,0.159141891478812,"headkidney"
"4-2523369","ENSSSAG00000089927",11.1370264051971,3.77824540922428e-06,0.0109337571159805,0.0452350574368583,"headkidney"
"28-25735999","ENSSSAG00000099101",11.1244394867154,3.81069641752116e-06,0.0110046918630105,0.0201872990296924,"headkidney"
"28-25736078","ENSSSAG00000099101",11.1244394867154,3.81069641752116e-06,0.0110046918630105,0.0201872990296924,"headkidney"
"11-108678265","ENSSSAG00000005789",11.0084202568477,4.12493431450198e-06,0.011887396074001,0.0449702931830582,"headkidney"
"11-108678273","ENSSSAG00000005789",11.0084202568477,4.12493431450198e-06,0.011887396074001,0.0449702931830582,"headkidney"
"1-1157934","ENSSSAG00000112170",10.8994595072852,4.44662977837605e-06,0.0128011637454366,0.012773308537609,"headkidney"
"24-48109356","ENSSSAG00000063352",10.812881853694,4.7222839129912e-06,0.0135806272180695,0.725920441343308,"headkidney"
"19-85094027","ENSSSAG00000121669",-10.8106055333376,4.72978471099328e-06,0.0135881029202521,-1.19799668123006,"headkidney"
"23-36891384","ENSSSAG00000055259",-10.7794286737475,4.83386815862193e-06,0.0138727462508532,-0.682052984093272,"headkidney"
"27-23363185","ENSSSAG00000078303",10.7609742163608,4.89668258170912e-06,0.0140384851345057,0.142863517382658,"headkidney"
"5-63701380","ENSSSAG00000017278",10.7464348497809,4.94681358980911e-06,0.0141675565832871,0.161028553416665,"headkidney"
"1-6214451","ENSSSAG00000055072",-10.7420837116699,4.9619273884515e-06,0.0141961766717217,-0.845901498757426,"headkidney"
"10-119616899","ENSSSAG00000040544",-10.7313354785663,4.99948330020732e-06,0.0142888789053407,-0.0898041798814084,"headkidney"
"18-79746901","ENSSSAG00000052045",10.718221769726,5.04573534988396e-06,0.0144062187814711,0.356175113892857,"headkidney"
"18-71162293","ENSSSAG00000098506",10.698340948168,5.11676959093328e-06,0.0145940007440972,0.208286015129408,"headkidney"
"7-55530532","ENSSSAG00000104674",-10.6696563111581,5.221237210512e-06,0.0148766570756233,-0.224844013610438,"headkidney"
"25-38465737","ENSSSAG00000087678",-10.6044706647081,5.46761641055158e-06,0.0155626607144231,-0.0867198209576109,"headkidney"
"8-22826210","ENSSSAG00000101442",10.5846637351141,5.54503243095261e-06,0.0157668248351491,0.679135209361938,"headkidney"
"7-1307642","ENSSSAG00000103245",10.5688944605359,5.60754308083517e-06,0.0159119286609506,0.316614121168147,"headkidney"
"7-1307843","ENSSSAG00000103245",10.5688944605359,5.60754308083517e-06,0.0159119286609506,0.316614121168147,"headkidney"
"1-162535035","ENSSSAG00000113476",-10.5243366567753,5.78847030894013e-06,0.0163917713004225,-0.00345580542855147,"headkidney"
"1-162537405","ENSSSAG00000113476",-10.5243366567753,5.78847030894013e-06,0.0163917713004225,-0.00345580542855147,"headkidney"
"19-47019351","ENSSSAG00000009180",10.5009889997836,5.88587065495576e-06,0.0164914534961162,0.0167264400636892,"headkidney"
"23-49701128","ENSSSAG00000086055",10.4959925236473,5.90695163584244e-06,0.0164914534961162,0.100233722486689,"headkidney"
"23-49701488","ENSSSAG00000086055",10.4959925236473,5.90695163584244e-06,0.0164914534961162,0.100233722486689,"headkidney"
"23-49708281","ENSSSAG00000086055",10.4959925236473,5.90695163584244e-06,0.0164914534961162,0.100233722486689,"headkidney"
"23-49711525","ENSSSAG00000086055",10.4959925236473,5.90695163584244e-06,0.0164914534961162,0.100233722486689,"headkidney"
"23-49715181","ENSSSAG00000086055",10.4959925236473,5.90695163584244e-06,0.0164914534961162,0.100233722486689,"headkidney"
"23-49733343","ENSSSAG00000086055",10.4959925236473,5.90695163584244e-06,0.0164914534961162,0.100233722486689,"headkidney"
"23-49766293","ENSSSAG00000086055",10.4959925236473,5.90695163584244e-06,0.0164914534961162,0.100233722486689,"headkidney"
"23-49794819","ENSSSAG00000086055",10.4959925236473,5.90695163584244e-06,0.0164914534961162,0.100233722486689,"headkidney"
"23-49794954","ENSSSAG00000086055",10.4959925236473,5.90695163584244e-06,0.0164914534961162,0.100233722486689,"headkidney"
"23-49797636","ENSSSAG00000086055",10.4959925236473,5.90695163584244e-06,0.0164914534961162,0.100233722486689,"headkidney"
"23-49837601","ENSSSAG00000086055",10.4959925236473,5.90695163584244e-06,0.0164914534961162,0.100233722486689,"headkidney"
"23-50088202","ENSSSAG00000086055",10.4959925236473,5.90695163584244e-06,0.0164914534961162,0.100233722486689,"headkidney"
"23-50089521","ENSSSAG00000086055",10.4959925236473,5.90695163584244e-06,0.0164914534961162,0.100233722486689,"headkidney"
"20-95636974","ENSSSAG00000092837",10.4043302063821,6.30905216642662e-06,0.0175879329684189,0.318686997660098,"headkidney"
"10-52485082","ENSSSAG00000082801",-10.4022065212365,6.31872380101541e-06,0.0175879329684189,-0.370149813605798,"headkidney"
"10-52487586","ENSSSAG00000082801",-10.4022065212365,6.31872380101541e-06,0.0175879329684189,-0.370149813605798,"headkidney"
"5-74110348","ENSSSAG00000046802",10.3745746904053,6.44608510873749e-06,0.0179244420094495,0.336670390809043,"headkidney"
"7-62533568","ENSSSAG00000101400",-10.2117606922251,7.25732041272475e-06,0.0201599998421731,-1.38355461522004,"headkidney"
"6-77665457","ENSSSAG00000043755",-10.1882413635779,7.38366627482532e-06,0.0204904425826028,-1.40140406795886,"headkidney"
"10-123920772","ENSSSAG00000119154",-10.0630088476499,8.09916254929688e-06,0.0224535432111297,-1.35369879911422,"headkidney"
"6-14315934","ENSSSAG00000121947",-10.0526060623448,8.16199476493917e-06,0.022605129655034,-0.879972436977204,"headkidney"
"12-79789413","ENSSSAG00000043153",-10.032492554418,8.28502822372728e-06,0.0228773147514518,-0.0987415571815565,"headkidney"
"12-79789570","ENSSSAG00000043153",-10.032492554418,8.28502822372728e-06,0.0228773147514518,-0.0987415571815565,"headkidney"
"12-79789632","ENSSSAG00000043153",-10.032492554418,8.28502822372728e-06,0.0228773147514518,-0.0987415571815565,"headkidney"
"15-28170163","ENSSSAG00000063986",9.98211640664979,8.60236354443437e-06,0.0236959644547699,0.120661488377769,"headkidney"
"2-79739374","ENSSSAG00000113485",9.9811474683333,8.60859874004104e-06,0.0236959644547699,1.98351653058053,"headkidney"
"11-30266141","ENSSSAG00000066947",-9.97822327904532,8.62744673630924e-06,0.0236959644547699,-2.09712355457457,"headkidney"
"16-53519273","ENSSSAG00000012191",9.97690537092964,8.63595642702773e-06,0.0236959644547699,0.330268082994903,"headkidney"
"3-100691187","ENSSSAG00000098504",9.97607332929086,8.64133371752499e-06,0.0236959644547699,0.102568606876315,"headkidney"
"3-100691478","ENSSSAG00000098504",9.97607332929086,8.64133371752499e-06,0.0236959644547699,0.102568606876315,"headkidney"
"3-100691739","ENSSSAG00000098504",9.97607332929086,8.64133371752499e-06,0.0236959644547699,0.102568606876315,"headkidney"
"16-76365291","ENSSSAG00000051695",-9.95556849669552,8.7750397674024e-06,0.0240259347404437,-0.410109232658239,"headkidney"
"14-96291430","ENSSSAG00000050802",9.95233551532294,8.79633108536194e-06,0.0240259347404437,0.205177820658066,"headkidney"
"14-96291709","ENSSSAG00000050802",9.95233551532294,8.79633108536194e-06,0.0240259347404437,0.205177820658066,"headkidney"
"14-96292554","ENSSSAG00000050802",9.95233551532294,8.79633108536194e-06,0.0240259347404437,0.205177820658066,"headkidney"
"9-46328369","ENSSSAG00000082438",9.91778268655805,9.02752135801425e-06,0.0246331291918723,0.321854364991743,"headkidney"
"11-103691932","ENSSSAG00000122093",-9.87736191948741,9.30662215621794e-06,0.0253636861437571,-0.409772386384567,"headkidney"
"20-54858053","ENSSSAG00000048383",-9.8763754719929,9.313552790576e-06,0.0253636861437571,-0.33375140189329,"headkidney"
"5-88476752","ENSSSAG00000121994",9.82293756525743,9.69774924728323e-06,0.0263840544386374,0.137342032088698,"headkidney"
"17-77213202","ENSSSAG00000094133",-9.81960212099781,9.72230970749419e-06,0.0264249423030075,-0.672540574073967,"headkidney"
"13-21074214","ENSSSAG00000120824",9.77848778307087,1.00308242421744e-05,0.0272367727134997,0.472887430480757,"headkidney"
"2-58973989","ENSSSAG00000099284",9.76760426141098,1.01143101012182e-05,0.0274365902236791,0.0852807979356032,"headkidney"
"17-24446077","ENSSSAG00000082228",-9.72783253876237,1.04260525929943e-05,0.0282545923353698,-0.515343080872939,"headkidney"
"9-99269762","ENSSSAG00000088237",-9.69608359227511,1.06826125818716e-05,0.0288933821038903,-1.41418363440732,"headkidney"
"9-99269894","ENSSSAG00000088237",-9.69608359227511,1.06826125818716e-05,0.0288933821038903,-1.41418363440732,"headkidney"
"7-47631402","ENSSSAG00000059832",9.69111808482998,1.07233716976812e-05,0.0289753551025933,0.164093880301105,"headkidney"
"23-49696506","ENSSSAG00000086055",9.66796065450857,1.09157637742883e-05,0.0292387328199121,0.0826113842294162,"headkidney"
"23-49696887","ENSSSAG00000086055",9.66796065450857,1.09157637742883e-05,0.0292387328199121,0.0826113842294162,"headkidney"
"23-49696940","ENSSSAG00000086055",9.66796065450857,1.09157637742883e-05,0.0292387328199121,0.0826113842294162,"headkidney"
"23-49697278","ENSSSAG00000086055",9.66796065450857,1.09157637742883e-05,0.0292387328199121,0.0826113842294162,"headkidney"
"23-49697611","ENSSSAG00000086055",9.66796065450857,1.09157637742883e-05,0.0292387328199121,0.0826113842294162,"headkidney"
"23-49732832","ENSSSAG00000086055",9.66796065450857,1.09157637742883e-05,0.0292387328199121,0.165222768458832,"headkidney"
"23-49781880","ENSSSAG00000086055",9.66796065450857,1.09157637742883e-05,0.0292387328199121,0.165222768458832,"headkidney"
"23-49788574","ENSSSAG00000086055",9.66796065450857,1.09157637742883e-05,0.0292387328199121,0.165222768458832,"headkidney"
"23-49794517","ENSSSAG00000086055",9.66796065450857,1.09157637742883e-05,0.0292387328199121,0.165222768458832,"headkidney"
"15-19237783","ENSSSAG00000039537",9.64672581200557,1.1095572371013e-05,0.0296630444124957,0.0732882585941665,"headkidney"
"15-19242141","ENSSSAG00000039537",9.64672581200557,1.1095572371013e-05,0.0296630444124957,0.0732882585941665,"headkidney"
"26-51224368","ENSSSAG00000102553",9.62964381389188,1.12426156571303e-05,0.0300082879365849,0.236573943591092,"headkidney"
"19-1140749","ENSSSAG00000042879",9.62921204396021,1.12463604305664e-05,0.0300082879365849,0.202073083904205,"headkidney"
"29-37445169","ENSSSAG00000044183",9.5890168765784,1.16011478046511e-05,0.0309251908578082,0.0117565793629293,"headkidney"
"12-11742883","ENSSSAG00000115296",-9.54765431341506,1.19793251243088e-05,0.0319026229035063,-1.04375381164689,"headkidney"
"2-83145835","ENSSSAG00000097560",-9.53825394651332,1.20671776760876e-05,0.0321057453162864,-0.377208682056694,"headkidney"
"2-5803607","ENSSSAG00000101005",-9.53311262917672,1.21155304593652e-05,0.0321726402709591,-0.12211978139021,"headkidney"
"2-5803937","ENSSSAG00000101005",-9.53311262917672,1.21155304593652e-05,0.0321726402709591,-0.12211978139021,"headkidney"
"20-92526002","ENSSSAG00000064598",-9.50276471092767,1.2405384891647e-05,0.0329108213313635,-0.768071780170471,"headkidney"
"17-10501272","ENSSSAG00000007504",9.49847740865389,1.24469530861358e-05,0.0329895305949655,0.132703723657941,"headkidney"
"6-9240107","ENSSSAG00000041052",-9.49650682314288,1.24661112887247e-05,0.0330087505663408,-0.406043178241124,"headkidney"
"1-6340071","ENSSSAG00000053952",-9.49163975897208,1.2513570380609e-05,0.0330712431455703,-0.0889133686161332,"headkidney"
"1-6340910","ENSSSAG00000053952",-9.49163975897208,1.2513570380609e-05,0.0330712431455703,-0.0889133686161332,"headkidney"
"19-81979648","ENSSSAG00000018217",-9.4427692563334,1.30014437089469e-05,0.0343278851773154,-0.27369384172431,"headkidney"
"15-29900873","ENSSSAG00000040909",9.43661006575796,1.30644218593026e-05,0.0344285889627176,1.03084689121727,"headkidney"
"15-29871894","ENSSSAG00000040909",9.43661006575794,1.30644218593028e-05,0.0344285889627176,1.03084689121727,"headkidney"
"7-2270641","ENSSSAG00000003217",-9.41331922924073,1.33056664217911e-05,0.0349978034966392,-0.26848853234831,"headkidney"
"7-2270936","ENSSSAG00000003217",-9.41331922924073,1.33056664217911e-05,0.0349978034966392,-0.26848853234831,"headkidney"
"17-62073763","ENSSSAG00000095127",-9.38589281509253,1.359613773938e-05,0.0357279307515427,-0.162003803646976,"headkidney"
"19-41666308","ENSSSAG00000054275",-9.38166929434345,1.36414938666586e-05,0.0358131714487309,-0.258482827569594,"headkidney"
"21-59650442","ENSSSAG00000055792",9.27202341377101,1.48801066558646e-05,0.038994344249859,0.300603466389289,"headkidney"
"1-9765493","ENSSSAG00000085698",9.27191797708386,1.48813565115651e-05,0.038994344249859,0.131231844401602,"headkidney"
"12-18017872","ENSSSAG00000008837",9.26224910607458,1.49964711582028e-05,0.0392588780826715,0.383142927762619,"headkidney"
"5-38362548","ENSSSAG00000090734",9.23142638100272,1.53701151515395e-05,0.0401990716678796,0.193375487210322,"headkidney"
"28-39075411","ENSSSAG00000118058",9.22515828857783,1.5447362294637e-05,0.0402870841607984,0.0328559606221587,"headkidney"
"28-39086422","ENSSSAG00000118058",9.22515828857783,1.5447362294637e-05,0.0402870841607984,0.0328559606221587,"headkidney"
"28-39112590","ENSSSAG00000118058",9.22515828857783,1.5447362294637e-05,0.0402870841607984,0.0328559606221587,"headkidney"
"6-88859658","ENSSSAG00000091741",9.2127930163545,1.56010224456461e-05,0.0406114243715639,0.611589669907865,"headkidney"
"6-88861487","ENSSSAG00000091741",9.2127930163545,1.56010224456461e-05,0.0406114243715639,0.611589669907865,"headkidney"
"22-35333718","ENSSSAG00000052937",-9.18019970321246,1.60142794051307e-05,0.0416480780571731,-0.249677499505195,"headkidney"
"8-22016040","ENSSSAG00000115003",-9.16805414180829,1.61713841198128e-05,0.0419778999676932,-0.139183060269797,"headkidney"
"8-22016064","ENSSSAG00000115003",-9.16805414180829,1.61713841198128e-05,0.0419778999676932,-0.139183060269797,"headkidney"
"28-20301380","ENSSSAG00000072621",9.08622971409326,1.72756645393576e-05,0.0448024563112561,0.0205742241121268,"headkidney"
"16-76259644","ENSSSAG00000049955",9.0781085651673,1.73897721730826e-05,0.0450562333633925,0.329298660550514,"headkidney"
"8-20380587","ENSSSAG00000003508",9.07667511374972,1.7410000212071e-05,0.0450665251894777,2.13765490382979,"headkidney"
"2-37533419","ENSSSAG00000053190",-9.03652424119156,1.7987378439062e-05,0.0463908556149859,-0.240768870112661,"headkidney"
"2-37533591","ENSSSAG00000053190",-9.03652424119156,1.7987378439062e-05,0.0463908556149859,-0.240768870112661,"headkidney"
"2-37583587","ENSSSAG00000053190",-9.03652424119156,1.7987378439062e-05,0.0463908556149859,-0.240768870112661,"headkidney"
"9-82373359","ENSSSAG00000091298",-9.0353023959295,1.80052802685846e-05,0.0463908556149859,-0.0497546100196394,"headkidney"
"9-82373399","ENSSSAG00000091298",-9.0353023959295,1.80052802685846e-05,0.0463908556149859,-0.0497546100196394,"headkidney"
"12-99742233","ENSSSAG00000084148",-9.0312471764014,1.80648376289777e-05,0.0465010893585015,-0.779818810611917,"headkidney"
"11-32915404","ENSSSAG00000073833",-9.02588148098495,1.81439790597522e-05,0.0466614836018032,-0.0782184004124833,"headkidney"
"15-100717620","ENSSSAG00000098441",8.97931166969075,1.88473218016279e-05,0.0484253723846018,0.63070072269319,"headkidney"
"10-45553036","ENSSSAG00000093136",-8.95457461213369,1.92332413994187e-05,0.0493711786070453,-0.215921837675792,"headkidney"
"28-32455260","ENSSSAG00000086378",8.95215929803012,1.92713917018423e-05,0.0493776692101449,0.613033885071354,"headkidney"
"28-32476735","ENSSSAG00000086378",8.95215929803012,1.92713917018423e-05,0.0493776692101449,0.613033885071354,"headkidney"
"1-16730860","ENSSSAG00000084972",189812531.248503,6.64689742203201e-64,2.610111399876e-60,0.076435903275375,"liver"
"1-16730860","ENSSSAG00000087038",189812531.248503,6.64689742203201e-64,2.610111399876e-60,0.076435903275375,"liver"
"1-110292308","ENSSSAG00000121290",189812531.248503,6.64689742203201e-64,2.610111399876e-60,0.062578476504483,"liver"
"1-110292415","ENSSSAG00000121290",189812531.248503,6.64689742203201e-64,2.610111399876e-60,0.062578476504483,"liver"
"1-132043772","ENSSSAG00000000163",-189812531.248503,6.64689742203201e-64,2.610111399876e-60,-0.0227218915067723,"liver"
"1-132051408","ENSSSAG00000000163",-189812531.248503,6.64689742203201e-64,2.610111399876e-60,-0.0227218915067723,"liver"
"1-174424983","ENSSSAG00000116284",-189812531.248503,6.64689742203201e-64,2.610111399876e-60,-0.223305138258336,"liver"
"2-22184424","ENSSSAG00000042448",-189812531.248503,6.64689742203201e-64,2.610111399876e-60,-1.60595525501677,"liver"
"2-26773291","ENSSSAG00000056721",-189812531.248503,6.64689742203201e-64,2.610111399876e-60,-0.0845212792680415,"liver"
"2-94321861","ENSSSAG00000082896",-189812531.248503,6.64689742203201e-64,2.610111399876e-60,-0.256824331955093,"liver"
"2-94321911","ENSSSAG00000082896",-189812531.248503,6.64689742203201e-64,2.610111399876e-60,-0.256824331955093,"liver"
"2-94322005","ENSSSAG00000082896",-189812531.248503,6.64689742203201e-64,2.610111399876e-60,-0.256824331955093,"liver"
"2-94322655","ENSSSAG00000082896",-189812531.248503,6.64689742203201e-64,2.610111399876e-60,-0.256824331955093,"liver"
"3-16253374","ENSSSAG00000003148",189812531.248503,6.64689742203201e-64,2.610111399876e-60,0.0568707613608298,"liver"
"3-25564074","ENSSSAG00000082869",-189812531.248503,6.64689742203201e-64,2.610111399876e-60,-0.0105484437096537,"liver"
"3-25564084","ENSSSAG00000082869",-189812531.248503,6.64689742203201e-64,2.610111399876e-60,-0.0105484437096537,"liver"
"3-25564074","ENSSSAG00000117912",-189812531.248503,6.64689742203201e-64,2.610111399876e-60,-0.0105484437096537,"liver"
"3-25564084","ENSSSAG00000117912",-189812531.248503,6.64689742203201e-64,2.610111399876e-60,-0.0105484437096537,"liver"
"3-85913284","ENSSSAG00000103058",-189812531.248503,6.64689742203201e-64,2.610111399876e-60,-0.0581424850385747,"liver"
"3-85913467","ENSSSAG00000103058",-189812531.248503,6.64689742203201e-64,2.610111399876e-60,-0.0581424850385747,"liver"
"3-85913541","ENSSSAG00000103058",-189812531.248503,6.64689742203201e-64,2.610111399876e-60,-0.0581424850385747,"liver"
"3-96042361","ENSSSAG00000087081",189812531.248503,6.64689742203201e-64,2.610111399876e-60,0.0475770476887104,"liver"
"4-84166267","ENSSSAG00000119288",-189812531.248503,6.64689742203201e-64,2.610111399876e-60,-0.0462608751455922,"liver"
"4-84166386","ENSSSAG00000119288",-189812531.248503,6.64689742203201e-64,2.610111399876e-60,-0.0462608751455922,"liver"
"4-84166515","ENSSSAG00000119288",-189812531.248503,6.64689742203201e-64,2.610111399876e-60,-0.0462608751455922,"liver"
"4-84172494","ENSSSAG00000119288",-189812531.248503,6.64689742203201e-64,2.610111399876e-60,-0.0925217502911845,"liver"
"4-84172647","ENSSSAG00000119288",-189812531.248503,6.64689742203201e-64,2.610111399876e-60,-0.0925217502911845,"liver"
"4-84172764","ENSSSAG00000119288",-189812531.248503,6.64689742203201e-64,2.610111399876e-60,-0.0925217502911845,"liver"
"4-84172786","ENSSSAG00000119288",-189812531.248503,6.64689742203201e-64,2.610111399876e-60,-0.0925217502911845,"liver"
"4-84172919","ENSSSAG00000119288",-189812531.248503,6.64689742203201e-64,2.610111399876e-60,-0.0925217502911845,"liver"
"4-84172967","ENSSSAG00000119288",-189812531.248503,6.64689742203201e-64,2.610111399876e-60,-0.0925217502911845,"liver"
"4-84173172","ENSSSAG00000119288",-189812531.248503,6.64689742203201e-64,2.610111399876e-60,-0.0925217502911845,"liver"
"4-86609729","ENSSSAG00000083205",-189812531.248503,6.64689742203201e-64,2.610111399876e-60,-0.0463118576078776,"liver"
"4-86609896","ENSSSAG00000083205",-189812531.248503,6.64689742203201e-64,2.610111399876e-60,-0.0463118576078776,"liver"
"4-86840095","ENSSSAG00000094266",-189812531.248503,6.64689742203201e-64,2.610111399876e-60,-0.0160603395465131,"liver"
"4-88933197","ENSSSAG00000001263",-189812531.248503,6.64689742203201e-64,2.610111399876e-60,-0.170668762373161,"liver"
"5-6117893","ENSSSAG00000113081",-189812531.248503,6.64689742203201e-64,2.610111399876e-60,-0.145615213295629,"liver"
"5-77467025","ENSSSAG00000047764",-189812531.248503,6.64689742203201e-64,2.610111399876e-60,-0.0476600019671249,"liver"
"5-77947050","ENSSSAG00000114187",-189812531.248503,6.64689742203201e-64,2.610111399876e-60,-0.0523058815480881,"liver"
"5-85896293","ENSSSAG00000113197",-189812531.248503,6.64689742203201e-64,2.610111399876e-60,-0.0640024399717363,"liver"
"5-89622063","ENSSSAG00000115618",-189812531.248503,6.64689742203201e-64,2.610111399876e-60,-0.0723522889864512,"liver"
"5-91472517","ENSSSAG00000116719",-189812531.248503,6.64689742203201e-64,2.610111399876e-60,-0.0113266110676968,"liver"
"6-22297972","ENSSSAG00000119075",-189812531.248503,6.64689742203201e-64,2.610111399876e-60,-0.143822383268337,"liver"
"6-35241474","ENSSSAG00000069308",-189812531.248503,6.64689742203201e-64,2.610111399876e-60,-0.0587998991987311,"liver"
"6-35315763","ENSSSAG00000069308",-189812531.248503,6.64689742203201e-64,2.610111399876e-60,-0.0587998991987311,"liver"
"6-65645695","ENSSSAG00000098761",-189812531.248503,6.64689742203201e-64,2.610111399876e-60,-0.0926676003557538,"liver"
"7-41634738","ENSSSAG00000077338",-189812531.248503,6.64689742203201e-64,2.610111399876e-60,-0.0242095691143859,"liver"
"8-19134305","ENSSSAG00000116940",189812531.248503,6.64689742203201e-64,2.610111399876e-60,2.25106061399065,"liver"
"9-27254800","ENSSSAG00000122277",-189812531.248503,6.64689742203201e-64,2.610111399876e-60,-0.0510970251279994,"liver"
"9-74311110","ENSSSAG00000086008",189812531.248503,6.64689742203201e-64,2.610111399876e-60,0.0334744271376482,"liver"
"9-74311535","ENSSSAG00000086008",189812531.248503,6.64689742203201e-64,2.610111399876e-60,0.0334744271376482,"liver"
"10-109278291","ENSSSAG00000004865",-189812531.248503,6.64689742203201e-64,2.610111399876e-60,-0.143603250746418,"liver"
"10-124356603","ENSSSAG00000073281",-189812531.248503,6.64689742203201e-64,2.610111399876e-60,-0.0927705941484181,"liver"
"10-124364882","ENSSSAG00000073281",-189812531.248503,6.64689742203201e-64,2.610111399876e-60,-0.0927705941484181,"liver"
"10-124373742","ENSSSAG00000073281",-189812531.248503,6.64689742203201e-64,2.610111399876e-60,-0.0927705941484181,"liver"
"10-124375624","ENSSSAG00000073281",-189812531.248503,6.64689742203201e-64,2.610111399876e-60,-0.0927705941484181,"liver"
"10-124439730","ENSSSAG00000073281",189812531.248503,6.64689742203201e-64,2.610111399876e-60,0.0927705941484181,"liver"
"11-29810068","ENSSSAG00000068689",189812531.248503,6.64689742203201e-64,2.610111399876e-60,0.0230747191404522,"liver"
"11-29891365","ENSSSAG00000068689",189812531.248503,6.64689742203201e-64,2.610111399876e-60,0.0230747191404522,"liver"
"11-44688325","ENSSSAG00000069650",-189812531.248503,6.64689742203201e-64,2.610111399876e-60,-0.0281189311730925,"liver"
"11-44688531","ENSSSAG00000069650",-189812531.248503,6.64689742203201e-64,2.610111399876e-60,-0.0281189311730925,"liver"
"11-44688690","ENSSSAG00000069650",-189812531.248503,6.64689742203201e-64,2.610111399876e-60,-0.0281189311730925,"liver"
"11-44688745","ENSSSAG00000069650",-189812531.248503,6.64689742203201e-64,2.610111399876e-60,-0.0281189311730925,"liver"
"11-44688806","ENSSSAG00000069650",-189812531.248503,6.64689742203201e-64,2.610111399876e-60,-0.0281189311730925,"liver"
"11-44688961","ENSSSAG00000069650",-189812531.248503,6.64689742203201e-64,2.610111399876e-60,-0.0281189311730925,"liver"
"11-44689230","ENSSSAG00000069650",-189812531.248503,6.64689742203201e-64,2.610111399876e-60,-0.0281189311730925,"liver"
"11-44689393","ENSSSAG00000069650",-189812531.248503,6.64689742203201e-64,2.610111399876e-60,-0.0281189311730925,"liver"
"11-49063965","ENSSSAG00000119946",-189812531.248503,6.64689742203201e-64,2.610111399876e-60,-0.252981926122187,"liver"
"11-91916299","ENSSSAG00000113555",-189812531.248503,6.64689742203201e-64,2.610111399876e-60,-0.0617580968379044,"liver"
"11-107091850","ENSSSAG00000092799",-189812531.248503,6.64689742203201e-64,2.610111399876e-60,-1.0469168081514,"liver"
"11-107094903","ENSSSAG00000092799",-189812531.248503,6.64689742203201e-64,2.610111399876e-60,-1.0469168081514,"liver"
"11-111405128","ENSSSAG00000102291",189812531.248503,6.64689742203201e-64,2.610111399876e-60,0.124485854822642,"liver"
"12-60211699","ENSSSAG00000102571",-189812531.248503,6.64689742203201e-64,2.610111399876e-60,-0.0284990175671246,"liver"
"12-70915844","ENSSSAG00000111689",-189812531.248503,6.64689742203201e-64,2.610111399876e-60,-0.0358909559144375,"liver"
"12-92395225","ENSSSAG00000110532",-189812531.248503,6.64689742203201e-64,2.610111399876e-60,-0.00920648991564397,"liver"
"12-92398356","ENSSSAG00000110532",-189812531.248503,6.64689742203201e-64,2.610111399876e-60,-0.00920648991564397,"liver"
"12-92399922","ENSSSAG00000110532",-189812531.248503,6.64689742203201e-64,2.610111399876e-60,-0.00920648991564397,"liver"
"12-92413693","ENSSSAG00000110532",-189812531.248503,6.64689742203201e-64,2.610111399876e-60,-0.00920648991564397,"liver"
"12-92414224","ENSSSAG00000110532",-189812531.248503,6.64689742203201e-64,2.610111399876e-60,-0.00920648991564397,"liver"
"12-92414751","ENSSSAG00000110532",-189812531.248503,6.64689742203201e-64,2.610111399876e-60,-0.00920648991564397,"liver"
"13-39654252","ENSSSAG00000121411",-189812531.248503,6.64689742203201e-64,2.610111399876e-60,-0.0776996571810148,"liver"
"13-39766685","ENSSSAG00000121411",-189812531.248503,6.64689742203201e-64,2.610111399876e-60,-0.0388498285905074,"liver"
"14-46338307","ENSSSAG00000072669",-189812531.248503,6.64689742203201e-64,2.610111399876e-60,-0.0127780123592153,"liver"
"14-46339783","ENSSSAG00000072669",-189812531.248503,6.64689742203201e-64,2.610111399876e-60,-0.0127780123592153,"liver"
"15-2851374","ENSSSAG00000086660",-189812531.248503,6.64689742203201e-64,2.610111399876e-60,-0.111813251903339,"liver"
"15-93000154","ENSSSAG00000065769",-189812531.248503,6.64689742203201e-64,2.610111399876e-60,-0.137094038857265,"liver"
"15-95803116","ENSSSAG00000009847",-189812531.248503,6.64689742203201e-64,2.610111399876e-60,-0.731068973558502,"liver"
"15-95899450","ENSSSAG00000009847",-189812531.248503,6.64689742203201e-64,2.610111399876e-60,-0.731068973558502,"liver"
"17-39186745","ENSSSAG00000114869",-189812531.248503,6.64689742203201e-64,2.610111399876e-60,-0.0158684278843382,"liver"
"17-81894339","ENSSSAG00000117187",-189812531.248503,6.64689742203201e-64,2.610111399876e-60,-0.186490585915223,"liver"
"17-81895120","ENSSSAG00000117187",-189812531.248503,6.64689742203201e-64,2.610111399876e-60,-0.186490585915223,"liver"
"17-81895561","ENSSSAG00000117187",-189812531.248503,6.64689742203201e-64,2.610111399876e-60,-0.186490585915223,"liver"
"17-81896405","ENSSSAG00000117187",-189812531.248503,6.64689742203201e-64,2.610111399876e-60,-0.186490585915223,"liver"
"17-81898116","ENSSSAG00000117187",-189812531.248503,6.64689742203201e-64,2.610111399876e-60,-0.186490585915223,"liver"
"17-81898484","ENSSSAG00000117187",-189812531.248503,6.64689742203201e-64,2.610111399876e-60,-0.186490585915223,"liver"
"18-27984795","ENSSSAG00000120394",-189812531.248503,6.64689742203201e-64,2.610111399876e-60,-0.0164735626928889,"liver"
"18-79308112","ENSSSAG00000117942",-189812531.248503,6.64689742203201e-64,2.610111399876e-60,-0.230594126717132,"liver"
"18-79383611","ENSSSAG00000117942",-189812531.248503,6.64689742203201e-64,2.610111399876e-60,-0.230594126717132,"liver"
"18-79384433","ENSSSAG00000117942",-189812531.248503,6.64689742203201e-64,2.610111399876e-60,-0.230594126717132,"liver"
"18-79409856","ENSSSAG00000117942",-189812531.248503,6.64689742203201e-64,2.610111399876e-60,-0.230594126717132,"liver"
"18-79410432","ENSSSAG00000117942",-189812531.248503,6.64689742203201e-64,2.610111399876e-60,-0.230594126717132,"liver"
"18-81352601","ENSSSAG00000093143",189812531.248503,6.64689742203201e-64,2.610111399876e-60,0.172575888329344,"liver"
"19-10718705","ENSSSAG00000078910",189812531.248503,6.64689742203201e-64,2.610111399876e-60,0.0308986809021183,"liver"
"19-10773801","ENSSSAG00000078910",189812531.248503,6.64689742203201e-64,2.610111399876e-60,0.0308986809021183,"liver"
"19-12405841","ENSSSAG00000094163",-189812531.248503,6.64689742203201e-64,2.610111399876e-60,-0.0256911382878591,"liver"
"19-31398821","ENSSSAG00000096910",-189812531.248503,6.64689742203201e-64,2.610111399876e-60,-0.0820830862232307,"liver"
"19-41670312","ENSSSAG00000054275",-189812531.248503,6.64689742203201e-64,2.610111399876e-60,-0.119682563743382,"liver"
"19-41715714","ENSSSAG00000054275",-189812531.248503,6.64689742203201e-64,2.610111399876e-60,-0.119682563743382,"liver"
"20-51460493","ENSSSAG00000093495",-189812531.248503,6.64689742203201e-64,2.610111399876e-60,-0.0427059787070209,"liver"
"20-51496820","ENSSSAG00000093495",-189812531.248503,6.64689742203201e-64,2.610111399876e-60,-0.0427059787070209,"liver"
"20-51460493","ENSSSAG00000114634",-189812531.248503,6.64689742203201e-64,2.610111399876e-60,-0.17862640478771,"liver"
"20-51496820","ENSSSAG00000114634",-189812531.248503,6.64689742203201e-64,2.610111399876e-60,-0.17862640478771,"liver"
"20-57011223","ENSSSAG00000076030",-189812531.248503,6.64689742203201e-64,2.610111399876e-60,-0.0422823676561304,"liver"
"20-57062465","ENSSSAG00000076030",-189812531.248503,6.64689742203201e-64,2.610111399876e-60,-0.0422823676561304,"liver"
"20-57084651","ENSSSAG00000076030",-189812531.248503,6.64689742203201e-64,2.610111399876e-60,-0.0422823676561304,"liver"
"20-70043449","ENSSSAG00000084923",189812531.248503,6.64689742203201e-64,2.610111399876e-60,0.0555141739291871,"liver"
"20-87875189","ENSSSAG00000068787",189812531.248503,6.64689742203201e-64,2.610111399876e-60,0.0522489376150691,"liver"
"20-91513154","ENSSSAG00000100462",-189812531.248503,6.64689742203201e-64,2.610111399876e-60,-0.0681538529426434,"liver"
"21-57237092","ENSSSAG00000095265",-189812531.248503,6.64689742203201e-64,2.610111399876e-60,-0.444042024325074,"liver"
"21-58229277","ENSSSAG00000093489",189812531.248503,6.64689742203201e-64,2.610111399876e-60,0.062578476504483,"liver"
"21-58512029","ENSSSAG00000088521",-189812531.248503,6.64689742203201e-64,2.610111399876e-60,-0.0263059446164432,"liver"
"21-58512265","ENSSSAG00000088521",-189812531.248503,6.64689742203201e-64,2.610111399876e-60,-0.0263059446164432,"liver"
"21-58513755","ENSSSAG00000088521",-189812531.248503,6.64689742203201e-64,2.610111399876e-60,-0.0263059446164432,"liver"
"22-43864444","ENSSSAG00000065963",189812531.248503,6.64689742203201e-64,2.610111399876e-60,0.030209076204488,"liver"
"22-50390988","ENSSSAG00000093228",-189812531.248503,6.64689742203201e-64,2.610111399876e-60,-0.0430365006904601,"liver"
"23-43787085","ENSSSAG00000041528",189812531.248503,6.64689742203201e-64,2.610111399876e-60,0.0544995488558677,"liver"
"23-43787323","ENSSSAG00000041528",189812531.248503,6.64689742203201e-64,2.610111399876e-60,0.0544995488558677,"liver"
"23-45584819","ENSSSAG00000068015",189812531.248503,6.64689742203201e-64,2.610111399876e-60,0.0397369260463226,"liver"
"24-14807208","ENSSSAG00000109140",-189812531.248503,6.64689742203201e-64,2.610111399876e-60,-0.0316178460037901,"liver"
"25-41699282","ENSSSAG00000093492",189812531.248503,6.64689742203201e-64,2.610111399876e-60,0.0347076600163657,"liver"
"25-41700352","ENSSSAG00000093492",189812531.248503,6.64689742203201e-64,2.610111399876e-60,0.0347076600163657,"liver"
"25-45105807","ENSSSAG00000044870",-189812531.248503,6.64689742203201e-64,2.610111399876e-60,-0.0160524669720041,"liver"
"26-48962556","ENSSSAG00000011427",189812531.248503,6.64689742203201e-64,2.610111399876e-60,0.128734405456851,"liver"
"26-49266887","ENSSSAG00000091964",-189812531.248503,6.64689742203201e-64,2.610111399876e-60,-0.0229730862715131,"liver"
"29-34244953","ENSSSAG00000093541",189812531.248503,6.64689742203201e-64,2.610111399876e-60,0.0302857224370479,"liver"
"29-34246947","ENSSSAG00000093541",189812531.248503,6.64689742203201e-64,2.610111399876e-60,0.0302857224370479,"liver"
"3-4009349","ENSSSAG00000118040",-134217728,1.0635035875251e-62,3.85913853049722e-59,-0.0170262276435127,"liver"
"4-84169554","ENSSSAG00000119288",-134217728,1.0635035875251e-62,3.85913853049722e-59,-0.0925217502911845,"liver"
"7-492192","ENSSSAG00000115610",-134217728,1.0635035875251e-62,3.85913853049722e-59,-0.0726182917019914,"liver"
"7-494251","ENSSSAG00000115610",-134217728,1.0635035875251e-62,3.85913853049722e-59,-0.0726182917019914,"liver"
"7-53033438","ENSSSAG00000081982",134217728,1.0635035875251e-62,3.85913853049722e-59,0.0678034977957293,"liver"
"7-53101823","ENSSSAG00000081982",-134217728,1.0635035875251e-62,3.85913853049722e-59,-0.0339017488978647,"liver"
"8-24889697","ENSSSAG00000105350",-134217728,1.0635035875251e-62,3.85913853049722e-59,-0.125382530651471,"liver"
"8-24889908","ENSSSAG00000105350",-134217728,1.0635035875251e-62,3.85913853049722e-59,-0.125382530651471,"liver"
"9-18133139","ENSSSAG00000065135",-134217728,1.0635035875251e-62,3.85913853049722e-59,-0.0514684790418229,"liver"
"9-40352380","ENSSSAG00000097840",-134217728,1.0635035875251e-62,3.85913853049722e-59,-0.0315597117077364,"liver"
"9-68493534","ENSSSAG00000113901",-134217728,1.0635035875251e-62,3.85913853049722e-59,-0.0718507837624724,"liver"
"9-92481587","ENSSSAG00000111270",-134217728,1.0635035875251e-62,3.85913853049722e-59,-0.158226932039879,"liver"
"9-146317416","ENSSSAG00000090537",-134217728,1.0635035875251e-62,3.85913853049722e-59,-0.0279973896964279,"liver"
"9-155827336","ENSSSAG00000106853",-134217728,1.0635035875251e-62,3.85913853049722e-59,-0.111249740082855,"liver"
"9-155827336","ENSSSAG00000116220",-134217728,1.0635035875251e-62,3.85913853049722e-59,-0.111249740082855,"liver"
"10-47555771","ENSSSAG00000099981",-134217728,1.0635035875251e-62,3.85913853049722e-59,-0.0162758272062507,"liver"
"11-49842794","ENSSSAG00000092489",-134217728,1.0635035875251e-62,3.85913853049722e-59,-0.0958018770832209,"liver"
"11-111431969","ENSSSAG00000102291",134217728,1.0635035875251e-62,3.85913853049722e-59,0.124485854822642,"liver"
"12-14861651","ENSSSAG00000119227",-134217728,1.0635035875251e-62,3.85913853049722e-59,-0.0236042156231724,"liver"
"12-14866223","ENSSSAG00000119227",-134217728,1.0635035875251e-62,3.85913853049722e-59,-0.0236042156231724,"liver"
"12-14866242","ENSSSAG00000119227",-134217728,1.0635035875251e-62,3.85913853049722e-59,-0.0236042156231724,"liver"
"13-11401574","ENSSSAG00000099227",-134217728,1.0635035875251e-62,3.85913853049722e-59,-0.0213739411553087,"liver"
"14-29512526","ENSSSAG00000118462",-134217728,1.0635035875251e-62,3.85913853049722e-59,-0.0580679445359201,"liver"
"14-30807403","ENSSSAG00000094155",-134217728,1.0635035875251e-62,3.85913853049722e-59,-0.0950601485491155,"liver"
"14-43622661","ENSSSAG00000004643",-134217728,1.0635035875251e-62,3.85913853049722e-59,-0.0149831893020115,"liver"
"14-43711061","ENSSSAG00000082218",-134217728,1.0635035875251e-62,3.85913853049722e-59,-0.0725299420045316,"liver"
"14-46436843","ENSSSAG00000072669",-134217728,1.0635035875251e-62,3.85913853049722e-59,-0.0127780123592153,"liver"
"14-83624463","ENSSSAG00000086384",-134217728,1.0635035875251e-62,3.85913853049722e-59,-0.0577348032512077,"liver"
"15-11770262","ENSSSAG00000095172",134217728,1.0635035875251e-62,3.85913853049722e-59,0.205311093958047,"liver"
"17-42446873","ENSSSAG00000092785",134217728,1.0635035875251e-62,3.85913853049722e-59,0.0580820982232626,"liver"
"17-42447060","ENSSSAG00000092785",134217728,1.0635035875251e-62,3.85913853049722e-59,0.0580820982232626,"liver"
"17-77216131","ENSSSAG00000094133",-134217728,1.0635035875251e-62,3.85913853049722e-59,-0.0193636611126118,"liver"
"18-40118872","ENSSSAG00000000165",134217728,1.0635035875251e-62,3.85913853049722e-59,0.0343550488303006,"liver"
"18-67482286","ENSSSAG00000040378",-134217728,1.0635035875251e-62,3.85913853049722e-59,-0.0943515386364943,"liver"
"18-82798069","ENSSSAG00000091239",-134217728,1.0635035875251e-62,3.85913853049722e-59,-0.200059756251704,"liver"
"19-44194887","ENSSSAG00000122178",134217728,1.0635035875251e-62,3.85913853049722e-59,0.259226269183155,"liver"
"19-44195028","ENSSSAG00000122178",134217728,1.0635035875251e-62,3.85913853049722e-59,0.259226269183155,"liver"
"19-44195122","ENSSSAG00000122178",134217728,1.0635035875251e-62,3.85913853049722e-59,0.259226269183155,"liver"
"19-44195226","ENSSSAG00000122178",134217728,1.0635035875251e-62,3.85913853049722e-59,0.259226269183155,"liver"
"19-69504329","ENSSSAG00000111879",-134217728,1.0635035875251e-62,3.85913853049722e-59,-0.0527679565386498,"liver"
"19-86999828","ENSSSAG00000104721",134217728,1.0635035875251e-62,3.85913853049722e-59,0.226605551669387,"liver"
"19-87000054","ENSSSAG00000104721",134217728,1.0635035875251e-62,3.85913853049722e-59,0.226605551669387,"liver"
"19-87000789","ENSSSAG00000104721",134217728,1.0635035875251e-62,3.85913853049722e-59,0.226605551669387,"liver"
"19-87015177","ENSSSAG00000104721",134217728,1.0635035875251e-62,3.85913853049722e-59,0.226605551669387,"liver"
"19-87015502","ENSSSAG00000104721",134217728,1.0635035875251e-62,3.85913853049722e-59,0.226605551669387,"liver"
"19-87015817","ENSSSAG00000104721",134217728,1.0635035875251e-62,3.85913853049722e-59,0.226605551669387,"liver"
"19-87015931","ENSSSAG00000104721",134217728,1.0635035875251e-62,3.85913853049722e-59,0.226605551669387,"liver"
"19-87017100","ENSSSAG00000104721",134217728,1.0635035875251e-62,3.85913853049722e-59,0.226605551669387,"liver"
"20-41438713","ENSSSAG00000099812",-134217728,1.0635035875251e-62,3.85913853049722e-59,-0.0792057421309582,"liver"
"21-56355106","ENSSSAG00000105227",-134217728,1.0635035875251e-62,3.85913853049722e-59,-0.0545317449413947,"liver"
"22-59167271","ENSSSAG00000058411",-134217728,1.0635035875251e-62,3.85913853049722e-59,-0.0707734187048424,"liver"
"22-59167430","ENSSSAG00000058411",-134217728,1.0635035875251e-62,3.85913853049722e-59,-0.0707734187048424,"liver"
"24-23758963","ENSSSAG00000081675",-134217728,1.0635035875251e-62,3.85913853049722e-59,-0.134056164018139,"liver"
"26-34755733","ENSSSAG00000094913",-134217728,1.0635035875251e-62,3.85913853049722e-59,-0.0949191942885397,"liver"
"26-34822641","ENSSSAG00000094913",134217728,1.0635035875251e-62,3.85913853049722e-59,0.0949191942885397,"liver"
"27-12465177","ENSSSAG00000104668",-134217728,1.0635035875251e-62,3.85913853049722e-59,-0.198394197114064,"liver"
"27-12465778","ENSSSAG00000104668",-134217728,1.0635035875251e-62,3.85913853049722e-59,-0.198394197114064,"liver"
"27-12531260","ENSSSAG00000104668",-134217728,1.0635035875251e-62,3.85913853049722e-59,-0.198394197114064,"liver"
"7-43571080","ENSSSAG00000119693",109588316.011887,5.38398691184588e-62,1.94604733394143e-58,0.0190081941706731,"liver"
"10-2207368","ENSSSAG00000117957",109588316.011887,5.38398691184588e-62,1.94604733394143e-58,0.0481232751817283,"liver"
"25-40217583","ENSSSAG00000067287",109588316.011887,5.38398691184588e-62,1.94604733394143e-58,0.0510789714220245,"liver"
"5-56093414","ENSSSAG00000093514",-5739.96440877956,9.5048232864823e-28,3.4310543277331e-24,-0.0717986643972598,"liver"
"10-74142366","ENSSSAG00000107551",1838.28508391344,8.5883832267608e-24,3.09620596653609e-20,0.145173341201323,"liver"
"13-35515200","ENSSSAG00000093801",843.35529312647,4.37638818641487e-21,1.57568673824095e-17,0.116195493307182,"liver"
"21-42194744","ENSSSAG00000081059",768.70112540608,9.18621742925767e-21,3.30314098306569e-17,0.108893317267846,"liver"
"2-7543858","ENSSSAG00000091631",-529.672194089801,1.80765706991273e-19,6.49147683545866e-16,-0.0855324505957802,"liver"
"14-51197550","ENSSSAG00000043252",-345.250389618981,5.54676383338552e-18,1.98932137534875e-14,-0.0583643333643445,"liver"
"24-36700647","ENSSSAG00000102082",332.436684992779,7.506427700433e-18,2.68519834846053e-14,0.0334855160243948,"liver"
"24-36692661","ENSSSAG00000102082",-332.436684992269,7.50642770052512e-18,2.68519834846053e-14,-0.0334855160243948,"liver"
"3-39071879","ENSSSAG00000073246",-268.863621471881,4.10004527861148e-17,1.45726595220611e-13,-0.0408448281012491,"liver"
"3-39072008","ENSSSAG00000073246",-268.863621471881,4.10004527861148e-17,1.45726595220611e-13,-0.0408448281012491,"liver"
"3-39073793","ENSSSAG00000073246",-268.863621471881,4.10004527861148e-17,1.45726595220611e-13,-0.0408448281012491,"liver"
"3-39076868","ENSSSAG00000073246",-268.863621471881,4.10004527861148e-17,1.45726595220611e-13,-0.0408448281012491,"liver"
"3-39083116","ENSSSAG00000073246",-268.863621471881,4.10004527861148e-17,1.45726595220611e-13,-0.0408448281012491,"liver"
"9-156097854","ENSSSAG00000117707",239.285236402535,1.04153137968152e-16,3.69714167516144e-13,0.0803041591438495,"liver"
"9-86439388","ENSSSAG00000060503",191.088393920259,6.29507690480663e-16,2.23171665734344e-12,0.0314631034722488,"liver"
"3-89639124","ENSSSAG00000092612",182.935292083735,8.92204338888306e-16,3.15898334945834e-12,0.168425511799875,"liver"
"18-44957415","ENSSSAG00000094951",-153.236838681442,3.67942522273084e-15,1.301094036774e-11,-0.305305681823597,"liver"
"15-87355039","ENSSSAG00000073542",-151.557665890129,4.01837368925651e-15,1.41914062567679e-11,-0.0130519366617818,"liver"
"14-98630829","ENSSSAG00000120467",132.568947529229,1.1721198499105e-14,4.13422627402358e-11,0.248433835373868,"liver"
"16-75118042","ENSSSAG00000104180",-123.804304094781,2.02542542298733e-14,7.13487374521605e-11,-1.62623684858558,"liver"
"17-69382970","ENSSSAG00000005842",92.3767613585087,2.10499524412794e-13,7.39637434750332e-10,0.0157260999201258,"liver"
"17-69336691","ENSSSAG00000005842",92.3767613584649,2.10499524413593e-13,7.39637434750332e-10,0.0157260999201258,"liver"
"2-30857800","ENSSSAG00000068860",89.9060171686424,2.61433547451472e-13,9.1744279135771e-10,0.0412305177959808,"liver"
"24-40792999","ENSSSAG00000072358",89.5250176886854,2.70459896283833e-13,9.47918854367463e-10,0.04523780974576,"liver"
"1-150899624","ENSSSAG00000116025",87.8681562059737,3.14012361308635e-13,1.09640500707104e-09,0.0631444934213463,"liver"
"1-150902725","ENSSSAG00000116025",87.8681562059737,3.14012361308635e-13,1.09640500707104e-09,0.0631444934213463,"liver"
"1-150916972","ENSSSAG00000116025",87.8681562059737,3.14012361308635e-13,1.09640500707104e-09,0.0631444934213463,"liver"
"19-87215756","ENSSSAG00000121424",-82.4072459275424,5.24389603112662e-13,1.81722563001377e-09,-0.126700854541238,"liver"
"19-87201815","ENSSSAG00000121424",82.407245927519,5.24389603113849e-13,1.81722563001377e-09,0.126700854541237,"liver"
"19-87213469","ENSSSAG00000121424",82.407245927519,5.24389603113849e-13,1.81722563001377e-09,0.126700854541237,"liver"
"19-87232329","ENSSSAG00000121424",82.407245927519,5.24389603113849e-13,1.81722563001377e-09,0.126700854541237,"liver"
"19-87232414","ENSSSAG00000121424",82.407245927519,5.24389603113849e-13,1.81722563001377e-09,0.126700854541237,"liver"
"19-87260402","ENSSSAG00000121424",82.407245927519,5.24389603113849e-13,1.81722563001377e-09,0.126700854541237,"liver"
"15-96445474","ENSSSAG00000010725",81.1757687894591,5.91438716010933e-13,2.04701960564279e-09,0.0285644856912619,"liver"
"27-36443011","ENSSSAG00000113777",78.7538752673286,7.5340269904296e-13,2.60109607874853e-09,0.0596383022847488,"liver"
"27-36596006","ENSSSAG00000113777",78.7538752673286,7.5340269904296e-13,2.60109607874853e-09,0.0596383022847488,"liver"
"22-30665863","ENSSSAG00000070563",76.7429758457736,9.26374565941718e-13,3.19429735574955e-09,0.0281943336572121,"liver"
"6-91547127","ENSSSAG00000112689",-73.6543130849156,1.28625964115506e-12,4.42973280087426e-09,-0.0969115370416123,"liver"
"29-38990755","ENSSSAG00000104336",-72.2038264915383,1.50778346131321e-12,5.18619331950249e-09,-0.0186971993718978,"liver"
"13-7541655","ENSSSAG00000088486",72.0558424924914,1.5327002691469e-12,5.26536481346191e-09,0.0245268623000222,"liver"
"20-16900776","ENSSSAG00000079409",-64.0057332979698,3.9483609113866e-12,1.35472221003756e-08,-0.0407586149632326,"liver"
"3-11595460","ENSSSAG00000099417",63.8640748365456,4.01884567566174e-12,1.37720178160218e-08,0.0216242667990704,"liver"
"1-1932393","ENSSSAG00000082077",63.2519239856601,4.34015139515055e-12,1.48547254039091e-08,0.253409283024653,"liver"
"3-94824037","ENSSSAG00000102543",54.2509624650438,1.47813594163035e-11,5.05287193208895e-08,0.0610779828441817,"liver"
"1-151756056","ENSSSAG00000088830",-54.1136571394264,1.508333355986e-11,5.13079301161632e-08,-0.0172092386869507,"liver"
"1-151767609","ENSSSAG00000088830",-54.1136571394264,1.508333355986e-11,5.13079301161632e-08,-0.0172092386869507,"liver"
"1-151756056","ENSSSAG00000106955",-54.1136571394264,1.508333355986e-11,5.13079301161632e-08,-0.0172092386869507,"liver"
"1-151767609","ENSSSAG00000106955",-54.1136571394264,1.508333355986e-11,5.13079301161632e-08,-0.0172092386869507,"liver"
"26-51272874","ENSSSAG00000102553",-54.0758265073735,1.5167748889697e-11,5.15318506269913e-08,-0.0756196620074957,"liver"
"4-7390642","ENSSSAG00000003344",-53.5127173023988,1.64892223850338e-11,5.58845347255236e-08,-0.0631790749549326,"liver"
"4-7390820","ENSSSAG00000003344",-53.5127173023988,1.64892223850338e-11,5.58845347255236e-08,-0.0631790749549326,"liver"
"1-74397453","ENSSSAG00000121011",-53.3116838382081,1.69919843462679e-11,5.75181574733879e-08,-0.0661725939293094,"liver"
"7-27969453","ENSSSAG00000102993",-52.0652754038246,2.05222660862911e-11,6.92989931994412e-08,-0.0299265202202697,"liver"
"7-27971974","ENSSSAG00000102993",-52.0652754038246,2.05222660862911e-11,6.92989931994412e-08,-0.0299265202202697,"liver"
"6-24955586","ENSSSAG00000044566",51.104140154073,2.38115309259606e-11,7.99193677002874e-08,0.015510402283971,"liver"
"6-24955701","ENSSSAG00000044566",51.104140154073,2.38115309259606e-11,7.99193677002874e-08,0.015510402283971,"liver"
"6-24956776","ENSSSAG00000044566",51.104140154073,2.38115309259606e-11,7.99193677002874e-08,0.015510402283971,"liver"
"6-24956815","ENSSSAG00000044566",51.104140154073,2.38115309259606e-11,7.99193677002874e-08,0.015510402283971,"liver"
"6-24957028","ENSSSAG00000044566",51.104140154073,2.38115309259606e-11,7.99193677002874e-08,0.015510402283971,"liver"
"5-66468248","ENSSSAG00000083794",-46.236497248624,5.29052373374919e-11,1.77138555220545e-07,-0.0484327808171328,"liver"
"5-66481253","ENSSSAG00000083794",-46.236497248624,5.29052373374919e-11,1.77138555220545e-07,-0.0484327808171328,"liver"
"3-62669803","ENSSSAG00000120977",45.7569455332203,5.74908917401177e-11,1.92260152481289e-07,0.03342060558649,"liver"
"24-40950007","ENSSSAG00000071866",44.9241562517154,6.65569069386125e-11,2.22042892005074e-07,1.30068645617481,"liver"
"24-40950842","ENSSSAG00000071866",44.9241562517154,6.65569069386125e-11,2.22042892005074e-07,1.30068645617481,"liver"
"5-6071396","ENSSSAG00000094482",44.2860231097012,7.45967527556309e-11,2.48565794435415e-07,0.0492989244101694,"liver"
"1-155153501","ENSSSAG00000089639",41.6108336069603,1.22562971435613e-10,4.06441244063542e-07,0.0614460066322039,"liver"
"1-155153609","ENSSSAG00000089639",41.6108336069603,1.22562971435613e-10,4.06441244063542e-07,0.0614460066322039,"liver"
"1-155154179","ENSSSAG00000089639",41.6108336069603,1.22562971435613e-10,4.06441244063542e-07,0.0614460066322039,"liver"
"1-155170453","ENSSSAG00000089639",41.6108336069603,1.22562971435613e-10,4.06441244063542e-07,0.030723003316102,"liver"
"29-35717282","ENSSSAG00000103630",-41.2228375670618,1.32060077691278e-10,4.36890194660839e-07,-0.187026374909242,"liver"
"29-35717395","ENSSSAG00000103630",-41.2228375670618,1.32060077691278e-10,4.36890194660839e-07,-0.187026374909242,"liver"
"22-23162314","ENSSSAG00000073864",-39.2012757610351,1.97105197364339e-10,6.51299707632753e-07,-0.115107532676369,"liver"
"9-27094135","ENSSSAG00000007677",-38.8200374491647,2.13055260406611e-10,7.03165805985474e-07,-0.0676604722253842,"liver"
"29-27315395","ENSSSAG00000086643",37.849875774065,2.60612691279821e-10,8.59101214985844e-07,0.0885698184138738,"liver"
"1-156086995","ENSSSAG00000002953",-37.0873817962976,3.06436973067034e-10,1.00889245457749e-06,-0.0087945352624677,"liver"
"24-41556840","ENSSSAG00000116580",37.0821616116814,3.06780450375416e-10,1.00889245457749e-06,0.00831508219080899,"liver"
"1-18563172","ENSSSAG00000112355",35.4729501411093,4.36647111101099e-10,1.43427659818933e-06,0.00853627521513867,"liver"
"21-19983335","ENSSSAG00000093712",33.7307418237581,6.5171165565653e-10,2.138176476467e-06,0.0315034886650741,"liver"
"14-15661068","ENSSSAG00000070336",33.6332217528282,6.66885784282314e-10,2.18537446743925e-06,0.0341856109338299,"liver"
"3-68051349","ENSSSAG00000066700",33.4442688202827,6.97430856664893e-10,2.28277188834348e-06,0.0347013112123844,"liver"
"15-109837293","ENSSSAG00000049812",-33.1718486626245,7.44276447863177e-10,2.43036417011552e-06,-0.162513811179069,"liver"
"15-110122193","ENSSSAG00000049812",33.1718486626245,7.44276447863177e-10,2.43036417011552e-06,0.325027622358138,"liver"
"2-29646344","ENSSSAG00000043094",33.0835117560486,7.60218626163502e-10,2.47658771287102e-06,0.0123901121983424,"liver"
"2-29647193","ENSSSAG00000043094",33.0835117560486,7.60218626163502e-10,2.47658771287102e-06,0.0123901121983424,"liver"
"20-4258634","ENSSSAG00000088518",31.9687224484926,9.98215220547604e-10,3.24809977014732e-06,0.013047954393694,"liver"
"4-56481111","ENSSSAG00000118930",30.8329918546719,1.33042426041324e-09,4.32400206265787e-06,0.0193937036069294,"liver"
"10-107540954","ENSSSAG00000108501",-30.4580944902661,1.46612330421736e-09,4.75389023842994e-06,-0.673828499644471,"liver"
"10-107556830","ENSSSAG00000108501",-30.4580944902661,1.46612330421736e-09,4.75389023842994e-06,-0.673828499644471,"liver"
"12-66761974","ENSSSAG00000067394",30.3543775201309,1.50636483843512e-09,4.87866696982943e-06,0.0183018106567894,"liver"
"5-38461284","ENSSSAG00000082589",-30.0387638219454,1.63666601748952e-09,5.29448852228786e-06,-0.0486795856231869,"liver"
"9-147685446","ENSSSAG00000108106",-27.7630325257552,3.05729870192575e-09,9.87859889628333e-06,-0.0248149263661479,"liver"
"20-30290539","ENSSSAG00000073658",27.2200219868086,3.57534671263506e-09,1.15390423474888e-05,0.0517052834270855,"liver"
"15-107297430","ENSSSAG00000048040",-27.1312338604075,3.66910445036584e-09,1.18278658974166e-05,-0.0450233471087241,"liver"
"7-22093055","ENSSSAG00000093788",26.9317056562469,3.89005324559505e-09,1.24820687781334e-05,0.0924034636328614,"liver"
"7-22110363","ENSSSAG00000093788",26.9317056562469,3.89005324559505e-09,1.24820687781334e-05,0.0924034636328614,"liver"
"7-22192164","ENSSSAG00000093788",26.9317056562469,3.89005324559505e-09,1.24820687781334e-05,0.0924034636328614,"liver"
"7-22202001","ENSSSAG00000093788",26.9317056562469,3.89005324559505e-09,1.24820687781334e-05,0.0924034636328614,"liver"
"23-49243110","ENSSSAG00000097586",-26.8464636550506,3.98897419861681e-09,1.27846807526903e-05,-0.023954184499732,"liver"
"19-55492277","ENSSSAG00000110554",26.0200508289603,5.10958241417802e-09,1.63573250631822e-05,0.055080519802057,"liver"
"5-74066850","ENSSSAG00000110405",25.4066900770081,6.17125764217177e-09,1.97332831924618e-05,0.0482679466937613,"liver"
"18-79540314","ENSSSAG00000093238",-24.7296766097034,7.64097436685279e-09,2.44047175408786e-05,-0.0732006423473167,"liver"
"17-81644041","ENSSSAG00000104139",-23.7819204412033,1.04059137298895e-08,3.31974872323025e-05,-0.00874843802429003,"liver"
"14-2936222","ENSSSAG00000085692",23.228080293404,1.2534207191098e-08,3.99413173424017e-05,0.265263764130225,"liver"
"18-30823697","ENSSSAG00000122047",22.5664241284587,1.57449943912601e-08,5.01151602247161e-05,0.0142046254934121,"liver"
"6-31508472","ENSSSAG00000092018",22.5511652808286,1.58292316114851e-08,5.03255021149506e-05,0.0161601098175295,"liver"
"9-40739326","ENSSSAG00000112948",-21.968275830304,1.94599700930146e-08,6.17270474004543e-05,-0.127071524854165,"liver"
"9-40739521","ENSSSAG00000112948",-21.968275830304,1.94599700930146e-08,6.17270474004543e-05,-0.127071524854165,"liver"
"15-18696953","ENSSSAG00000086608",20.6662187061886,3.14855015602854e-08,9.97579074915707e-05,0.0641296852079324,"liver"
"12-6471523","ENSSSAG00000086714",20.0116031360365,4.05539147136083e-08,0.000128343371945277,0.103869288363501,"liver"
"18-50860797","ENSSSAG00000040949",19.7558350216188,4.48669595293475e-08,0.000141831212138012,0.415200306053772,"liver"
"17-20189686","ENSSSAG00000086606",19.6318097946739,4.71421019096529e-08,0.000148515245733052,0.0240602921554316,"liver"
"17-20233047","ENSSSAG00000086606",19.6318097946739,4.71421019096529e-08,0.000148515245733052,0.0240602921554316,"liver"
"17-20233726","ENSSSAG00000086606",19.6318097946739,4.71421019096529e-08,0.000148515245733052,0.0240602921554316,"liver"
"4-6461016","ENSSSAG00000097906",19.1072941890076,5.83081183846945e-08,0.000183483867801727,0.0567627877291688,"liver"
"12-6486110","ENSSSAG00000086714",18.7982002172039,6.62644852134505e-08,0.000207813296410996,0.162369394151434,"liver"
"12-6557518","ENSSSAG00000086714",18.7982002172039,6.62644852134505e-08,0.000207813296410996,0.162369394151434,"liver"
"12-6557625","ENSSSAG00000086714",18.7982002172039,6.62644852134505e-08,0.000207813296410996,0.162369394151434,"liver"
"18-76288066","ENSSSAG00000112404",18.5379519634815,7.39159710654018e-08,0.00023154733350031,0.0121475282730852,"liver"
"6-14092902","ENSSSAG00000096120",18.3667829354327,7.94879693608129e-08,0.00024844058918838,0.0255202331643901,"liver"
"6-14093162","ENSSSAG00000096120",18.3667829354327,7.94879693608129e-08,0.00024844058918838,0.0255202331643901,"liver"
"22-54203758","ENSSSAG00000082026",18.3533403372895,7.99451478826194e-08,0.0002495881214913,0.0196672290914482,"liver"
"9-72261997","ENSSSAG00000110090",18.2413288803994,8.38714878044571e-08,0.00026155158370466,0.0359211767079769,"liver"
"7-63433682","ENSSSAG00000107028",-18.0441365900226,9.13209667639277e-08,0.00028446265670525,-3.0871651490282,"liver"
"3-794494","ENSSSAG00000095595",17.9099693410362,9.68136567171384e-08,0.000301233791372579,0.018973892795248,"liver"
"28-36349421","ENSSSAG00000064911",17.8828890704358,9.79667160906365e-08,0.000304479784812599,0.13543304811105,"liver"
"12-80412599","ENSSSAG00000077659",-17.3017522536735,1.26839367832279e-07,0.000393774308827652,-0.0204773919367168,"liver"
"18-44486722","ENSSSAG00000103348",17.2678501016614,1.28797848090844e-07,0.000399407169351053,0.167756299662111,"liver"
"1-16830973","ENSSSAG00000106800",17.1226300985196,1.37579886641744e-07,0.00042474021108421,0.0230082787465543,"liver"
"1-17007090","ENSSSAG00000106800",17.1226300985196,1.37579886641744e-07,0.00042474021108421,0.0460165574931087,"liver"
"1-16830973","ENSSSAG00000121966",17.1226300985196,1.37579886641744e-07,0.00042474021108421,0.0230082787465543,"liver"
"1-17007090","ENSSSAG00000121966",17.1226300985196,1.37579886641744e-07,0.00042474021108421,0.0460165574931087,"liver"
"25-53947557","ENSSSAG00000106945",-16.8643431156196,1.54910710650582e-07,0.000477712408840064,-0.0284155792483798,"liver"
"3-86820693","ENSSSAG00000114762",-16.6823227889392,1.68595522305665e-07,0.00051933583973127,-0.997883012883779,"liver"
"23-50906686","ENSSSAG00000098188",-16.6151244166882,1.73986356571581e-07,0.000534753239387733,-0.0223453905856863,"liver"
"23-50907509","ENSSSAG00000098188",-16.6151244166882,1.73986356571581e-07,0.000534753239387733,-0.0223453905856863,"liver"
"6-33121037","ENSSSAG00000110747",-16.498783487371,1.83782962794679e-07,0.000564237915239879,-0.246397878423501,"liver"
"15-23377468","ENSSSAG00000112714",16.3832190355631,1.94130874682429e-07,0.000594033834081087,0.247670236975429,"liver"
"15-23379602","ENSSSAG00000112714",16.3832190355631,1.94130874682429e-07,0.000594033834081087,0.247670236975429,"liver"
"15-23532343","ENSSSAG00000112714",16.3832190355631,1.94130874682429e-07,0.000594033834081087,0.247670236975429,"liver"
"2-69890877","ENSSSAG00000082855",16.1240311204729,2.19802679600451e-07,0.000671107205874492,0.325005221289989,"liver"
"2-69890892","ENSSSAG00000082855",16.1240311204729,2.19802679600451e-07,0.000671107205874492,0.325005221289989,"liver"
"1-3508357","ENSSSAG00000102505",16.0436971142901,2.28516532693412e-07,0.000696179132489445,0.0258387677988454,"liver"
"1-3508423","ENSSSAG00000102505",16.0436971142901,2.28516532693412e-07,0.000696179132489445,0.0258387677988454,"liver"
"2-4710408","ENSSSAG00000046727",-15.9584161105064,2.38193420725839e-07,0.000723275496043203,-0.196714333248134,"liver"
"2-4710902","ENSSSAG00000046727",-15.9584161105064,2.38193420725839e-07,0.000723275496043203,-0.196714333248134,"liver"
"2-4712378","ENSSSAG00000046727",-15.9584161105064,2.38193420725839e-07,0.000723275496043203,-0.196714333248134,"liver"
"7-58524944","ENSSSAG00000114832",14.7416092689067,4.40879926086252e-07,0.00132999369380501,0.200594885370236,"liver"
"7-58530262","ENSSSAG00000114832",14.7416092689067,4.40879926086252e-07,0.00132999369380501,0.200594885370236,"liver"
"7-58530482","ENSSSAG00000114832",14.7416092689067,4.40879926086252e-07,0.00132999369380501,0.200594885370236,"liver"
"7-58531398","ENSSSAG00000114832",14.7416092689067,4.40879926086252e-07,0.00132999369380501,0.200594885370236,"liver"
"7-58530455","ENSSSAG00000114832",-14.7416092689067,4.40879926086263e-07,0.00132999369380501,-0.200594885370236,"liver"
"7-58639989","ENSSSAG00000114832",-14.7416092689067,4.40879926086263e-07,0.00132999369380501,-0.200594885370236,"liver"
"26-47318848","ENSSSAG00000092940",-14.4813843519934,5.06041250584187e-07,0.00152490525455523,-0.460280023462216,"liver"
"17-82383276","ENSSSAG00000098445",-14.4669966085831,5.09947102977231e-07,0.00153500666889225,-0.0554501810379747,"liver"
"2-11395619","ENSSSAG00000020316",14.3600653223873,5.40057612523336e-07,0.00162388002263471,0.310916175051476,"liver"
"5-64815534","ENSSSAG00000090192",-14.3399526684675,5.45940951760908e-07,0.00163979190991806,-0.156783477671143,"liver"
"20-4168287","ENSSSAG00000088518",14.1082518163424,6.19160003125162e-07,0.00185770046786145,0.00751600981953306,"liver"
"26-26193774","ENSSSAG00000068447",-13.8509097442015,7.13668576488908e-07,0.00213894496323126,-2.58402873804786,"liver"
"14-99409719","ENSSSAG00000010232",13.7074062432324,7.73326774412666e-07,0.00231274675639773,0.202162835855603,"liver"
"14-99409779","ENSSSAG00000010232",13.7074062432324,7.73326774412666e-07,0.00231274675639773,0.202162835855603,"liver"
"13-82386652","ENSSSAG00000040880",-13.5796884809552,8.3115076416837e-07,0.00248299931775445,-0.0785834495153118,"liver"
"24-32118855","ENSSSAG00000115982",-13.5444093197418,8.47965958868108e-07,0.00253050658641858,-0.237447493110825,"liver"
"17-66751091","ENSSSAG00000106037",-13.3586513944881,9.43035932226867e-07,0.00280816956278687,-0.086974778214864,"liver"
"17-66751149","ENSSSAG00000106037",-13.3586513944881,9.43035932226867e-07,0.00280816956278687,-0.086974778214864,"liver"
"22-63341463","ENSSSAG00000008800",-13.1872499633978,1.04145333076341e-06,0.00309458871492174,-0.0184779493859572,"liver"
"22-63342621","ENSSSAG00000008800",-13.1872499633978,1.04145333076341e-06,0.00309458871492174,-0.0184779493859572,"liver"
"16-67215094","ENSSSAG00000047678",-13.1581014653825,1.05930907215844e-06,0.00314427543973012,-0.908279841482774,"liver"
"3-68075892","ENSSSAG00000116040",-13.1220470512662,1.08187129007878e-06,0.00320781085748963,-0.0684706517833498,"liver"
"17-20207616","ENSSSAG00000086606",13.0369111021869,1.13731479242759e-06,0.00336860126194015,0.0148402908971817,"liver"
"7-46819892","ENSSSAG00000048963",12.8946826996391,1.23718202496371e-06,0.00366048623915221,0.297237548513573,"liver"
"18-26953054","ENSSSAG00000087037",12.7946174153702,1.31332722171394e-06,0.00388163661326969,0.0376191641795815,"liver"
"27-7835547","ENSSSAG00000078291",-12.7071660340601,1.38418824244958e-06,0.0040867148093738,-0.0968912269479314,"liver"
"16-86377235","ENSSSAG00000080926",12.5827059162961,1.49253541462409e-06,0.00440191405690361,0.317667741276111,"liver"
"26-17711707","ENSSSAG00000071481",12.4915508386726,1.57791670858425e-06,0.00464878241316966,0.0745704146603477,"liver"
"24-31465708","ENSSSAG00000065708",12.4660785200823,1.60274318269768e-06,0.00471191029156424,0.0150834152065989,"liver"
"24-31497386","ENSSSAG00000065708",12.4660785200823,1.60274318269768e-06,0.00471191029156424,0.0150834152065989,"liver"
"29-36708275","ENSSSAG00000115480",12.3848232876247,1.68490748636228e-06,0.00494821810038055,0.0434604718753869,"liver"
"17-81894339","ENSSSAG00000088610",-12.3516488908372,1.71979979415684e-06,0.00500824668438553,-1.61550699620117,"liver"
"17-81895120","ENSSSAG00000088610",-12.3516488908372,1.71979979415684e-06,0.00500824668438553,-1.61550699620117,"liver"
"17-81895561","ENSSSAG00000088610",-12.3516488908372,1.71979979415684e-06,0.00500824668438553,-1.61550699620117,"liver"
"17-81896405","ENSSSAG00000088610",-12.3516488908372,1.71979979415684e-06,0.00500824668438553,-1.61550699620117,"liver"
"17-81898116","ENSSSAG00000088610",-12.3516488908372,1.71979979415684e-06,0.00500824668438553,-1.61550699620117,"liver"
"17-81898484","ENSSSAG00000088610",-12.3516488908372,1.71979979415684e-06,0.00500824668438553,-1.61550699620117,"liver"
"17-82021593","ENSSSAG00000088610",-12.3516488908372,1.71979979415684e-06,0.00500824668438553,-3.23101399240234,"liver"
"17-82033015","ENSSSAG00000088610",-12.3516488908372,1.71979979415684e-06,0.00500824668438553,-3.23101399240234,"liver"
"12-13203173","ENSSSAG00000088983",12.2682889385118,1.81110099630646e-06,0.00526859162013566,0.0236631865363254,"liver"
"6-8736142","ENSSSAG00000088223",12.1718021968739,1.92361866554109e-06,0.00559004592392124,0.18085919416138,"liver"
"12-98007004","ENSSSAG00000102488",-12.1558071829874,1.94301675168114e-06,0.00564050438551982,-0.756262677776004,"liver"
"22-56235307","ENSSSAG00000079097",12.1380999518248,1.96474705454754e-06,0.00569762054078108,0.524742850545014,"liver"
"16-57953492","ENSSSAG00000015474",12.0493871721038,2.07779167162703e-06,0.00601914535758632,0.18833092653487,"liver"
"26-46804672","ENSSSAG00000069672",-11.9984061296155,2.146038002603e-06,0.00621035844438244,-1.23659603799615,"liver"
"4-64901641","ENSSSAG00000052284",-11.9416905793351,2.22492390015641e-06,0.00643193018894341,-0.118160556366023,"liver"
"25-31534999","ENSSSAG00000113918",11.885807470299,2.30583822275835e-06,0.00665889809818898,0.50452701563263,"liver"
"18-79976661","ENSSSAG00000086050",-11.8748898165524,2.3220275856217e-06,0.00668476055495236,-0.0109696497707729,"liver"
"18-79959607","ENSSSAG00000086050",-11.8748898165524,2.32202758562174e-06,0.00668476055495236,-0.0219392995415457,"liver"
"18-80014978","ENSSSAG00000086050",11.8748898165524,2.32202758562174e-06,0.00668476055495236,0.0219392995415457,"liver"
"7-55905217","ENSSSAG00000008048",-11.8032643917585,2.43144576366546e-06,0.00699249751300509,-0.396534026244759,"liver"
"15-106903302","ENSSSAG00000119954",-11.790390350324,2.45171803563022e-06,0.00704349120207325,-0.382055871778654,"liver"
"29-30440655","ENSSSAG00000052240",-11.7545742316145,2.50911811851464e-06,0.00720093263393744,-0.107860093854776,"liver"
"5-78929730","ENSSSAG00000060893",-11.6420159904776,2.69952576514875e-06,0.00773937286966813,-0.0720376945217106,"liver"
"15-30878843","ENSSSAG00000054471",-11.477085526597,3.00841106980366e-06,0.00861601782307616,-0.520065102307167,"liver"
"29-30955124","ENSSSAG00000095386",-11.3851767896593,3.19756949652778e-06,0.0091483123268724,-0.0253795617667629,"liver"
"11-55389995","ENSSSAG00000112629",-11.3485920003422,3.27653612646047e-06,0.0093645733226124,-0.0447283798080526,"liver"
"25-48781502","ENSSSAG00000052944",-11.3123528423112,3.35691248897365e-06,0.00956471309727013,-0.487517027200095,"liver"
"25-48818865","ENSSSAG00000052944",11.3123528423112,3.35691248897365e-06,0.00956471309727013,0.487517027200095,"liver"
"25-48819728","ENSSSAG00000052944",11.3123528423112,3.35691248897365e-06,0.00956471309727013,0.487517027200095,"liver"
"2-40518719","ENSSSAG00000040212",-11.2708337681877,3.45172094412871e-06,0.00982474956192546,-0.77128204418545,"liver"
"18-72499936","ENSSSAG00000062019",-11.2115758286466,3.59226458610907e-06,0.0102142967053776,-0.538889484209085,"liver"
"3-80966307","ENSSSAG00000104333",-11.1909442671085,3.64268941751972e-06,0.0103364723748035,-0.809025007329168,"liver"
"3-80966833","ENSSSAG00000104333",11.1909442671085,3.64268941751972e-06,0.0103364723748035,0.809025007329168,"liver"
"9-154793022","ENSSSAG00000096270",11.1424983792152,3.76423425415201e-06,0.0106704455885266,0.170584099421247,"liver"
"14-83136146","ENSSSAG00000013052",11.128160871758,3.80106979016369e-06,0.01075488179061,0.266352133371708,"liver"
"5-85273819","ENSSSAG00000119898",11.1263854674206,3.80565908180031e-06,0.01075488179061,0.21904031409574,"liver"
"5-85273839","ENSSSAG00000119898",11.1263854674206,3.80565908180031e-06,0.01075488179061,0.21904031409574,"liver"
"19-54613793","ENSSSAG00000015453",-11.12169107478,3.81782361637535e-06,0.010767307353573,-0.0196452873908453,"liver"
"19-54632183","ENSSSAG00000015453",11.12169107478,3.81782361637535e-06,0.010767307353573,0.0196452873908453,"liver"
"2-64530029","ENSSSAG00000100662",10.952246524038,4.28740864957259e-06,0.0120793773720131,0.0680885844480091,"liver"
"15-40226550","ENSSSAG00000109750",-10.9176293142715,4.3910902964802e-06,0.0123463965218566,-0.226308819247935,"liver"
"15-40226754","ENSSSAG00000109750",-10.9176293142715,4.3910902964802e-06,0.0123463965218566,-0.226308819247935,"liver"
"4-84862747","ENSSSAG00000072126",-10.9131804711962,4.40461700684641e-06,0.0123718819270248,-0.0395520713887117,"liver"
"7-39113596","ENSSSAG00000055328",10.8051346459739,4.74786656868394e-06,0.0132956042186798,1.16070265646212,"liver"
"7-39186371","ENSSSAG00000055328",10.8051346459739,4.74786656868394e-06,0.0132956042186798,1.16070265646212,"liver"
"7-39215862","ENSSSAG00000055328",10.8051346459739,4.74786656868394e-06,0.0132956042186798,1.16070265646212,"liver"
"16-85036422","ENSSSAG00000007342",-10.752043132957,4.92740888540953e-06,0.0137705630522969,-0.110400404130693,"liver"
"16-85037045","ENSSSAG00000007342",-10.752043132957,4.92740888540953e-06,0.0137705630522969,-0.110400404130693,"liver"
"6-68869356","ENSSSAG00000102756",-10.6059177927302,5.46200777079177e-06,0.0152032957240879,-0.0920328880106527,"liver"
"6-68869926","ENSSSAG00000102756",-10.6059177927302,5.46200777079177e-06,0.0152032957240879,-0.0920328880106527,"liver"
"6-68870028","ENSSSAG00000102756",10.6059177927302,5.46200777079185e-06,0.0152032957240879,0.0920328880106527,"liver"
"6-68875803","ENSSSAG00000102756",10.6059177927302,5.46200777079185e-06,0.0152032957240879,0.0920328880106527,"liver"
"20-92600403","ENSSSAG00000064617",10.5955636522173,5.50227934722448e-06,0.0153000286864709,0.530048771683522,"liver"
"24-1557363","ENSSSAG00000069471",-10.5773986571226,5.57373454445826e-06,0.0154676936095129,-0.0249697189024529,"liver"
"24-1572689","ENSSSAG00000069471",-10.5773986571226,5.57373454445826e-06,0.0154676936095129,-0.0249697189024529,"liver"
"2-72311870","ENSSSAG00000087554",-10.5685103935999,5.60907534112521e-06,0.0155502022313863,-0.101342976678364,"liver"
"13-94057907","ENSSSAG00000108940",-10.5638754021097,5.62760387264772e-06,0.0155859834332204,-0.985270914779953,"liver"
"1-55730364","ENSSSAG00000107387",-10.5412693788671,5.71895767938854e-06,0.0158231858526363,-0.406799508269545,"liver"
"29-28112700","ENSSSAG00000097147",-10.4850835712751,5.95327207053329e-06,0.0164059928489361,-0.213688256502198,"liver"
"29-28113350","ENSSSAG00000097147",10.4850835712751,5.95327207053336e-06,0.0164059928489361,0.213688256502197,"liver"
"29-28114843","ENSSSAG00000097147",10.4850835712751,5.95327207053336e-06,0.0164059928489361,0.213688256502197,"liver"
"29-28114962","ENSSSAG00000097147",10.4850835712751,5.95327207053336e-06,0.0164059928489361,0.213688256502197,"liver"
"4-41277496","ENSSSAG00000005351",-10.4111369390955,6.27816435693689e-06,0.0172841480769637,-0.790301789692368,"liver"
"15-24218372","ENSSSAG00000069354",10.3094345764237,6.75783163376247e-06,0.018567822215458,0.028204888143632,"liver"
"15-24219014","ENSSSAG00000069354",10.3094345764237,6.75783163376247e-06,0.018567822215458,0.028204888143632,"liver"
"7-57267675","ENSSSAG00000114945",10.3064803069766,6.77236402547438e-06,0.0185893279073063,4.0681606787593,"liver"
"6-18332859","ENSSSAG00000049580",-10.3000165195913,6.80428200523971e-06,0.0186090805718229,-0.261705832956274,"liver"
"6-18333393","ENSSSAG00000049580",-10.3000165195913,6.80428200523971e-06,0.0186090805718229,-0.261705832956274,"liver"
"9-78330217","ENSSSAG00000091745",-10.2982322182774,6.81312238929805e-06,0.0186090805718229,-0.04003634034654,"liver"
"9-78350501","ENSSSAG00000091745",-10.2982322182774,6.81312238929805e-06,0.0186090805718229,-0.04003634034654,"liver"
"9-78351050","ENSSSAG00000091745",-10.2982322182774,6.81312238929805e-06,0.0186090805718229,-0.04003634034654,"liver"
"13-26468521","ENSSSAG00000005046",-10.2363952667768,7.12756574553421e-06,0.0194487767871566,-0.312282608715131,"liver"
"1-170404267","ENSSSAG00000071128",10.210314291377,7.26502043536455e-06,0.0198043528402692,0.0608670996684462,"liver"
"1-168567802","ENSSSAG00000111834",10.1823989150589,7.41543145384549e-06,0.0201154752123371,0.288811035718695,"liver"
"1-168568408","ENSSSAG00000111834",10.1823989150589,7.41543145384549e-06,0.0201154752123371,0.288811035718695,"liver"
"1-168476125","ENSSSAG00000111834",10.1823989150589,7.41543145384569e-06,0.0201154752123371,0.288811035718695,"liver"
"1-168476603","ENSSSAG00000111834",10.1823989150589,7.41543145384569e-06,0.0201154752123371,0.288811035718695,"liver"
"1-168476809","ENSSSAG00000111834",10.1823989150589,7.41543145384569e-06,0.0201154752123371,0.288811035718695,"liver"
"6-88955400","ENSSSAG00000043532",-10.1056470901317,7.84721213899221e-06,0.0212244427142245,-0.822868505044819,"liver"
"6-89051129","ENSSSAG00000043532",-10.1056470901317,7.84721213899221e-06,0.0212244427142245,-0.822868505044819,"liver"
"6-89051339","ENSSSAG00000043532",-10.1056470901317,7.84721213899221e-06,0.0212244427142245,-0.822868505044819,"liver"
"4-9931665","ENSSSAG00000101080",10.085789181411,7.96344769292627e-06,0.0214342689117307,0.102546523045795,"liver"
"4-9931672","ENSSSAG00000101080",10.085789181411,7.96344769292627e-06,0.0214342689117307,0.102546523045795,"liver"
"4-9931722","ENSSSAG00000101080",10.085789181411,7.96344769292627e-06,0.0214342689117307,0.102546523045795,"liver"
"4-9949584","ENSSSAG00000101080",10.085789181411,7.96344769292627e-06,0.0214342689117307,0.102546523045795,"liver"
"4-9955894","ENSSSAG00000101080",10.085789181411,7.96344769292627e-06,0.0214342689117307,0.102546523045795,"liver"
"1-7067481","ENSSSAG00000101511",-10.0743539365167,8.03125366279889e-06,0.0215958074061431,-0.0283880675346347,"liver"
"15-22429418","ENSSSAG00000058050",-10.0362338470779,8.2619870447218e-06,0.0220744853716469,-0.105229644683347,"liver"
"15-22430423","ENSSSAG00000058050",-10.0362338470779,8.2619870447218e-06,0.0220744853716469,-0.105229644683347,"liver"
"15-22431280","ENSSSAG00000058050",-10.0362338470779,8.2619870447218e-06,0.0220744853716469,-0.105229644683347,"liver"
"15-22433205","ENSSSAG00000058050",-10.0362338470779,8.2619870447218e-06,0.0220744853716469,-0.105229644683347,"liver"
"15-22434251","ENSSSAG00000058050",-10.0362338470779,8.2619870447218e-06,0.0220744853716469,-0.105229644683347,"liver"
"15-22435981","ENSSSAG00000058050",-10.0362338470779,8.2619870447218e-06,0.0220744853716469,-0.105229644683347,"liver"
"25-44127999","ENSSSAG00000042167",-10.0357429842853,8.26500599884412e-06,0.0220744853716469,-0.213649017586091,"liver"
"1-151303045","ENSSSAG00000092979",-10.0066682456777,8.44604033428549e-06,0.0223693989726754,-1.4308246837622,"liver"
"15-18627959","ENSSSAG00000048970",-9.99048087793229,8.54874658792438e-06,0.0223693989726754,-0.126276443369959,"liver"
"19-70334505","ENSSSAG00000008201",9.98352878433184,8.59328380790998e-06,0.0223693989726754,0.0709630142453603,"liver"
"19-70337135","ENSSSAG00000008201",9.98352878433184,8.59328380790998e-06,0.0223693989726754,0.0709630142453603,"liver"
"19-70340161","ENSSSAG00000008201",9.98352878433184,8.59328380790998e-06,0.0223693989726754,0.0709630142453603,"liver"
"19-70348822","ENSSSAG00000008201",9.98352878433184,8.59328380790998e-06,0.0223693989726754,0.0709630142453603,"liver"
"19-70348944","ENSSSAG00000008201",9.98352878433184,8.59328380790998e-06,0.0223693989726754,0.0709630142453603,"liver"
"19-70350137","ENSSSAG00000008201",9.98352878433184,8.59328380790998e-06,0.0223693989726754,0.0709630142453603,"liver"
"19-70350809","ENSSSAG00000008201",9.98352878433184,8.59328380790998e-06,0.0223693989726754,0.0709630142453603,"liver"
"19-70351384","ENSSSAG00000008201",9.98352878433184,8.59328380790998e-06,0.0223693989726754,0.0709630142453603,"liver"
"19-70351665","ENSSSAG00000008201",9.98352878433184,8.59328380790998e-06,0.0223693989726754,0.0709630142453603,"liver"
"19-70351694","ENSSSAG00000008201",9.98352878433184,8.59328380790998e-06,0.0223693989726754,0.0709630142453603,"liver"
"19-70370859","ENSSSAG00000008201",9.98352878433184,8.59328380790998e-06,0.0223693989726754,0.0354815071226801,"liver"
"19-70372496","ENSSSAG00000008201",9.98352878433184,8.59328380790998e-06,0.0223693989726754,0.0709630142453603,"liver"
"19-70390482","ENSSSAG00000008201",9.98352878433184,8.59328380790998e-06,0.0223693989726754,0.0709630142453603,"liver"
"19-70391449","ENSSSAG00000008201",9.98352878433184,8.59328380790998e-06,0.0223693989726754,0.0709630142453603,"liver"
"19-70418652","ENSSSAG00000008201",9.98352878433184,8.59328380790998e-06,0.0223693989726754,0.0709630142453603,"liver"
"19-70427035","ENSSSAG00000008201",9.98352878433184,8.59328380790998e-06,0.0223693989726754,0.0709630142453603,"liver"
"19-70451010","ENSSSAG00000008201",9.98352878433184,8.59328380790998e-06,0.0223693989726754,0.0709630142453603,"liver"
"19-70454143","ENSSSAG00000008201",9.98352878433184,8.59328380790998e-06,0.0223693989726754,0.0709630142453603,"liver"
"19-70481314","ENSSSAG00000008201",9.98352878433184,8.59328380790998e-06,0.0223693989726754,0.0709630142453603,"liver"
"19-70481770","ENSSSAG00000008201",9.98352878433184,8.59328380790998e-06,0.0223693989726754,0.0709630142453603,"liver"
"19-70486304","ENSSSAG00000008201",9.98352878433184,8.59328380790998e-06,0.0223693989726754,0.0709630142453603,"liver"
"19-70490287","ENSSSAG00000008201",9.98352878433184,8.59328380790998e-06,0.0223693989726754,0.0709630142453603,"liver"
"19-70495276","ENSSSAG00000008201",9.98352878433184,8.59328380790998e-06,0.0223693989726754,0.0709630142453603,"liver"
"19-70497990","ENSSSAG00000008201",9.98352878433184,8.59328380790998e-06,0.0223693989726754,0.0709630142453603,"liver"
"19-70498126","ENSSSAG00000008201",9.98352878433184,8.59328380790998e-06,0.0223693989726754,0.0709630142453603,"liver"
"5-68276107","ENSSSAG00000093429",9.95032083287997,8.80962825769263e-06,0.0228681534625662,0.0805362426984813,"liver"
"5-68291702","ENSSSAG00000093429",9.95032083287997,8.80962825769263e-06,0.0228681534625662,0.0805362426984813,"liver"
"5-68294097","ENSSSAG00000093429",9.95032083287997,8.80962825769263e-06,0.0228681534625662,0.0805362426984813,"liver"
"27-12928608","ENSSSAG00000116530",9.94366346701747,8.85372756471832e-06,0.0229611278632067,0.311688749964051,"liver"
"20-49744509","ENSSSAG00000103435",-9.93442253182689,8.91534970235892e-06,0.0230993294626084,-0.388030942484804,"liver"
"12-9715684","ENSSSAG00000105622",9.8696053032036,9.36127470409756e-06,0.0241925057225991,0.0361927960981175,"liver"
"12-9716569","ENSSSAG00000105622",9.8696053032036,9.36127470409756e-06,0.0241925057225991,0.0361927960981175,"liver"
"16-81828246","ENSSSAG00000106149",-9.86929789081258,9.363448075733e-06,0.0241925057225991,-0.0326076546442728,"liver"
"9-125841705","ENSSSAG00000066587",-9.79289157916962,9.92151463163117e-06,0.0256105239638691,-0.316570139102162,"liver"
"22-44233878","ENSSSAG00000052101",-9.78578896882611,9.97524893384579e-06,0.0257013679382154,-0.65111161549834,"liver"
"22-44233972","ENSSSAG00000052101",-9.78578896882611,9.97524893384579e-06,0.0257013679382154,-0.65111161549834,"liver"
"7-2270641","ENSSSAG00000097744",-9.78040756126782,1.00161778345727e-05,0.0257589427457727,-0.0250310978706734,"liver"
"7-2270936","ENSSSAG00000097744",-9.78040756126782,1.00161778345727e-05,0.0257589427457727,-0.0250310978706734,"liver"
"11-36458140","ENSSSAG00000113094",9.72276526168693,1.04665356684955e-05,0.0268672966326893,0.172170495165529,"liver"
"11-36535889","ENSSSAG00000113094",9.72276526168693,1.04665356684955e-05,0.0268672966326893,0.172170495165529,"liver"
"5-87319070","ENSSSAG00000117573",-9.70567260107646,1.06043899260247e-05,0.0271959830890158,-0.31287512969665,"liver"
"24-41511827","ENSSSAG00000114703",9.68071768525536,1.08093063213389e-05,0.0276610368610849,0.0378527030670582,"liver"
"9-76408746","ENSSSAG00000096524",9.67995255429421,1.08156585879295e-05,0.0276610368610849,0.0284664141877417,"liver"
"9-76438333","ENSSSAG00000096524",9.67995255429421,1.08156585879295e-05,0.0276610368610849,0.0284664141877417,"liver"
"9-82890610","ENSSSAG00000117169",-9.6602626503206,1.0980569227551e-05,0.0280569129087994,-0.0585890605898219,"liver"
"1-74320938","ENSSSAG00000000844",-9.59458302116312,1.1551280989943e-05,0.0294608567392526,-0.0506774853924336,"liver"
"1-74321373","ENSSSAG00000000844",-9.59458302116312,1.1551280989943e-05,0.0294608567392526,-0.0506774853924336,"liver"
"26-21571416","ENSSSAG00000109353",9.57513581378853,1.1726556948423e-05,0.0298803988035521,0.432040512450873,"liver"
"7-12922298","ENSSSAG00000119114",-9.55363889104997,1.19237670761549e-05,0.030355009416409,-0.0829079369321946,"liver"
"9-69688635","ENSSSAG00000040393",9.55105209729913,1.1947746330388e-05,0.0303747964528341,0.856424475343294,"liver"
"6-45298194","ENSSSAG00000117333",-9.55043739292653,1.19534524690403e-05,0.0303747964528341,-1.42850667688677,"liver"
"16-85733757","ENSSSAG00000102054",9.50172162835877,1.24154839878266e-05,0.0315199691469665,0.0947517923360344,"liver"
"13-7092855","ENSSSAG00000041366",9.4845798798024,1.25827703009787e-05,0.0318738412123952,0.423154944837911,"liver"
"27-43271896","ENSSSAG00000089484",9.48157457647522,1.26123572671197e-05,0.0318738412123952,0.146488596442495,"liver"
"27-43272406","ENSSSAG00000089484",9.48157457647522,1.26123572671197e-05,0.0318738412123952,0.146488596442495,"liver"
"27-43283323","ENSSSAG00000089484",9.48157457647521,1.26123572671199e-05,0.0318738412123952,0.0732442982212477,"liver"
"27-43267573","ENSSSAG00000089484",9.48157457647519,1.261235726712e-05,0.0318738412123952,0.146488596442495,"liver"
"11-105449481","ENSSSAG00000119494",-9.47591791503468,1.26682573236341e-05,0.0319859536956039,-0.122078034037079,"liver"
"2-1335038","ENSSSAG00000002874",-9.44364593066,1.29925072073475e-05,0.0320370578544962,-0.0616531071245103,"liver"
"2-1335171","ENSSSAG00000002874",-9.44364593066,1.29925072073475e-05,0.0320370578544962,-0.0616531071245103,"liver"
"2-1336321","ENSSSAG00000002874",-9.44364593066,1.29925072073475e-05,0.0320370578544962,-0.0616531071245103,"liver"
"22-53667183","ENSSSAG00000104275",9.4428608504604,1.30005097108995e-05,0.0320370578544962,0.255697648581107,"liver"
"22-53667303","ENSSSAG00000104275",9.4428608504604,1.30005097108995e-05,0.0320370578544962,0.255697648581107,"liver"
"22-53667798","ENSSSAG00000104275",9.4428608504604,1.30005097108995e-05,0.0320370578544962,0.255697648581107,"liver"
"22-53667997","ENSSSAG00000104275",9.4428608504604,1.30005097108995e-05,0.0320370578544962,0.255697648581107,"liver"
"22-53668165","ENSSSAG00000104275",9.4428608504604,1.30005097108995e-05,0.0320370578544962,0.255697648581107,"liver"
"22-53668482","ENSSSAG00000104275",9.4428608504604,1.30005097108995e-05,0.0320370578544962,0.255697648581107,"liver"
"22-53670237","ENSSSAG00000104275",9.4428608504604,1.30005097108995e-05,0.0320370578544962,0.255697648581107,"liver"
"22-53672416","ENSSSAG00000104275",9.4428608504604,1.30005097108995e-05,0.0320370578544962,0.255697648581107,"liver"
"22-53673153","ENSSSAG00000104275",9.4428608504604,1.30005097108995e-05,0.0320370578544962,0.255697648581107,"liver"
"22-53673174","ENSSSAG00000104275",9.4428608504604,1.30005097108995e-05,0.0320370578544962,0.255697648581107,"liver"
"22-53673542","ENSSSAG00000104275",9.4428608504604,1.30005097108995e-05,0.0320370578544962,0.255697648581107,"liver"
"22-53674000","ENSSSAG00000104275",9.4428608504604,1.30005097108995e-05,0.0320370578544962,0.255697648581107,"liver"
"22-53674425","ENSSSAG00000104275",9.4428608504604,1.30005097108995e-05,0.0320370578544962,0.255697648581107,"liver"
"22-53674932","ENSSSAG00000104275",9.4428608504604,1.30005097108995e-05,0.0320370578544962,0.255697648581107,"liver"
"22-53675027","ENSSSAG00000104275",9.4428608504604,1.30005097108995e-05,0.0320370578544962,0.255697648581107,"liver"
"22-53675764","ENSSSAG00000104275",9.4428608504604,1.30005097108995e-05,0.0320370578544962,0.255697648581107,"liver"
"22-53676686","ENSSSAG00000104275",9.4428608504604,1.30005097108995e-05,0.0320370578544962,0.255697648581107,"liver"
"22-53676734","ENSSSAG00000104275",9.4428608504604,1.30005097108995e-05,0.0320370578544962,0.255697648581107,"liver"
"22-53678883","ENSSSAG00000104275",9.4428608504604,1.30005097108995e-05,0.0320370578544962,0.255697648581107,"liver"
"22-53680128","ENSSSAG00000104275",9.4428608504604,1.30005097108995e-05,0.0320370578544962,0.255697648581107,"liver"
"22-53680223","ENSSSAG00000104275",9.4428608504604,1.30005097108995e-05,0.0320370578544962,0.255697648581107,"liver"
"22-53681185","ENSSSAG00000104275",9.4428608504604,1.30005097108995e-05,0.0320370578544962,0.255697648581107,"liver"
"22-53681277","ENSSSAG00000104275",9.4428608504604,1.30005097108995e-05,0.0320370578544962,0.255697648581107,"liver"
"22-53681299","ENSSSAG00000104275",9.4428608504604,1.30005097108995e-05,0.0320370578544962,0.255697648581107,"liver"
"9-141106433","ENSSSAG00000057150",9.43604102388635,1.30702574968309e-05,0.0321803320567778,0.0180889205517597,"liver"
"9-156244576","ENSSSAG00000109438",9.36099204357039,1.38659942862745e-05,0.0341092263297897,0.801717115509511,"liver"
"15-1876318","ENSSSAG00000091755",-9.34673174915446,1.40232231509251e-05,0.0344654150840258,-0.123606324635984,"liver"
"25-52681215","ENSSSAG00000103462",9.3009965984316,1.45410487885283e-05,0.0355803806238764,0.09513210437544,"liver"
"25-52683156","ENSSSAG00000103462",9.3009965984316,1.45410487885283e-05,0.0355803806238764,0.09513210437544,"liver"
"25-52688999","ENSSSAG00000103462",9.3009965984316,1.45410487885283e-05,0.0355803806238764,0.09513210437544,"liver"
"25-52689156","ENSSSAG00000103462",9.3009965984316,1.45410487885283e-05,0.0355803806238764,0.09513210437544,"liver"
"25-52689568","ENSSSAG00000103462",9.3009965984316,1.45410487885283e-05,0.0355803806238764,0.09513210437544,"liver"
"22-57736783","ENSSSAG00000114935",9.26726970124536,1.49365740607878e-05,0.0363237696748876,0.563407648162667,"liver"
"22-57747226","ENSSSAG00000114935",9.26726970124536,1.49365740607878e-05,0.0363237696748876,0.563407648162667,"liver"
"22-57867992","ENSSSAG00000114935",9.26726970124536,1.49365740607878e-05,0.0363237696748876,0.563407648162667,"liver"
"22-57850878","ENSSSAG00000114935",-9.2672697012453,1.49365740607885e-05,0.0363237696748876,-0.563407648162667,"liver"
"22-57851012","ENSSSAG00000114935",-9.2672697012453,1.49365740607885e-05,0.0363237696748876,-0.563407648162667,"liver"
"22-57851035","ENSSSAG00000114935",-9.2672697012453,1.49365740607885e-05,0.0363237696748876,-0.563407648162667,"liver"
"22-57851173","ENSSSAG00000114935",-9.2672697012453,1.49365740607885e-05,0.0363237696748876,-0.563407648162667,"liver"
"1-154134547","ENSSSAG00000079410",-9.24536751221326,1.51998456070433e-05,0.0368992756321618,-0.0912376106610633,"liver"
"1-154138152","ENSSSAG00000079410",-9.24536751221326,1.51998456070433e-05,0.0368992756321618,-0.0912376106610633,"liver"
"9-69688635","ENSSSAG00000040621",9.235279645321,1.53228417880914e-05,0.0371653181553259,0.724666357483094,"liver"
"23-49220717","ENSSSAG00000086635",9.22127266324706,1.54954654623808e-05,0.0374856267625276,0.0167240637780413,"liver"
"23-49220826","ENSSSAG00000086635",9.22127266324706,1.54954654623808e-05,0.0374856267625276,0.0167240637780413,"liver"
"23-49221796","ENSSSAG00000086635",9.22127266324706,1.54954654623808e-05,0.0374856267625276,0.0167240637780413,"liver"
"1-83924718","ENSSSAG00000101296",-9.19948163712313,1.57683466569353e-05,0.0378813212470319,-0.211870007866099,"liver"
"1-83951952","ENSSSAG00000101296",-9.19948163712313,1.57683466569353e-05,0.0378813212470319,-0.211870007866099,"liver"
"1-83979091","ENSSSAG00000101296",-9.19948163712313,1.57683466569353e-05,0.0378813212470319,-0.211870007866099,"liver"
"1-83993993","ENSSSAG00000101296",-9.19948163712313,1.57683466569353e-05,0.0378813212470319,-0.211870007866099,"liver"
"1-84004160","ENSSSAG00000101296",-9.19948163712313,1.57683466569353e-05,0.0378813212470319,-0.211870007866099,"liver"
"1-84005758","ENSSSAG00000101296",-9.19948163712313,1.57683466569353e-05,0.0378813212470319,-0.211870007866099,"liver"
"1-84035340","ENSSSAG00000101296",-9.19948163712313,1.57683466569353e-05,0.0378813212470319,-0.211870007866099,"liver"
"1-84084293","ENSSSAG00000101296",-9.19948163712313,1.57683466569353e-05,0.0378813212470319,-0.211870007866099,"liver"
"24-46304371","ENSSSAG00000088620",-9.19830751712622,1.57832010928738e-05,0.0378841784438145,-0.558064295706038,"liver"
"24-39320883","ENSSSAG00000075746",9.13270020093304,1.66385567217397e-05,0.0398648300098786,0.365583200517648,"liver"
"22-58179907","ENSSSAG00000094825",-9.13173551959876,1.66515132769016e-05,0.0398648300098786,-0.696912363546797,"liver"
"22-58180828","ENSSSAG00000094825",9.13173551959876,1.66515132769016e-05,0.0398648300098786,0.696912363546797,"liver"
"11-109412864","ENSSSAG00000083256",9.13028339014424,1.66710379147427e-05,0.0398771370760489,0.171509909970381,"liver"
"26-21263111","ENSSSAG00000106015",9.10219360208255,1.70537850993084e-05,0.040722397063377,0.819173235923668,"liver"
"26-21309016","ENSSSAG00000106015",9.10219360208255,1.70537850993084e-05,0.040722397063377,0.819173235923668,"liver"
"7-63414309","ENSSSAG00000120834",-9.09190540178303,1.71964126450086e-05,0.0409923589610703,-0.0673221257836206,"liver"
"7-63414355","ENSSSAG00000120834",9.09190540178301,1.71964126450089e-05,0.0409923589610703,0.0673221257836206,"liver"
"1-3748382","ENSSSAG00000101304",-9.06715853936538,1.75449593482476e-05,0.0417872848839931,-0.54674522446275,"liver"
"24-4388933","ENSSSAG00000093907",9.06134319602275,1.76280031844658e-05,0.0419112733673023,0.0453389093271223,"liver"
"20-4344083","ENSSSAG00000088518",9.06112345679127,1.76311496647186e-05,0.0419112733673023,0.00866989905453255,"liver"
"22-2147812","ENSSSAG00000057316",9.05928575987942,1.76574884485243e-05,0.0419112733673023,0.0319665970397289,"liver"
"22-2181056","ENSSSAG00000057316",9.05928575987942,1.76574884485243e-05,0.0419112733673023,0.0319665970397289,"liver"
"29-33659522","ENSSSAG00000067081",9.04839763070643,1.78144448201959e-05,0.0422476492676895,0.269527871562193,"liver"
"20-12872067","ENSSSAG00000113454",-9.03179304110842,1.8056807965793e-05,0.0427319853321453,-0.336233191098912,"liver"
"3-92755105","ENSSSAG00000121482",9.03019486038987,1.8080328415064e-05,0.0427319853321453,0.0443594212575684,"liver"
"3-92727737","ENSSSAG00000121482",-9.03019486038985,1.80803284150642e-05,0.0427319853321453,-0.0443594212575684,"liver"
"3-92727805","ENSSSAG00000121482",-9.03019486038985,1.80803284150642e-05,0.0427319853321453,-0.0443594212575684,"liver"
"29-38561451","ENSSSAG00000094592",9.02231302843286,1.81968258917153e-05,0.0429706883539636,0.42729767928387,"liver"
"22-6190461","ENSSSAG00000066096",-9.01324974753482,1.83318207556605e-05,0.0432526283435911,-0.141309005160891,"liver"
"19-72278119","ENSSSAG00000101488",9.00739009826628,1.84196922606162e-05,0.0434229991710729,0.110182978622225,"liver"
"15-106651880","ENSSSAG00000046323",-8.98196832819512,1.88063912348863e-05,0.0442969446098735,-0.165205209469274,"liver"
"10-60350893","ENSSSAG00000039673",-8.96900146902403,1.90071114700456e-05,0.0447317201482514,-0.380024546779218,"liver"
"5-75435638","ENSSSAG00000101270",-8.93009496421368,1.96238310858792e-05,0.0461439491183073,-0.121048857900836,"liver"
"18-24048655","ENSSSAG00000108701",-8.92634734404783,1.96844032381213e-05,0.0462471541904556,-0.0968250008832331,"liver"
"17-65344978","ENSSSAG00000030104",-8.90759129013212,1.99907007687351e-05,0.0469270105601072,-0.267016114421552,"liver"
"14-40192761","ENSSSAG00000089415",-8.87498134003784,2.0535962362268e-05,0.0478628533730468,-0.0947107424369343,"liver"
"14-40194853","ENSSSAG00000089415",-8.87498134003784,2.0535962362268e-05,0.0478628533730468,-0.0947107424369343,"liver"
"14-40195048","ENSSSAG00000089415",-8.87498134003784,2.0535962362268e-05,0.0478628533730468,-0.0947107424369343,"liver"
"14-40195777","ENSSSAG00000089415",-8.87498134003784,2.0535962362268e-05,0.0478628533730468,-0.0947107424369343,"liver"
"14-40202193","ENSSSAG00000089415",-8.87498134003784,2.0535962362268e-05,0.0478628533730468,-0.0947107424369343,"liver"
"14-40203951","ENSSSAG00000089415",-8.87498134003784,2.0535962362268e-05,0.0478628533730468,-0.0947107424369343,"liver"
"14-40212285","ENSSSAG00000089415",-8.87498134003784,2.0535962362268e-05,0.0478628533730468,-0.0947107424369343,"liver"
"14-40214703","ENSSSAG00000089415",-8.87498134003784,2.0535962362268e-05,0.0478628533730468,-0.0947107424369343,"liver"
"1-8200913","ENSSSAG00000070793",-8.87446393941901,2.05447461372462e-05,0.0478628533730468,-0.37842941832487,"liver"
"20-73844594","ENSSSAG00000087087",-8.87243870732512,2.05791682437403e-05,0.047902791702771,-0.314261081489696,"liver"
"19-41117959","ENSSSAG00000041313",8.86049298045485,2.07835168520327e-05,0.048337874572885,0.35811480765925,"liver"
"19-87429278","ENSSSAG00000119043",8.84353999174323,2.10774124807612e-05,0.0489803200883289,0.225172487191328,"liver"
"8-19134305","ENSSSAG00000098035",8.82004711098836,2.14923641499036e-05,0.0498610078755972,0.0585180849307306,"liver"
"8-19297042","ENSSSAG00000098035",-8.82004711098834,2.14923641499038e-05,0.0498610078755972,-0.0292590424653653,"liver"
"9-48322963","ENSSSAG00000085821",8.81557066786958,2.15724585763574e-05,0.0499632017648575,0.162942629446139,"liver"
"9-48328958","ENSSSAG00000085821",8.81557066786958,2.15724585763574e-05,0.0499632017648575,0.162942629446139,"liver"
"1-89556185","ENSSSAG00000107128",-189812531.248503,6.64689742203201e-64,2.91572570935516e-60,-0.0386580548908051,"muscle"
"1-107190957","ENSSSAG00000098410",189812531.248503,6.64689742203201e-64,2.91572570935516e-60,0.0492205477316148,"muscle"
"1-107209013","ENSSSAG00000098410",189812531.248503,6.64689742203201e-64,2.91572570935516e-60,0.0492205477316148,"muscle"
"1-107209124","ENSSSAG00000098410",189812531.248503,6.64689742203201e-64,2.91572570935516e-60,0.0492205477316148,"muscle"
"1-107209296","ENSSSAG00000098410",189812531.248503,6.64689742203201e-64,2.91572570935516e-60,0.0492205477316148,"muscle"
"1-107209392","ENSSSAG00000098410",189812531.248503,6.64689742203201e-64,2.91572570935516e-60,0.0492205477316148,"muscle"
"1-107209450","ENSSSAG00000098410",189812531.248503,6.64689742203201e-64,2.91572570935516e-60,0.0492205477316148,"muscle"
"1-107209579","ENSSSAG00000098410",189812531.248503,6.64689742203201e-64,2.91572570935516e-60,0.0492205477316148,"muscle"
"1-131858023","ENSSSAG00000117668",-189812531.248503,6.64689742203201e-64,2.91572570935516e-60,-0.0420340596724241,"muscle"
"2-84900691","ENSSSAG00000116248",-189812531.248503,6.64689742203201e-64,2.91572570935516e-60,-0.0327827260236151,"muscle"
"3-4720331","ENSSSAG00000119289",-189812531.248503,6.64689742203201e-64,2.91572570935516e-60,-0.0504002957829566,"muscle"
"3-8177088","ENSSSAG00000111525",-189812531.248503,6.64689742203201e-64,2.91572570935516e-60,-0.059396595971674,"muscle"
"3-8190445","ENSSSAG00000111525",-189812531.248503,6.64689742203201e-64,2.91572570935516e-60,-0.118793191943348,"muscle"
"3-9087875","ENSSSAG00000111843",-189812531.248503,6.64689742203201e-64,2.91572570935516e-60,-0.0333999592325556,"muscle"
"3-9087887","ENSSSAG00000111843",-189812531.248503,6.64689742203201e-64,2.91572570935516e-60,-0.0333999592325556,"muscle"
"3-68705558","ENSSSAG00000070727",-189812531.248503,6.64689742203201e-64,2.91572570935516e-60,-0.048262405881904,"muscle"
"3-87118983","ENSSSAG00000108790",-189812531.248503,6.64689742203201e-64,2.91572570935516e-60,-0.124259793880595,"muscle"
"3-87119115","ENSSSAG00000108790",-189812531.248503,6.64689742203201e-64,2.91572570935516e-60,-0.124259793880595,"muscle"
"3-87119296","ENSSSAG00000108790",-189812531.248503,6.64689742203201e-64,2.91572570935516e-60,-0.124259793880595,"muscle"
"3-101277777","ENSSSAG00000085463",-189812531.248503,6.64689742203201e-64,2.91572570935516e-60,-0.0126983774339513,"muscle"
"3-101277777","ENSSSAG00000101333",-189812531.248503,6.64689742203201e-64,2.91572570935516e-60,-0.0126983774339513,"muscle"
"4-3874582","ENSSSAG00000085109",189812531.248503,6.64689742203201e-64,2.91572570935516e-60,0.0339762155549312,"muscle"
"4-24344283","ENSSSAG00000085757",-189812531.248503,6.64689742203201e-64,2.91572570935516e-60,-0.00642730058025754,"muscle"
"4-24382323","ENSSSAG00000085757",-189812531.248503,6.64689742203201e-64,2.91572570935516e-60,-0.00642730058025754,"muscle"
"4-24666231","ENSSSAG00000041354",189812531.248503,6.64689742203201e-64,2.91572570935516e-60,0.0673754308013823,"muscle"
"4-44156952","ENSSSAG00000097909",-189812531.248503,6.64689742203201e-64,2.91572570935516e-60,-0.0197643912710746,"muscle"
"5-16312674","ENSSSAG00000087186",189812531.248503,6.64689742203201e-64,2.91572570935516e-60,0.0739193829433231,"muscle"
"6-25640150","ENSSSAG00000122127",189812531.248503,6.64689742203201e-64,2.91572570935516e-60,0.01217162432934,"muscle"
"6-34199738","ENSSSAG00000070456",-189812531.248503,6.64689742203201e-64,2.91572570935516e-60,-0.0577697269500085,"muscle"
"6-82907960","ENSSSAG00000029856",-189812531.248503,6.64689742203201e-64,2.91572570935516e-60,-0.0185812935363515,"muscle"
"6-90464476","ENSSSAG00000096543",-189812531.248503,6.64689742203201e-64,2.91572570935516e-60,-0.0845414960098937,"muscle"
"7-61443911","ENSSSAG00000109502",-189812531.248503,6.64689742203201e-64,2.91572570935516e-60,-0.302146210632603,"muscle"
"7-61447816","ENSSSAG00000109502",-189812531.248503,6.64689742203201e-64,2.91572570935516e-60,-0.302146210632603,"muscle"
"9-86562914","ENSSSAG00000092797",-189812531.248503,6.64689742203201e-64,2.91572570935516e-60,-0.0566789655896692,"muscle"
"9-89115571","ENSSSAG00000040583",-189812531.248503,6.64689742203201e-64,2.91572570935516e-60,-0.102271349092293,"muscle"
"9-98221879","ENSSSAG00000096434",189812531.248503,6.64689742203201e-64,2.91572570935516e-60,0.157346425132162,"muscle"
"9-151092311","ENSSSAG00000100476",-189812531.248503,6.64689742203201e-64,2.91572570935516e-60,-0.0754283857381755,"muscle"
"9-151129029","ENSSSAG00000100476",-189812531.248503,6.64689742203201e-64,2.91572570935516e-60,-0.0754283857381755,"muscle"
"9-151129378","ENSSSAG00000100476",-189812531.248503,6.64689742203201e-64,2.91572570935516e-60,-0.0754283857381755,"muscle"
"9-151132257","ENSSSAG00000100476",-189812531.248503,6.64689742203201e-64,2.91572570935516e-60,-0.0754283857381755,"muscle"
"9-151133023","ENSSSAG00000100476",-189812531.248503,6.64689742203201e-64,2.91572570935516e-60,-0.0377141928690877,"muscle"
"9-151204651","ENSSSAG00000100476",-189812531.248503,6.64689742203201e-64,2.91572570935516e-60,-0.0754283857381755,"muscle"
"9-151205063","ENSSSAG00000100476",-189812531.248503,6.64689742203201e-64,2.91572570935516e-60,-0.0754283857381755,"muscle"
"9-151206002","ENSSSAG00000100476",-189812531.248503,6.64689742203201e-64,2.91572570935516e-60,-0.0754283857381755,"muscle"
"10-31871953","ENSSSAG00000066475",-189812531.248503,6.64689742203201e-64,2.91572570935516e-60,-0.0135823382361389,"muscle"
"10-31872032","ENSSSAG00000066475",-189812531.248503,6.64689742203201e-64,2.91572570935516e-60,-0.0135823382361389,"muscle"
"10-121945394","ENSSSAG00000056488",-189812531.248503,6.64689742203201e-64,2.91572570935516e-60,-0.0161853083659713,"muscle"
"11-43496328","ENSSSAG00000088315",-189812531.248503,6.64689742203201e-64,2.91572570935516e-60,-0.0448156094140208,"muscle"
"11-43496376","ENSSSAG00000088315",-189812531.248503,6.64689742203201e-64,2.91572570935516e-60,-0.0448156094140208,"muscle"
"11-78310944","ENSSSAG00000113868",-189812531.248503,6.64689742203201e-64,2.91572570935516e-60,-0.0621462870258912,"muscle"
"11-108814625","ENSSSAG00000005789",-189812531.248503,6.64689742203201e-64,2.91572570935516e-60,-0.0218368314091651,"muscle"
"11-108832152","ENSSSAG00000005789",-189812531.248503,6.64689742203201e-64,2.91572570935516e-60,-0.0218368314091651,"muscle"
"12-56039285","ENSSSAG00000062842",189812531.248503,6.64689742203201e-64,2.91572570935516e-60,0.0492005561376034,"muscle"
"12-97358046","ENSSSAG00000085398",-189812531.248503,6.64689742203201e-64,2.91572570935516e-60,-0.0599825333688191,"muscle"
"12-97358193","ENSSSAG00000085398",-189812531.248503,6.64689742203201e-64,2.91572570935516e-60,-0.0599825333688191,"muscle"
"13-6521406","ENSSSAG00000056569",189812531.248503,6.64689742203201e-64,2.91572570935516e-60,0.101138615968269,"muscle"
"13-17010829","ENSSSAG00000086390",189812531.248503,6.64689742203201e-64,2.91572570935516e-60,0.136697251002314,"muscle"
"13-28364488","ENSSSAG00000099086",189812531.248503,6.64689742203201e-64,2.91572570935516e-60,0.0137229460031876,"muscle"
"13-28364841","ENSSSAG00000099086",189812531.248503,6.64689742203201e-64,2.91572570935516e-60,0.0274458920063753,"muscle"
"13-38940133","ENSSSAG00000089817",-189812531.248503,6.64689742203201e-64,2.91572570935516e-60,-0.0622158257679258,"muscle"
"13-66952918","ENSSSAG00000093155",-189812531.248503,6.64689742203201e-64,2.91572570935516e-60,-0.0814472592904819,"muscle"
"13-66953105","ENSSSAG00000093155",-189812531.248503,6.64689742203201e-64,2.91572570935516e-60,-0.0814472592904819,"muscle"
"13-66953221","ENSSSAG00000093155",-189812531.248503,6.64689742203201e-64,2.91572570935516e-60,-0.0814472592904819,"muscle"
"13-66953314","ENSSSAG00000093155",-189812531.248503,6.64689742203201e-64,2.91572570935516e-60,-0.0814472592904819,"muscle"
"14-26169821","ENSSSAG00000105807",-189812531.248503,6.64689742203201e-64,2.91572570935516e-60,-0.254207240063301,"muscle"
"14-37573780","ENSSSAG00000086464",-189812531.248503,6.64689742203201e-64,2.91572570935516e-60,-0.0349616562328979,"muscle"
"14-42346768","ENSSSAG00000111426",189812531.248503,6.64689742203201e-64,2.91572570935516e-60,0.0903752959977536,"muscle"
"14-83486642","ENSSSAG00000086384",-189812531.248503,6.64689742203201e-64,2.91572570935516e-60,-0.0430278797654635,"muscle"
"14-100886943","ENSSSAG00000111569",-189812531.248503,6.64689742203201e-64,2.91572570935516e-60,-0.013453372477536,"muscle"
"15-7422048","ENSSSAG00000093197",-189812531.248503,6.64689742203201e-64,2.91572570935516e-60,-0.0218182416389194,"muscle"
"15-106825370","ENSSSAG00000082271",-189812531.248503,6.64689742203201e-64,2.91572570935516e-60,-0.01310865165852,"muscle"
"15-106864812","ENSSSAG00000082271",-189812531.248503,6.64689742203201e-64,2.91572570935516e-60,-0.0262173033170401,"muscle"
"16-52877133","ENSSSAG00000086104",-189812531.248503,6.64689742203201e-64,2.91572570935516e-60,-0.0610659361876271,"muscle"
"16-75118042","ENSSSAG00000104180",-189812531.248503,6.64689742203201e-64,2.91572570935516e-60,-0.61394162237897,"muscle"
"16-90053531","ENSSSAG00000082351",189812531.248503,6.64689742203201e-64,2.91572570935516e-60,0.0375953545117382,"muscle"
"17-17624741","ENSSSAG00000106953",189812531.248503,6.64689742203201e-64,2.91572570935516e-60,0.0201506059602673,"muscle"
"17-37606111","ENSSSAG00000108236",189812531.248503,6.64689742203201e-64,2.91572570935516e-60,0.060937984477933,"muscle"
"17-70106250","ENSSSAG00000108033",-189812531.248503,6.64689742203201e-64,2.91572570935516e-60,-0.00945416818086381,"muscle"
"17-70256045","ENSSSAG00000108033",-189812531.248503,6.64689742203201e-64,2.91572570935516e-60,-0.00945416818086381,"muscle"
"18-7814706","ENSSSAG00000089675",189812531.248503,6.64689742203201e-64,2.91572570935516e-60,0.0159570070741918,"muscle"
"18-36653228","ENSSSAG00000119384",-189812531.248503,6.64689742203201e-64,2.91572570935516e-60,-0.0361621944961071,"muscle"
"18-36659155","ENSSSAG00000119384",-189812531.248503,6.64689742203201e-64,2.91572570935516e-60,-0.0361621944961071,"muscle"
"18-80784606","ENSSSAG00000086175",-189812531.248503,6.64689742203201e-64,2.91572570935516e-60,-0.0187000589066685,"muscle"
"18-80842875","ENSSSAG00000086175",189812531.248503,6.64689742203201e-64,2.91572570935516e-60,0.00935002945333425,"muscle"
"18-80843055","ENSSSAG00000086175",189812531.248503,6.64689742203201e-64,2.91572570935516e-60,0.00935002945333425,"muscle"
"18-81679203","ENSSSAG00000043589",-189812531.248503,6.64689742203201e-64,2.91572570935516e-60,-0.0565693514878943,"muscle"
"18-81679235","ENSSSAG00000043589",-189812531.248503,6.64689742203201e-64,2.91572570935516e-60,-0.0565693514878943,"muscle"
"19-8562721","ENSSSAG00000100254",-189812531.248503,6.64689742203201e-64,2.91572570935516e-60,-0.0644525799447326,"muscle"
"19-78683206","ENSSSAG00000105513",-189812531.248503,6.64689742203201e-64,2.91572570935516e-60,-0.133651135455064,"muscle"
"19-83672289","ENSSSAG00000097362",-189812531.248503,6.64689742203201e-64,2.91572570935516e-60,-0.102149552408078,"muscle"
"19-83674220","ENSSSAG00000097362",-189812531.248503,6.64689742203201e-64,2.91572570935516e-60,-0.102149552408078,"muscle"
"19-83674774","ENSSSAG00000097362",-189812531.248503,6.64689742203201e-64,2.91572570935516e-60,-0.102149552408078,"muscle"
"20-95838664","ENSSSAG00000066366",189812531.248503,6.64689742203201e-64,2.91572570935516e-60,0.0249355099176954,"muscle"
"20-95940365","ENSSSAG00000066366",189812531.248503,6.64689742203201e-64,2.91572570935516e-60,0.0249355099176954,"muscle"
"20-96246006","ENSSSAG00000085737",-189812531.248503,6.64689742203201e-64,2.91572570935516e-60,-0.0411308910835159,"muscle"
"22-63275956","ENSSSAG00000091562",-189812531.248503,6.64689742203201e-64,2.91572570935516e-60,-0.0191896943931413,"muscle"
"23-6312083","ENSSSAG00000112953",-189812531.248503,6.64689742203201e-64,2.91572570935516e-60,-0.0445688861463827,"muscle"
"24-23743173","ENSSSAG00000081657",-189812531.248503,6.64689742203201e-64,2.91572570935516e-60,-0.0512623439085894,"muscle"
"25-54193569","ENSSSAG00000090778",189812531.248503,6.64689742203201e-64,2.91572570935516e-60,0.0455458594806429,"muscle"
"25-54193760","ENSSSAG00000090778",189812531.248503,6.64689742203201e-64,2.91572570935516e-60,0.0455458594806429,"muscle"
"26-50712343","ENSSSAG00000008806",189812531.248503,6.64689742203201e-64,2.91572570935516e-60,0.102276765784915,"muscle"
"26-52494551","ENSSSAG00000101869",-189812531.248503,6.64689742203201e-64,2.91572570935516e-60,-0.0357994827977653,"muscle"
"26-52494600","ENSSSAG00000101869",-189812531.248503,6.64689742203201e-64,2.91572570935516e-60,-0.0357994827977653,"muscle"
"29-30373206","ENSSSAG00000052240",-189812531.248503,6.64689742203201e-64,2.91572570935516e-60,-0.0627231243014393,"muscle"
"1-16623570","ENSSSAG00000039798",134217728,1.0635035875251e-62,4.2422760248919e-59,0.0409461468130403,"muscle"
"1-16623618","ENSSSAG00000039798",134217728,1.0635035875251e-62,4.2422760248919e-59,0.0409461468130403,"muscle"
"1-23030960","ENSSSAG00000001941",-134217728,1.0635035875251e-62,4.2422760248919e-59,-0.0974125138052781,"muscle"
"1-87535551","ENSSSAG00000000991",-134217728,1.0635035875251e-62,4.2422760248919e-59,-0.0371955870458479,"muscle"
"1-110884991","ENSSSAG00000000312",-134217728,1.0635035875251e-62,4.2422760248919e-59,-0.0996127287334626,"muscle"
"1-110885345","ENSSSAG00000000312",-134217728,1.0635035875251e-62,4.2422760248919e-59,-0.0996127287334626,"muscle"
"1-167501829","ENSSSAG00000097297",134217728,1.0635035875251e-62,4.2422760248919e-59,0.0183329203548622,"muscle"
"1-167502309","ENSSSAG00000097297",134217728,1.0635035875251e-62,4.2422760248919e-59,0.0183329203548622,"muscle"
"1-167502767","ENSSSAG00000097297",134217728,1.0635035875251e-62,4.2422760248919e-59,0.0183329203548622,"muscle"
"1-170212581","ENSSSAG00000071128",134217728,1.0635035875251e-62,4.2422760248919e-59,0.0445564527428005,"muscle"
"1-170375865","ENSSSAG00000071128",134217728,1.0635035875251e-62,4.2422760248919e-59,0.0445564527428005,"muscle"
"3-101136151","ENSSSAG00000098645",-134217728,1.0635035875251e-62,4.2422760248919e-59,-0.065768077423337,"muscle"
"5-76637904","ENSSSAG00000085304",-134217728,1.0635035875251e-62,4.2422760248919e-59,-0.131460625064549,"muscle"
"5-76638252","ENSSSAG00000085304",-134217728,1.0635035875251e-62,4.2422760248919e-59,-0.131460625064549,"muscle"
"5-76638447","ENSSSAG00000085304",-134217728,1.0635035875251e-62,4.2422760248919e-59,-0.131460625064549,"muscle"
"5-76638643","ENSSSAG00000085304",-134217728,1.0635035875251e-62,4.2422760248919e-59,-0.131460625064549,"muscle"
"5-76638930","ENSSSAG00000085304",-134217728,1.0635035875251e-62,4.2422760248919e-59,-0.131460625064549,"muscle"
"5-76639191","ENSSSAG00000085304",-134217728,1.0635035875251e-62,4.2422760248919e-59,-0.131460625064549,"muscle"
"5-76696722","ENSSSAG00000085304",-134217728,1.0635035875251e-62,4.2422760248919e-59,-0.131460625064549,"muscle"
"5-76729998","ENSSSAG00000085304",-134217728,1.0635035875251e-62,4.2422760248919e-59,-0.131460625064549,"muscle"
"5-87909299","ENSSSAG00000037747",-134217728,1.0635035875251e-62,4.2422760248919e-59,-0.114129257620598,"muscle"
"5-87962526","ENSSSAG00000037747",-134217728,1.0635035875251e-62,4.2422760248919e-59,-0.114129257620598,"muscle"
"5-87989754","ENSSSAG00000037747",-134217728,1.0635035875251e-62,4.2422760248919e-59,-0.114129257620598,"muscle"
"5-87990366","ENSSSAG00000037747",-134217728,1.0635035875251e-62,4.2422760248919e-59,-0.114129257620598,"muscle"
"5-87991288","ENSSSAG00000037747",-134217728,1.0635035875251e-62,4.2422760248919e-59,-0.114129257620598,"muscle"
"5-87991317","ENSSSAG00000037747",-134217728,1.0635035875251e-62,4.2422760248919e-59,-0.114129257620598,"muscle"
"5-87992262","ENSSSAG00000037747",-134217728,1.0635035875251e-62,4.2422760248919e-59,-0.114129257620598,"muscle"
"5-87992297","ENSSSAG00000037747",-134217728,1.0635035875251e-62,4.2422760248919e-59,-0.114129257620598,"muscle"
"5-87992379","ENSSSAG00000037747",-134217728,1.0635035875251e-62,4.2422760248919e-59,-0.114129257620598,"muscle"
"5-87992440","ENSSSAG00000037747",-134217728,1.0635035875251e-62,4.2422760248919e-59,-0.114129257620598,"muscle"
"5-87992789","ENSSSAG00000037747",-134217728,1.0635035875251e-62,4.2422760248919e-59,-0.114129257620598,"muscle"
"5-87992894","ENSSSAG00000037747",-134217728,1.0635035875251e-62,4.2422760248919e-59,-0.114129257620598,"muscle"
"5-87993107","ENSSSAG00000037747",-134217728,1.0635035875251e-62,4.2422760248919e-59,-0.114129257620598,"muscle"
"6-91547127","ENSSSAG00000088557",-134217728,1.0635035875251e-62,4.2422760248919e-59,-0.0173967944232472,"muscle"
"6-91547127","ENSSSAG00000093590",-134217728,1.0635035875251e-62,4.2422760248919e-59,-0.0173967944232472,"muscle"
"7-4073542","ENSSSAG00000003857",-134217728,1.0635035875251e-62,4.2422760248919e-59,-0.396170042521812,"muscle"
"7-16789387","ENSSSAG00000105853",-134217728,1.0635035875251e-62,4.2422760248919e-59,-0.0339568834781823,"muscle"
"8-19219234","ENSSSAG00000091052",-134217728,1.0635035875251e-62,4.2422760248919e-59,-1.05216584786661,"muscle"
"9-18133139","ENSSSAG00000104109",-134217728,1.0635035875251e-62,4.2422760248919e-59,-0.0465934674826944,"muscle"
"9-51415549","ENSSSAG00000119182",134217728,1.0635035875251e-62,4.2422760248919e-59,0.1518030692017,"muscle"
"9-93970179","ENSSSAG00000105894",-134217728,1.0635035875251e-62,4.2422760248919e-59,-0.06856227723987,"muscle"
"9-93986752","ENSSSAG00000105894",-134217728,1.0635035875251e-62,4.2422760248919e-59,-0.06856227723987,"muscle"
"9-93988612","ENSSSAG00000105894",-134217728,1.0635035875251e-62,4.2422760248919e-59,-0.06856227723987,"muscle"
"9-93989033","ENSSSAG00000105894",-134217728,1.0635035875251e-62,4.2422760248919e-59,-0.06856227723987,"muscle"
"12-99688804","ENSSSAG00000103257",-134217728,1.0635035875251e-62,4.2422760248919e-59,-0.0397177050169783,"muscle"
"13-102132201","ENSSSAG00000114801",-134217728,1.0635035875251e-62,4.2422760248919e-59,-0.0328882050800721,"muscle"
"13-107513957","ENSSSAG00000105740",-134217728,1.0635035875251e-62,4.2422760248919e-59,-0.0358921025474495,"muscle"
"13-107514047","ENSSSAG00000105740",-134217728,1.0635035875251e-62,4.2422760248919e-59,-0.0358921025474495,"muscle"
"13-107553635","ENSSSAG00000105740",-134217728,1.0635035875251e-62,4.2422760248919e-59,-0.0358921025474495,"muscle"
"14-96160125","ENSSSAG00000095627",134217728,1.0635035875251e-62,4.2422760248919e-59,0.0383818999093359,"muscle"
"15-17754726","ENSSSAG00000094955",-134217728,1.0635035875251e-62,4.2422760248919e-59,-0.0032379927336678,"muscle"
"16-6051107","ENSSSAG00000006079",-134217728,1.0635035875251e-62,4.2422760248919e-59,-0.0641309380868833,"muscle"
"18-32395502","ENSSSAG00000071985",-134217728,1.0635035875251e-62,4.2422760248919e-59,-0.0680183968407228,"muscle"
"18-79537877","ENSSSAG00000084654",-134217728,1.0635035875251e-62,4.2422760248919e-59,-0.037758105602602,"muscle"
"18-79586608","ENSSSAG00000121210",-134217728,1.0635035875251e-62,4.2422760248919e-59,-0.0809521401682625,"muscle"
"19-69504329","ENSSSAG00000107371",-134217728,1.0635035875251e-62,4.2422760248919e-59,-0.0198369404329675,"muscle"
"19-82071126","ENSSSAG00000094006",-134217728,1.0635035875251e-62,4.2422760248919e-59,-0.164742106407623,"muscle"
"20-12685230","ENSSSAG00000111684",-134217728,1.0635035875251e-62,4.2422760248919e-59,-0.324195036420365,"muscle"
"21-57586028","ENSSSAG00000064688",-134217728,1.0635035875251e-62,4.2422760248919e-59,-0.136783598465431,"muscle"
"22-48095793","ENSSSAG00000071979",-134217728,1.0635035875251e-62,4.2422760248919e-59,-0.0171255176219421,"muscle"
"23-44795723","ENSSSAG00000038705",-134217728,1.0635035875251e-62,4.2422760248919e-59,-0.134565857381309,"muscle"
"27-42103768","ENSSSAG00000106683",-134217728,1.0635035875251e-62,4.2422760248919e-59,-0.0236090989721732,"muscle"
"27-42103973","ENSSSAG00000106683",-134217728,1.0635035875251e-62,4.2422760248919e-59,-0.0236090989721732,"muscle"
"1-157732603","ENSSSAG00000115821",109588316.011887,5.38398691184588e-62,2.11119986581765e-58,0.0587386091179458,"muscle"
"3-88282070","ENSSSAG00000091818",109588316.011887,5.38398691184588e-62,2.11119986581765e-58,0.0215677352428466,"muscle"
"3-88282126","ENSSSAG00000091818",109588316.011887,5.38398691184588e-62,2.11119986581765e-58,0.0215677352428466,"muscle"
"12-94957429","ENSSSAG00000103859",109588316.011887,5.38398691184588e-62,2.11119986581765e-58,0.0248165073541227,"muscle"
"12-94957429","ENSSSAG00000084747",109588316.011887,5.38398691184588e-62,2.11119986581765e-58,0.0841085846281795,"muscle"
"12-99306695","ENSSSAG00000104521",109588316.011887,5.38398691184588e-62,2.11119986581765e-58,0.062580355181406,"muscle"
"16-74258844","ENSSSAG00000106569",109588316.011887,5.38398691184588e-62,2.11119986581765e-58,0.0455382156451573,"muscle"
"17-74374927","ENSSSAG00000007759",109588316.011887,5.38398691184588e-62,2.11119986581765e-58,0.0448758465475546,"muscle"
"17-82231813","ENSSSAG00000115708",-109588316.011887,5.38398691184588e-62,2.11119986581765e-58,-0.0575799916302097,"muscle"
"26-44300446","ENSSSAG00000097961",109588316.011887,5.38398691184588e-62,2.11119986581765e-58,0.0327556286899911,"muscle"
"29-33609342","ENSSSAG00000120647",-109588316.011887,5.38398691184588e-62,2.11119986581765e-58,-0.0788259677456407,"muscle"
"29-33625396","ENSSSAG00000120647",-109588316.011887,5.38398691184588e-62,2.11119986581765e-58,-0.0788259677456407,"muscle"
"1-7660536","ENSSSAG00000097675",94906265.6242515,1.70160574004017e-61,6.6348958363992e-58,0.0402403854184668,"muscle"
"1-7660836","ENSSSAG00000097675",94906265.6242515,1.70160574004017e-61,6.6348958363992e-58,0.0402403854184668,"muscle"
"1-7661547","ENSSSAG00000097675",94906265.6242515,1.70160574004017e-61,6.6348958363992e-58,0.0402403854184668,"muscle"
"1-7662268","ENSSSAG00000097675",94906265.6242515,1.70160574004017e-61,6.6348958363992e-58,0.0402403854184668,"muscle"
"23-25764324","ENSSSAG00000105961",84886744.5705912,4.15431088876994e-61,1.61757254943156e-57,0.0792353048885374,"muscle"
"9-8255186","ENSSSAG00000107348",28623.8070885571,2.48541455390911e-33,9.66393666875777e-30,0.055650861368007,"muscle"
"9-46106457","ENSSSAG00000099814",-860.195158839178,3.73615742198241e-21,1.45068033186654e-17,-0.0717758272282363,"muscle"
"6-92976024","ENSSSAG00000106421",462.082199432408,5.38772642730055e-19,2.07452086367663e-15,0.111287131808357,"muscle"
"6-92976831","ENSSSAG00000106421",462.082199432408,5.38772642730055e-19,2.07452086367663e-15,0.111287131808357,"muscle"
"6-92987552","ENSSSAG00000106421",462.082199432408,5.38772642730055e-19,2.07452086367663e-15,0.111287131808357,"muscle"
"6-92998039","ENSSSAG00000106421",462.082199432408,5.38772642730055e-19,2.07452086367663e-15,0.111287131808357,"muscle"
"6-92998071","ENSSSAG00000106421",462.082199432408,5.38772642730055e-19,2.07452086367663e-15,0.111287131808357,"muscle"
"6-92998221","ENSSSAG00000106421",462.082199432408,5.38772642730055e-19,2.07452086367663e-15,0.111287131808357,"muscle"
"19-9071279","ENSSSAG00000073249",457.829928388144,5.80129458256952e-19,2.22757579069257e-15,0.0489415241398191,"muscle"
"19-9071707","ENSSSAG00000073249",457.829928388144,5.80129458256952e-19,2.22757579069257e-15,0.0489415241398191,"muscle"
"1-118117007","ENSSSAG00000094559",449.337544009257,6.73867354715158e-19,2.58393085702645e-15,0.00431517575953797,"muscle"
"29-42288355","ENSSSAG00000085830",443.531967716394,7.47747595671047e-19,2.86326290629712e-15,0.0766460811958735,"muscle"
"3-92753404","ENSSSAG00000117124",395.094757811042,1.88593951082969e-18,7.21164799740545e-15,0.0237160268058937,"muscle"
"6-14269135","ENSSSAG00000122242",306.902028832677,1.42261426493451e-17,5.43244460398296e-14,0.0391946697277143,"muscle"
"5-79559684","ENSSSAG00000121467",292.624745043406,2.08249311855709e-17,7.9413425926771e-14,0.0122037219375508,"muscle"
"22-57743230","ENSSSAG00000114935",-285.695288756156,2.52255219268645e-17,9.6062425793932e-14,-0.189909719932299,"muscle"
"5-4215514","ENSSSAG00000058193",277.205823104978,3.21097163961544e-17,1.21943421844978e-13,0.0194299842983168,"muscle"
"5-4345206","ENSSSAG00000058193",277.205823104978,3.21097163961544e-17,1.21943421844978e-13,0.00971499214915838,"muscle"
"8-27358767","ENSSSAG00000084687",-263.487182707471,4.81905543453502e-17,1.82763435482476e-13,-0.10593952449669,"muscle"
"26-25310803","ENSSSAG00000056168",-249.458306838613,7.46505960895527e-17,2.82341081047455e-13,-0.0409369417279628,"muscle"
"26-25154683","ENSSSAG00000056168",-249.458306838398,7.46505960900688e-17,2.82341081047455e-13,-0.0409369417279628,"muscle"
"24-17571074","ENSSSAG00000072852",-226.552921059895,1.61293558102443e-16,6.09208186158837e-13,-0.0673134466856361,"muscle"
"14-16287299","ENSSSAG00000073257",213.281324044336,2.61408954462237e-16,9.86002211313386e-13,0.158714894983929,"muscle"
"2-55247281","ENSSSAG00000045791",-203.535555012373,3.80008964685602e-16,1.43139928404602e-12,-0.0166948404863781,"muscle"
"14-38456040","ENSSSAG00000117702",185.451569376913,7.99853195616825e-16,3.00468321131598e-12,0.135869965908686,"muscle"
"14-38456277","ENSSSAG00000117702",185.451569376913,7.99853195616825e-16,3.00468321131598e-12,0.135869965908686,"muscle"
"7-65973254","ENSSSAG00000114548",183.573834203485,8.67682183615075e-16,3.25507507499242e-12,0.0594073582533169,"muscle"
"2-68377214","ENSSSAG00000109621",-149.102960643622,4.57894450310152e-15,1.71545143720796e-11,-0.09210428380016,"muscle"
"27-41740586","ENSSSAG00000104699",148.099105307926,4.83312900211995e-15,1.80823531623727e-11,0.017290116350802,"muscle"
"2-55034502","ENSSSAG00000044124",146.596406444512,5.24384110878403e-15,1.95925239585904e-11,0.0503239893056315,"muscle"
"15-6799307","ENSSSAG00000039347",-137.780389236253,8.6111276495396e-15,3.21303888365013e-11,-0.00789425162199271,"muscle"
"11-108710916","ENSSSAG00000115168",127.413588992169,1.60961408942971e-14,5.9897715690397e-11,0.0124738694736762,"muscle"
"11-108711158","ENSSSAG00000115168",127.413588992169,1.60961408942971e-14,5.9897715690397e-11,0.0124738694736762,"muscle"
"11-40243237","ENSSSAG00000112234",119.594881033914,2.67081034945114e-14,9.92542223228355e-11,0.245523841644702,"muscle"
"19-32263525","ENSSSAG00000041086",-101.732466659336,9.73494165687542e-14,3.61291312833518e-10,-0.0359235395904516,"muscle"
"21-56381384","ENSSSAG00000105227",100.572157093955,1.06698866407534e-13,3.94932392000977e-10,0.122171759332452,"muscle"
"21-56383808","ENSSSAG00000105227",100.572157093955,1.06698866407534e-13,3.94932392000977e-10,0.122171759332452,"muscle"
"1-156223214","ENSSSAG00000121259",-99.6218484208527,1.15112232296161e-13,4.25505306465847e-10,-0.0110991359078117,"muscle"
"11-107912113","ENSSSAG00000113051",98.6614002437557,1.24381389608462e-13,4.59155970002449e-10,0.0646351203483361,"muscle"
"15-22394250","ENSSSAG00000118918",93.125860119751,1.97339518911348e-13,7.26547239208472e-10,0.0229385772162011,"muscle"
"15-22394291","ENSSSAG00000118918",93.125860119751,1.97339518911348e-13,7.26547239208472e-10,0.0229385772162011,"muscle"
"13-9964848","ENSSSAG00000046114",92.1699419661204,2.14304793493941e-13,7.87962060798759e-10,0.158563778691557,"muscle"
"1-110735019","ENSSSAG00000024248",89.5791294988882,2.69156815728908e-13,9.88332775884645e-10,0.0359356751527973,"muscle"
"3-17078442","ENSSSAG00000093973",88.7820838099591,2.89087508576803e-13,1.06011333804923e-09,0.028174813165942,"muscle"
"5-15605543","ENSSSAG00000042382",-87.6315242605631,3.20853789721025e-13,1.17504922853831e-09,-0.00788728728282122,"muscle"
"9-84121760","ENSSSAG00000059939",-87.3847244750976,3.28168375032576e-13,1.20025158705236e-09,-0.0280513268691377,"muscle"
"18-36822932","ENSSSAG00000086779",87.154215971911,3.35169912959929e-13,1.21782604144992e-09,0.0581378210092855,"muscle"
"18-36822939","ENSSSAG00000086779",87.154215971911,3.35169912959929e-13,1.21782604144992e-09,0.0581378210092855,"muscle"
"18-36851259","ENSSSAG00000086779",87.154215971911,3.35169912959929e-13,1.21782604144992e-09,0.0581378210092855,"muscle"
"18-36878244","ENSSSAG00000086779",87.154215971911,3.35169912959929e-13,1.21782604144992e-09,0.0581378210092855,"muscle"
"18-36880690","ENSSSAG00000086779",87.154215971911,3.35169912959929e-13,1.21782604144992e-09,0.0581378210092855,"muscle"
"27-30377542","ENSSSAG00000106435",86.0236696855738,3.7203601863993e-13,1.34824345558172e-09,0.013033645308101,"muscle"
"27-30377593","ENSSSAG00000106435",86.0236696855738,3.7203601863993e-13,1.34824345558172e-09,0.013033645308101,"muscle"
"10-48367133","ENSSSAG00000094270",85.8583505233244,3.77799932073425e-13,1.36734426616865e-09,0.0328995231139194,"muscle"
"15-101096520","ENSSSAG00000089855",84.7306077629434,4.19908060522097e-13,1.51776179076814e-09,0.0313675704477028,"muscle"
"18-44496114","ENSSSAG00000103220",83.7705176718816,4.59946238256018e-13,1.66031548796624e-09,0.0519904554149853,"muscle"
"23-38863462","ENSSSAG00000113434",82.7498866588383,5.07286396622077e-13,1.82882287212079e-09,0.334549547681019,"muscle"
"10-124331903","ENSSSAG00000073281",79.8825394134635,6.7242562339133e-13,2.42101955333878e-09,0.081106520198737,"muscle"
"28-39130246","ENSSSAG00000118058",78.13111991644,8.02745738451105e-13,2.88647897579042e-09,1.5097563556772,"muscle"
"5-72090426","ENSSSAG00000074493",77.8864788727305,8.23115851341277e-13,2.95589112050921e-09,0.0332801437144075,"muscle"
"19-86983762","ENSSSAG00000109757",77.0207518059354,9.00013349666137e-13,3.22785654549363e-09,0.0156576920855326,"muscle"
"11-91995355","ENSSSAG00000107002",74.08065662107,1.22829292407324e-12,4.39952466912537e-09,0.0124858514202047,"muscle"
"4-38680539","ENSSSAG00000069791",71.1278251368182,1.69993151702538e-12,6.05754427077566e-09,0.0413571747587548,"muscle"
"4-38696842","ENSSSAG00000069791",71.1278251368182,1.69993151702538e-12,6.05754427077566e-09,0.0413571747587548,"muscle"
"4-38702243","ENSSSAG00000069791",71.1278251368182,1.69993151702538e-12,6.05754427077566e-09,0.0413571747587548,"muscle"
"4-38703842","ENSSSAG00000069791",71.1278251368182,1.69993151702538e-12,6.05754427077566e-09,0.0413571747587548,"muscle"
"2-21579594","ENSSSAG00000120112",-67.9859244576579,2.43872143468655e-12,8.67899634955473e-09,-0.0247552722680175,"muscle"
"3-56621004","ENSSSAG00000115489",67.4334801627702,2.60294637473004e-12,9.23972307312286e-09,0.0252627323753788,"muscle"
"3-56621981","ENSSSAG00000115489",-67.4334801627702,2.60294637473004e-12,9.23972307312286e-09,-0.0252627323753788,"muscle"
"28-31034203","ENSSSAG00000091127",66.9184847807912,2.76731498621362e-12,9.79809398264957e-09,0.0492411861386838,"muscle"
"28-31034745","ENSSSAG00000091127",66.9184847807912,2.76731498621362e-12,9.79809398264957e-09,0.0492411861386838,"muscle"
"11-108288843","ENSSSAG00000100798",64.6709023051643,3.63545576203020e-12,1.28554584659355e-08,0.00489100800044961,"muscle"
"9-160343974","ENSSSAG00000084294",63.7718176566081,4.06551065467522e-12,1.43578765449237e-08,0.0227317489730629,"muscle"
"2-22412395","ENSSSAG00000061388",63.3913785521559,4.26448846528686e-12,1.5041431351756e-08,0.017518895367928,"muscle"
"2-38288610","ENSSSAG00000082880",63.2254037149912,4.35471056064325e-12,1.53012552267143e-08,0.0604833308541549,"muscle"
"2-38299418","ENSSSAG00000082880",63.2254037149912,4.35471056064325e-12,1.53012552267143e-08,0.0604833308541549,"muscle"
"2-38302861","ENSSSAG00000082880",63.2254037149912,4.35471056064325e-12,1.53012552267143e-08,0.0604833308541549,"muscle"
"7-49731676","ENSSSAG00000031981",59.231239878878,7.33247000977673e-12,2.57316699363726e-08,0.0696376145543006,"muscle"
"2-72981980","ENSSSAG00000047799",-57.3246394005138,9.52106866172459e-12,3.33698290289384e-08,-0.0427703104831829,"muscle"
"23-20660556","ENSSSAG00000099297",56.9884898783686,9.97870609251401e-12,3.48416325979261e-08,0.0387327296290972,"muscle"
"23-20662766","ENSSSAG00000099297",56.9884898783686,9.97870609251401e-12,3.48416325979261e-08,0.0387327296290972,"muscle"
"23-20672264","ENSSSAG00000099297",56.9884898783686,9.97870609251401e-12,3.48416325979261e-08,0.0387327296290972,"muscle"
"1-3090930","ENSSSAG00000105589",55.8127378211841,1.17853162859271e-11,4.10461986352361e-08,0.0388354363790398,"muscle"
"1-3115105","ENSSSAG00000105589",-55.8127378211841,1.17853162859271e-11,4.10461986352361e-08,-0.0388354363790398,"muscle"
"6-94548193","ENSSSAG00000109286",53.5594153329854,1.63748444369305e-11,5.68877896027457e-08,0.0192005645016178,"muscle"
"6-94548193","ENSSSAG00000114247",53.5594153329854,1.63748444369305e-11,5.68877896027457e-08,0.0192005645016178,"muscle"
"8-24626493","ENSSSAG00000086954",52.2892740139921,1.98312052889955e-11,6.87232819095444e-08,0.0391929534815312,"muscle"
"8-24702218","ENSSSAG00000086954",-52.2892740139921,1.98312052889955e-11,6.87232819095444e-08,-0.0391929534815312,"muscle"
"5-75013610","ENSSSAG00000087453",48.7952613281139,3.44312131519417e-11,1.18872541377752e-07,0.0569215833332239,"muscle"
"5-75014820","ENSSSAG00000087453",-48.7952613281123,3.44312131519508e-11,1.18872541377752e-07,-0.0569215833332239,"muscle"
"5-75014924","ENSSSAG00000087453",-48.7952613281123,3.44312131519508e-11,1.18872541377752e-07,-0.0569215833332239,"muscle"
"6-75863933","ENSSSAG00000113310",48.544056884553,3.58781993527199e-11,1.23714144941949e-07,0.0150014290796814,"muscle"
"15-97131810","ENSSSAG00000112245",-43.2675599520187,8.97948906135318e-11,3.08859775806171e-07,-0.00443561432181615,"muscle"
"15-97416583","ENSSSAG00000112245",43.2675599520176,8.97948906135506e-11,3.08859775806171e-07,0.00221780716090808,"muscle"
"22-31117874","ENSSSAG00000103803",-43.2239258320165,9.05198331203193e-11,3.10967482570783e-07,-0.00873114070016835,"muscle"
"28-38727153","ENSSSAG00000081942",43.1926015950985,9.10443162519538e-11,3.11610862012917e-07,0.0209002941582384,"muscle"
"28-38744663","ENSSSAG00000081942",43.1926015950985,9.10443162519538e-11,3.11610862012917e-07,0.0104501470791192,"muscle"
"28-38744707","ENSSSAG00000081942",43.1926015950985,9.10443162519538e-11,3.11610862012917e-07,0.0104501470791192,"muscle"
"17-18681994","ENSSSAG00000089488",-43.0694971010826,9.31389035462164e-11,3.183867858562e-07,-0.0753967863530019,"muscle"
"12-25281637","ENSSSAG00000073615",41.5415283401736,1.24201497962038e-10,4.24048540201478e-07,0.085831411338242,"muscle"
"5-72578014","ENSSSAG00000002177",-36.7969498283219,3.26221600953075e-10,1.1124152579934e-06,-0.0864778616813413,"muscle"
"8-23732760","ENSSSAG00000004098",-36.6393672786995,3.37554878991978e-10,1.14682987759938e-06,-0.0696688651545363,"muscle"
"8-23737351","ENSSSAG00000004098",-36.6393672786995,3.37554878991978e-10,1.14682987759938e-06,-0.0348344325772681,"muscle"
"8-23719966","ENSSSAG00000004098",36.6393672786988,3.37554878992028e-10,1.14682987759938e-06,0.0696688651545363,"muscle"
"20-85689401","ENSSSAG00000064781",-36.3185434488026,3.62023169443588e-10,1.22845450590009e-06,-0.0436892109901606,"muscle"
"12-100183359","ENSSSAG00000086139",-35.7477286285388,4.10650846165842e-10,1.391759473961e-06,-0.621903613879329,"muscle"
"9-48677998","ENSSSAG00000082585",31.1893218295145,1.21440774371808e-09,4.11079097159243e-06,0.341695285718974,"muscle"
"2-18323520","ENSSSAG00000091362",-30.3202276051316,1.51988533895396e-09,5.13230475256626e-06,-0.239690174937956,"muscle"
"2-18323605","ENSSSAG00000091362",-30.3202276051316,1.51988533895396e-09,5.13230475256626e-06,-0.239690174937956,"muscle"
"15-105367118","ENSSSAG00000084524",-30.1742952297354,1.57921989588729e-09,5.30680862393587e-06,-0.180921944021942,"muscle"
"15-105402153","ENSSSAG00000084524",-30.1742952297354,1.57921989588729e-09,5.30680862393587e-06,-0.180921944021942,"muscle"
"15-105444974","ENSSSAG00000084524",-30.1742952297346,1.57921989588761e-09,5.30680862393587e-06,-0.180921944021941,"muscle"
"15-105341051","ENSSSAG00000084524",30.1742952297339,1.57921989588793e-09,5.30680862393587e-06,0.180921944021941,"muscle"
"26-33969799","ENSSSAG00000056187",28.9220804110919,2.21054327442272e-09,7.38355810293623e-06,0.0694692804413391,"muscle"
"26-33985155","ENSSSAG00000056187",28.9220804110919,2.21054327442272e-09,7.38355810293623e-06,0.0694692804413391,"muscle"
"26-33985163","ENSSSAG00000056187",28.9220804110919,2.21054327442272e-09,7.38355810293623e-06,0.0694692804413391,"muscle"
"26-33985844","ENSSSAG00000056187",28.9220804110919,2.21054327442272e-09,7.38355810293623e-06,0.0694692804413391,"muscle"
"26-33985849","ENSSSAG00000056187",28.9220804110919,2.21054327442272e-09,7.38355810293623e-06,0.0694692804413391,"muscle"
"12-48283028","ENSSSAG00000094572",27.7564039723898,3.06309041645478e-09,1.02188861506133e-05,0.244260026766649,"muscle"
"28-15395087","ENSSSAG00000096632",-25.7556873301493,5.53973017017035e-09,1.84369202916425e-05,-0.379991809888244,"muscle"
"28-15418762","ENSSSAG00000096632",-25.7556873301493,5.53973017017035e-09,1.84369202916425e-05,-0.379991809888244,"muscle"
"26-51766916","ENSSSAG00000101840",-23.9552491288431,9.8257245688974e-09,3.26620397702239e-05,-0.557345372739948,"muscle"
"17-14702841","ENSSSAG00000114141",21.6441122142245,2.18787413433876e-08,7.26408013290686e-05,0.070989583858855,"muscle"
"2-81923838","ENSSSAG00000094884",-21.3213640875677,2.46274748143321e-08,8.13771902557165e-05,-0.448396316038259,"muscle"
"2-81923787","ENSSSAG00000094884",21.3213640875676,2.46274748143334e-08,8.13771902557165e-05,0.448396316038258,"muscle"
"2-81924184","ENSSSAG00000094884",21.3213640875676,2.46274748143334e-08,8.13771902557165e-05,0.448396316038258,"muscle"
"2-81930756","ENSSSAG00000094884",21.3213640875676,2.46274748143334e-08,8.13771902557165e-05,0.448396316038258,"muscle"
"19-64227534","ENSSSAG00000110146",20.3888214853848,3.50166177960615e-08,0.000115294043940543,0.636899849683666,"muscle"
"19-64229226","ENSSSAG00000110146",20.3888214853848,3.50166177960615e-08,0.000115294043940543,0.636899849683666,"muscle"
"19-64285609","ENSSSAG00000110146",20.3888214853848,3.50166177960615e-08,0.000115294043940543,0.636899849683666,"muscle"
"6-4221948","ENSSSAG00000101225",19.0021240111961,6.08882023092376e-08,0.00020023977345168,0.623424716744692,"muscle"
"1-21761750","ENSSSAG00000099671",18.8497307948858,6.48572964486646e-08,0.000212787886161219,0.136376520347208,"muscle"
"1-21762239","ENSSSAG00000099671",18.8497307948858,6.48572964486646e-08,0.000212787886161219,0.136376520347208,"muscle"
"26-54118361","ENSSSAG00000100575",-18.4990951249559,7.51413156824071e-08,0.000246236936837461,-0.0553952599452389,"muscle"
"26-27279438","ENSSSAG00000074208",18.2807751571349,8.24646062509519e-08,0.000268963552215406,0.0456897209777837,"muscle"
"26-27342511","ENSSSAG00000074208",18.2807751571349,8.24646062509519e-08,0.000268963552215406,0.0456897209777837,"muscle"
"26-27342520","ENSSSAG00000074208",18.2807751571349,8.24646062509519e-08,0.000268963552215406,0.0456897209777837,"muscle"
"26-27374011","ENSSSAG00000074208",18.2807751571349,8.24646062509519e-08,0.000268963552215406,0.0456897209777837,"muscle"
"1-168787045","ENSSSAG00000100322",17.9827580519614,9.37891219615416e-08,0.000305539721149846,0.144021700753914,"muscle"
"21-50343263","ENSSSAG00000113490",17.5962801455354,1.11162914963406e-07,0.000361713817931438,0.150533074438929,"muscle"
"6-77720423","ENSSSAG00000098826",-17.5744177611784,1.12248676560983e-07,0.000364391406606129,-0.0781159308534531,"muscle"
"6-77741432","ENSSSAG00000098826",-17.5744177611784,1.12248676560983e-07,0.000364391406606129,-0.0781159308534531,"muscle"
"19-48058444","ENSSSAG00000099570",-17.1312316771932,1.37041388180928e-07,0.000444355338776894,-0.0374184621677337,"muscle"
"18-6046761","ENSSSAG00000085200",-17.0948678102309,1.39334197343898e-07,0.000450735397885893,-0.0994628619903356,"muscle"
"18-6064602","ENSSSAG00000085200",-17.0948678102309,1.39334197343898e-07,0.000450735397885893,-0.0994628619903356,"muscle"
"21-36192847","ENSSSAG00000048119",-16.3136501920298,2.00674617286728e-07,0.000648410327584961,-0.104077723212533,"muscle"
"2-84730261","ENSSSAG00000097260",-15.4055047014605,3.13302052352291e-07,0.00101114827182279,-0.304991019293306,"muscle"
"5-81289700","ENSSSAG00000097547",-15.0083940652585,3.83675508944034e-07,0.00123683109306431,-0.937268562296035,"muscle"
"11-105778992","ENSSSAG00000103006",14.941244939992,3.97246709492432e-07,0.00127909241914105,0.0884316928607133,"muscle"
"12-23067067","ENSSSAG00000108850",14.8724010777243,4.11721691217805e-07,0.00132416239500251,0.034914085417448,"muscle"
"19-70844989","ENSSSAG00000009390",14.7293611451443,4.43726937269556e-07,0.00142544270715362,0.0815141602046954,"muscle"
"6-90723916","ENSSSAG00000109866",-14.6825231501253,4.54805850819324e-07,0.00145934195555102,-0.205750174293539,"muscle"
"16-67339099","ENSSSAG00000047730",-14.6697611526118,4.578780437055e-07,0.00146750124743124,-1.47242092795956,"muscle"
"7-28256871","ENSSSAG00000068003",-14.44600553045,5.1570631911256e-07,0.00164902835520074,-0.0707486935511013,"muscle"
"7-28277502","ENSSSAG00000068003",14.4460055304499,5.15706319112572e-07,0.00164902835520074,0.0707486935511013,"muscle"
"16-77781283","ENSSSAG00000084038",-14.3891514522296,5.31674622300144e-07,0.00169813015433956,-0.0451085397574624,"muscle"
"8-23885498","ENSSSAG00000059275",14.1198563879855,6.15241477139794e-07,0.00196051929779026,0.097178255898455,"muscle"
"8-23868984","ENSSSAG00000059275",-14.1198563879855,6.15241477139809e-07,0.00196051929779026,-0.097178255898455,"muscle"
"13-46236475","ENSSSAG00000089046",13.901121887514,6.94026173321294e-07,0.00219392119390838,0.406692425218046,"muscle"
"13-46236516","ENSSSAG00000089046",13.901121887514,6.94026173321294e-07,0.00219392119390838,0.406692425218046,"muscle"
"13-46240282","ENSSSAG00000089046",13.901121887514,6.94026173321294e-07,0.00219392119390838,0.406692425218046,"muscle"
"13-46246373","ENSSSAG00000089046",13.901121887514,6.94026173321294e-07,0.00219392119390838,0.406692425218046,"muscle"
"13-46252207","ENSSSAG00000089046",13.901121887514,6.94026173321294e-07,0.00219392119390838,0.406692425218046,"muscle"
"13-46300840","ENSSSAG00000089046",13.901121887514,6.94026173321294e-07,0.00219392119390838,0.406692425218046,"muscle"
"13-46349195","ENSSSAG00000089046",13.901121887514,6.94026173321294e-07,0.00219392119390838,0.406692425218046,"muscle"
"23-2640638","ENSSSAG00000072851",-13.8481470485084,7.14767251227985e-07,0.00225691341552349,-1.13652749687146,"muscle"
"9-153704438","ENSSSAG00000085598",13.4786955560272,8.80313083905243e-07,0.00277647041136512,0.584233447714082,"muscle"
"2-79739374","ENSSSAG00000113485",13.2397609191503,1.01013036309681e-06,0.00318228829476571,0.163126157771204,"muscle"
"10-59668190","ENSSSAG00000111198",13.213569307736,1.02561985302498e-06,0.0032237592534205,0.262745108494107,"muscle"
"10-59766472","ENSSSAG00000111198",-13.213569307736,1.02561985302498e-06,0.0032237592534205,-0.262745108494107,"muscle"
"10-118803573","ENSSSAG00000086579",-13.0586603693514,1.12285434287601e-06,0.0035214045899673,-0.205111684188105,"muscle"
"10-118803608","ENSSSAG00000086579",-13.0586603693514,1.12285434287601e-06,0.0035214045899673,-0.205111684188105,"muscle"
"13-11178302","ENSSSAG00000094689",12.5675523761687,1.50636351077623e-06,0.00471879688753306,0.121803354718089,"muscle"
"2-72311870","ENSSSAG00000095248",-12.4821583970181,1.58702056189068e-06,0.00496585003084179,-0.154209067207874,"muscle"
"20-86633932","ENSSSAG00000064976",12.4582622863423,1.61044867133106e-06,0.00503347638618101,1.10105464142622,"muscle"
"15-3694479","ENSSSAG00000102715",-12.4127374091092,1.65616100291803e-06,0.00517052159578686,-0.260909067056395,"muscle"
"2-32779025","ENSSSAG00000048802",-12.1898251953649,1.90202034353818e-06,0.00592974115925219,-0.213960511057584,"muscle"
"10-32126418","ENSSSAG00000067925",-12.1884798731951,1.90362313842782e-06,0.00592974115925219,-0.246068683286949,"muscle"
"23-47441509","ENSSSAG00000105869",12.0296438280136,2.10392897748735e-06,0.00654633369049219,0.079680909677088,"muscle"
"9-146904703","ENSSSAG00000110261",-12.0143533411566,2.12442420859496e-06,0.00659529993481506,-0.0539079307562833,"muscle"
"9-146904722","ENSSSAG00000110261",-12.0143533411566,2.12442420859496e-06,0.00659529993481506,-0.0539079307562833,"muscle"
"7-41743278","ENSSSAG00000077009",-11.9645014158294,2.19281264691515e-06,0.00679999786645371,-1.42862908614751,"muscle"
"6-88968963","ENSSSAG00000043532",-11.9198182542118,2.25620879321131e-06,0.0069731918255016,-0.165591615413812,"muscle"
"6-88968431","ENSSSAG00000043532",11.9198182542117,2.25620879321139e-06,0.0069731918255016,0.165591615413812,"muscle"
"6-88969186","ENSSSAG00000043532",11.9198182542117,2.25620879321139e-06,0.0069731918255016,0.165591615413812,"muscle"
"23-49839916","ENSSSAG00000086055",11.8369101917522,2.37934464975457e-06,0.00734557480346261,0.10968877725517,"muscle"
"2-86281755","ENSSSAG00000108390",11.8057119885811,2.4276128754629e-06,0.00748557322546069,0.0308458089218891,"muscle"
"26-34755733","ENSSSAG00000094913",-11.8024053567179,2.43279260006281e-06,0.00748557322546069,-0.137183961903899,"muscle"
"26-34822641","ENSSSAG00000094913",11.8024053567178,2.43279260006301e-06,0.00748557322546069,0.137183961903899,"muscle"
"28-36888013","ENSSSAG00000054281",-11.7826129460583,2.46405640057536e-06,0.00752332050324967,-0.329896968429368,"muscle"
"28-36892444","ENSSSAG00000054281",-11.7826129460583,2.46405640057536e-06,0.00752332050324967,-0.329896968429368,"muscle"
"28-37001345","ENSSSAG00000054281",-11.7826129460583,2.46405640057536e-06,0.00752332050324967,-0.329896968429368,"muscle"
"28-37006181","ENSSSAG00000054281",-11.7826129460583,2.46405640057536e-06,0.00752332050324967,-0.329896968429368,"muscle"
"28-37013736","ENSSSAG00000054281",-11.7826129460583,2.46405640057536e-06,0.00752332050324967,-0.329896968429368,"muscle"
"28-37015386","ENSSSAG00000054281",-11.7826129460583,2.46405640057536e-06,0.00752332050324967,-0.329896968429368,"muscle"
"28-37017411","ENSSSAG00000054281",-11.7826129460583,2.46405640057536e-06,0.00752332050324967,-0.329896968429368,"muscle"
"14-48229720","ENSSSAG00000055861",-11.7623618460997,2.49651067470656e-06,0.00761402523905231,-0.139068905884371,"muscle"
"20-34488130","ENSSSAG00000072640",11.6803195290957,2.63297328173652e-06,0.00802139361009156,0.0838905640915352,"muscle"
"26-32167039","ENSSSAG00000078401",11.5473102728801,2.87230380369881e-06,0.00874091232909389,0.353668891247477,"muscle"
"9-155710911","ENSSSAG00000094429",11.4895233621971,2.9837877907164e-06,0.0090602863330219,0.228697645763327,"muscle"
"9-155711771","ENSSSAG00000094429",11.4895233621971,2.9837877907164e-06,0.0090602863330219,0.228697645763327,"muscle"
"23-43046880","ENSSSAG00000096782",11.4237905144435,3.11652398824271e-06,0.00945298668687191,0.0550591349626711,"muscle"
"15-104644450","ENSSSAG00000081943",11.3960419806952,3.17452902022244e-06,0.00960790269007015,0.0574902200134596,"muscle"
"15-104644670","ENSSSAG00000081943",11.3960419806952,3.17452902022244e-06,0.00960790269007015,0.0574902200134596,"muscle"
"12-5662916","ENSSSAG00000084780",-11.3618898647915,3.24758376018602e-06,0.00981828859137705,-0.00923583520738815,"muscle"
"9-132560321","ENSSSAG00000067864",11.3324310892274,3.31211118146498e-06,0.00999516040976661,0.262466267870823,"muscle"
"16-59027512","ENSSSAG00000103676",-11.3318952488575,3.3132981029941e-06,0.00999516040976661,-0.136284813410173,"muscle"
"22-60333601","ENSSSAG00000101220",-11.2774322150313,3.43645536521102e-06,0.0103554183328045,-1.7311155211241,"muscle"
"11-93217572","ENSSSAG00000004473",-11.2740046358676,3.44437566488259e-06,0.0103680157900633,-1.76854455497283,"muscle"
"3-5200757","ENSSSAG00000111502",-11.2275853271976,3.55367387752327e-06,0.0106854155609547,-0.0595651474474741,"muscle"
"6-72231509","ENSSSAG00000002396",-11.2250909223824,3.55965601241273e-06,0.0106918067098984,-0.933225802648635,"muscle"
"27-13178561","ENSSSAG00000056748",11.0882522315511,3.90574153029386e-06,0.0117059464983114,0.0869366356060652,"muscle"
"27-13183753","ENSSSAG00000056748",11.0882522315511,3.90574153029386e-06,0.0117059464983114,0.0869366356060652,"muscle"
"24-32271876","ENSSSAG00000114032",-11.0180392652093,4.09780876157228e-06,0.0122683305250118,-0.0785752170415067,"muscle"
"24-46534595","ENSSSAG00000082180",10.9681411874963,4.24072154625778e-06,0.0126688311676889,0.0290575434680377,"muscle"
"24-46539517","ENSSSAG00000082180",10.9681411874963,4.24072154625778e-06,0.0126688311676889,0.0290575434680377,"muscle"
"20-81616397","ENSSSAG00000051457",-10.966033853108,4.24687858389759e-06,0.0126735679845191,-0.0192570113845411,"muscle"
"17-81750878","ENSSSAG00000104139",-10.9027358846931,4.43655715668472e-06,0.0132253721135856,-0.0573934570481956,"muscle"
"28-22586852","ENSSSAG00000100465",-10.8317673662872,4.66056355112433e-06,0.0138782121258055,-0.428253782396039,"muscle"
"10-39906796","ENSSSAG00000118532",-10.8156073746233,4.71332041542337e-06,0.0140202520106977,-0.0193380131143363,"muscle"
"22-6433392","ENSSSAG00000066839",-10.7770563231469,4.84189239728082e-06,0.0143718615715858,-0.606875095784705,"muscle"
"22-6433610","ENSSSAG00000066839",-10.7770563231469,4.84189239728082e-06,0.0143718615715858,-0.606875095784705,"muscle"
"5-72319003","ENSSSAG00000003236",-10.6680264845628,5.22724408778564e-06,0.0154990806145954,-0.0185347891758558,"muscle"
"3-6988796","ENSSSAG00000059977",-10.6016605418138,5.47852600160585e-06,0.0161921924429701,-1.38760695898576,"muscle"
"3-6988797","ENSSSAG00000059977",-10.6016605418138,5.47852600160585e-06,0.0161921924429701,-1.38760695898576,"muscle"
"3-6996743","ENSSSAG00000059977",-10.6016605418138,5.47852600160585e-06,0.0161921924429701,-1.38760695898576,"muscle"
"26-20390614","ENSSSAG00000108510",10.6000860115241,5.4846493455777e-06,0.0161930270879405,0.191844324320396,"muscle"
"11-93530726","ENSSSAG00000006766",10.5621402673125,5.63455771159424e-06,0.0166179231340706,0.210411977683581,"muscle"
"2-74104919","ENSSSAG00000000398",-10.5018957120613,5.88205409773542e-06,0.017329425244124,-0.136415278699498,"muscle"
"5-86109331","ENSSSAG00000059976",-10.4756973694311,5.99345163273463e-06,0.0176201694289794,-0.293434884451757,"muscle"
"5-86109575","ENSSSAG00000059976",-10.4756973694311,5.99345163273463e-06,0.0176201694289794,-0.293434884451757,"muscle"
"11-105527084","ENSSSAG00000118262",10.4313702148482,6.18734180930301e-06,0.0181709185708085,0.0331109067725098,"muscle"
"5-15614297","ENSSSAG00000044218",10.42304596804,6.22452857806966e-06,0.0182524878490717,0.43488065159536,"muscle"
"1-6156949","ENSSSAG00000056816",10.4222083145893,6.22828441545784e-06,0.0182524878490717,0.188863386884816,"muscle"
"9-49435818","ENSSSAG00000103760",-10.4172990441669,6.25034735907902e-06,0.0182978027916032,-0.0986582051286169,"muscle"
"7-51349151","ENSSSAG00000033335",-10.3866114583601,6.39025583853815e-06,0.0186876493445133,-0.33766088781123,"muscle"
"15-31397871","ENSSSAG00000112623",10.3705859735752,6.46470568375259e-06,0.0188655695195075,0.0223540200992412,"muscle"
"15-31400655","ENSSSAG00000112623",10.3705859735752,6.46470568375259e-06,0.0188655695195075,0.0223540200992412,"muscle"
"1-164527240","ENSSSAG00000090744",-10.3240094926717,6.68664373985149e-06,0.0194722440679188,-0.852558529969871,"muscle"
"1-164599579","ENSSSAG00000090744",-10.3240094926717,6.68664373985149e-06,0.0194722440679188,-0.426279264984935,"muscle"
"16-86557986","ENSSSAG00000103588",10.3128478387833,6.74108474493767e-06,0.0195896275994217,0.536151263262939,"muscle"
"16-86559252","ENSSSAG00000103588",10.3128478387833,6.74108474493767e-06,0.0195896275994217,0.536151263262939,"muscle"
"15-31178556","ENSSSAG00000097005",-10.2792095481333,6.90817238569089e-06,0.0200541640228796,-0.0898467103814677,"muscle"
"4-26880357","ENSSSAG00000101677",-10.2592061937827,7.00972279377773e-06,0.0203276755053881,-0.0631426964678788,"muscle"
"18-54549654","ENSSSAG00000049102",10.2500189262472,7.05692124204425e-06,0.0204431634378634,1.64475806901907,"muscle"
"15-15962653","ENSSSAG00000117369",-10.1339774500628,7.68464883198293e-06,0.0222383870686038,-0.27684101872782,"muscle"
"21-20319340","ENSSSAG00000047787",10.0691251432076,8.06247263474883e-06,0.0233074313837545,0.444194730975928,"muscle"
"13-5374885","ENSSSAG00000041614",-10.0479996019396,8.18999118153034e-06,0.0235288601681874,-0.151760066245882,"muscle"
"13-5377296","ENSSSAG00000041614",-10.0479996019396,8.18999118153034e-06,0.0235288601681874,-0.151760066245882,"muscle"
"13-5379968","ENSSSAG00000041614",-10.0479996019396,8.18999118153034e-06,0.0235288601681874,-0.151760066245882,"muscle"
"13-5467166","ENSSSAG00000041614",-10.0479996019396,8.18999118153034e-06,0.0235288601681874,-0.151760066245882,"muscle"
"13-5614641","ENSSSAG00000041614",-10.0479996019396,8.18999118153034e-06,0.0235288601681874,-0.151760066245882,"muscle"
"13-5615517","ENSSSAG00000041614",-10.0479996019396,8.18999118153034e-06,0.0235288601681874,-0.151760066245882,"muscle"
"17-82822962","ENSSSAG00000120452",-10.0350438963682,8.26930772613473e-06,0.0237321341812499,-0.0378613826257245,"muscle"
"9-54500525","ENSSSAG00000093538",10.0098822937076,8.42581201730319e-06,0.0241562802524489,0.925563537690661,"muscle"
"2-27993655","ENSSSAG00000055096",-9.99000580865752,8.55178181072666e-06,0.0244920999127583,-0.0353648273871605,"muscle"
"15-27265803","ENSSSAG00000062548",9.9807486502422,8.61116663166415e-06,0.0246113267802009,0.111722130455401,"muscle"
"15-27266690","ENSSSAG00000062548",9.9807486502422,8.61116663166415e-06,0.0246113267802009,0.111722130455401,"muscle"
"16-4366228","ENSSSAG00000071286",-9.96810280511059,8.69303514920467e-06,0.0248197254811117,-1.15685133026065,"muscle"
"11-10324181","ENSSSAG00000079826",9.95203731255423,8.79829785014352e-06,0.0250944200417598,0.253316002095634,"muscle"
"7-65681429","ENSSSAG00000107747",-9.93028761965301,8.94307779095637e-06,0.0254811448192439,-0.0563671485371076,"muscle"
"15-76731131","ENSSSAG00000052849",9.90905453382779,9.08698827650185e-06,0.025838072945237,0.169188677488523,"muscle"
"15-76743801","ENSSSAG00000052849",9.90905453382779,9.08698827650185e-06,0.025838072945237,0.169188677488523,"muscle"
"3-61396117","ENSSSAG00000004038",9.90581183526806,9.10919280695017e-06,0.0258746715013313,0.114620854116862,"muscle"
"5-18252281","ENSSSAG00000049958",9.85993280621825,9.42992882379597e-06,0.026730945957204,0.750595118287696,"muscle"
"5-18254409","ENSSSAG00000049958",9.85993280621825,9.42992882379597e-06,0.026730945957204,0.750595118287696,"muscle"
"19-51191965","ENSSSAG00000052318",9.85327425050812,9.47751688279354e-06,0.02683840133009,0.465518856546186,"muscle"
"8-23733780","ENSSSAG00000004098",-9.84764964770334,9.51792423477252e-06,0.0269253238529211,-0.0419550418480322,"muscle"
"14-16287299","ENSSSAG00000074257",9.82906455195222,9.65281352082157e-06,0.0272790773245318,0.221160087039166,"muscle"
"6-72808648","ENSSSAG00000109266",-9.79060392320986,9.93878639156295e-06,0.0280016115224952,-0.124597916055945,"muscle"
"6-72809022","ENSSSAG00000109266",-9.79060392320986,9.93878639156295e-06,0.0280016115224952,-0.124597916055945,"muscle"
"6-72911689","ENSSSAG00000109266",-9.79060392320986,9.93878639156295e-06,0.0280016115224952,-0.124597916055945,"muscle"
"2-9926114","ENSSSAG00000112961",9.76384391401072,1.01433351412772e-05,0.0285488956029257,0.0548178640734368,"muscle"
"26-33702076","ENSSSAG00000054809",-9.7601173401533,1.01721912087721e-05,0.0285720979550406,-0.0443922849287642,"muscle"
"26-33728575","ENSSSAG00000054809",9.76011734015325,1.01721912087725e-05,0.0285720979550406,0.0443922849287641,"muscle"
"27-13291285","ENSSSAG00000091504",9.72540719597137,1.0445407104574e-05,0.0293098229077091,0.326702140523657,"muscle"
"13-46216786","ENSSSAG00000089046",9.70419090834087,1.06164350320428e-05,0.0296397288176718,0.186680443422447,"muscle"
"13-46316394","ENSSSAG00000089046",9.70419090834087,1.06164350320428e-05,0.0296397288176718,0.186680443422447,"muscle"
"13-46327713","ENSSSAG00000089046",9.70419090834087,1.06164350320428e-05,0.0296397288176718,0.186680443422447,"muscle"
"13-46361919","ENSSSAG00000089046",9.70419090834087,1.06164350320428e-05,0.0296397288176718,0.186680443422447,"muscle"
"13-46384112","ENSSSAG00000089046",9.70419090834087,1.06164350320428e-05,0.0296397288176718,0.186680443422447,"muscle"
"19-8834994","ENSSSAG00000077566",9.62667010009839,1.12684351314496e-05,0.031396793466871,0.339498275218682,"muscle"
"19-8866048","ENSSSAG00000077566",9.62667010009839,1.12684351314496e-05,0.031396793466871,0.339498275218682,"muscle"
"18-37552149","ENSSSAG00000095639",-9.60843155659767,1.14282468497539e-05,0.0315893624780917,-0.0594463409111176,"muscle"
"18-37572215","ENSSSAG00000095639",-9.60843155659767,1.14282468497539e-05,0.0315893624780917,-0.0594463409111176,"muscle"
"18-37595034","ENSSSAG00000095639",-9.60843155659767,1.14282468497539e-05,0.0315893624780917,-0.0297231704555588,"muscle"
"18-37635485","ENSSSAG00000095639",-9.60843155659767,1.14282468497539e-05,0.0315893624780917,-0.0594463409111176,"muscle"
"18-37641534","ENSSSAG00000095639",-9.60843155659767,1.14282468497539e-05,0.0315893624780917,-0.0594463409111176,"muscle"
"6-14853603","ENSSSAG00000107210",9.606076342447,1.14490676482126e-05,0.0315893624780917,0.595796148266525,"muscle"
"6-14902346","ENSSSAG00000107210",-9.60607634244696,1.1449067648213e-05,0.0315893624780917,-0.595796148266525,"muscle"
"6-14902655","ENSSSAG00000107210",-9.60607634244696,1.1449067648213e-05,0.0315893624780917,-0.595796148266525,"muscle"
"16-73258977","ENSSSAG00000120665",-9.60535576648744,1.14554462059187e-05,0.0315893624780917,-0.537422413000428,"muscle"
"6-93827221","ENSSSAG00000002210",-9.60323039174875,1.14742831804733e-05,0.0315893624780917,-0.300164268993069,"muscle"
"6-93827224","ENSSSAG00000002210",-9.60323039174875,1.14742831804733e-05,0.0315893624780917,-0.300164268993069,"muscle"
"6-93914314","ENSSSAG00000002210",9.60323039174875,1.14742831804733e-05,0.0315893624780917,0.300164268993069,"muscle"
"24-44844927","ENSSSAG00000088764",9.57215715426491,1.17536644087657e-05,0.0323264133895724,0.0619910320458954,"muscle"
"10-65144924","ENSSSAG00000120239",-9.54188691351516,1.20331403228041e-05,0.0330622635064214,-0.145796541625491,"muscle"
"26-49931633","ENSSSAG00000112080",-9.4755170985323,1.26722287282975e-05,0.0347150071127394,-1.24989643171007,"muscle"
"26-49932032","ENSSSAG00000112080",-9.4755170985323,1.26722287282975e-05,0.0347150071127394,-1.24989643171007,"muscle"
"26-49932122","ENSSSAG00000112080",-9.4755170985323,1.26722287282975e-05,0.0347150071127394,-1.24989643171007,"muscle"
"3-50943549","ENSSSAG00000086723",9.47053599980792,1.27216988958055e-05,0.0347475219488765,0.243855965231842,"muscle"
"3-50944014","ENSSSAG00000086723",9.47053599980792,1.27216988958055e-05,0.0347475219488765,0.243855965231842,"muscle"
"3-50944028","ENSSSAG00000086723",9.47053599980792,1.27216988958055e-05,0.0347475219488765,0.243855965231842,"muscle"
"14-34014914","ENSSSAG00000089818",-9.45282368241918,1.28993625954854e-05,0.0351981072883655,-0.20992508546648,"muscle"
"7-41096018","ENSSSAG00000068778",-9.44455583417748,1.29832392227275e-05,0.0353573778105157,-1.18826913364677,"muscle"
"7-41096809","ENSSSAG00000068778",-9.44455583417748,1.29832392227275e-05,0.0353573778105157,-1.18826913364677,"muscle"
"24-19435856","ENSSSAG00000116032",9.43858394039415,1.30442018899268e-05,0.0354885369787035,0.052133889319069,"muscle"
"22-53788921","ENSSSAG00000043031",9.43655292995393,1.30650076670954e-05,0.0355102937654028,0.876792035396243,"muscle"
"12-91901419","ENSSSAG00000084427",9.42042649275277,1.32315273812591e-05,0.0359276660855618,0.157697059702292,"muscle"
"13-3774618","ENSSSAG00000113390",9.36210137058014,1.38538458870797e-05,0.0375806445345224,0.212957927682575,"muscle"
"13-110243405","ENSSSAG00000087039",-9.31174464249456,1.44174674654271e-05,0.0390331671493751,-0.254097377618848,"muscle"
"13-110243684","ENSSSAG00000087039",-9.31174464249456,1.44174674654271e-05,0.0390331671493751,-0.254097377618848,"muscle"
"2-31150602","ENSSSAG00000089081",-9.2754816067722,1.48391777243966e-05,0.0401165987264971,-0.104446527898245,"muscle"
"18-81617252","ENSSSAG00000088220",-9.27485458857679,1.48465893814861e-05,0.0401165987264971,-0.631091812795849,"muscle"
"5-57379096","ENSSSAG00000043115",9.26486307758194,1.49652524063495e-05,0.0403978609916674,0.0852639868730061,"muscle"
"13-113434430","ENSSSAG00000089414",-9.24157958132583,1.52459004000204e-05,0.041115420048724,-0.958953735753635,"muscle"
"2-71921688","ENSSSAG00000086587",-9.20084939884312,1.57510619994574e-05,0.0424364683789055,-0.102657800641456,"muscle"
"2-28777544","ENSSSAG00000091675",9.15891563908761,1.62907246951361e-05,0.0438478140809146,0.0306157274851744,"muscle"
"21-11454773","ENSSSAG00000086387",9.1301543435601,1.66727742474078e-05,0.044832604807509,0.0216060865713903,"muscle"
"3-95873026","ENSSSAG00000093084",-9.08248894194848,1.73281209385139e-05,0.0465496629780517,-1.36972874727778,"muscle"
"11-98050301","ENSSSAG00000117167",9.07793452192991,1.73922267733702e-05,0.0466766453614623,0.0226084692327543,"muscle"
"12-82763482","ENSSSAG00000082872",9.03412325150511,1.80225752933775e-05,0.0482748870922848,0.042979326484872,"muscle"
"12-82763479","ENSSSAG00000082872",-9.03412325150509,1.80225752933778e-05,0.0482748870922848,-0.042979326484872,"muscle"
